,adj_close,capital_gains,close,dividends,high,low,open,stock_splits,volume
2010-01-04,84.57845306396484,0.0,113.33000183105469,0.0,113.38999938964844,111.51000213623047,112.37000274658203,0.0,118944600
2010-01-05,84.8023910522461,0.0,113.62999725341797,0.0,113.68000030517578,112.8499984741211,113.26000213623047,0.0,111579900
2010-01-06,84.8620834350586,0.0,113.70999908447266,0.0,113.98999786376953,113.43000030517578,113.5199966430664,0.0,116074400
2010-01-07,85.22029113769531,0.0,114.19000244140625,0.0,114.33000183105469,113.18000030517578,113.5,0.0,131091100
2010-01-08,85.50389099121094,0.0,114.56999969482422,0.0,114.62000274658203,113.66000366210938,113.88999938964844,0.0,126402800
2010-01-11,85.6233139038086,0.0,114.7300033569336,0.0,115.12999725341797,114.23999786376953,115.08000183105469,0.0,106375700
2010-01-12,84.82475280761719,0.0,113.66000366210938,0.0,114.20999908447266,113.22000122070312,113.97000122070312,0.0,163333500
2010-01-13,85.5412368774414,0.0,114.62000274658203,0.0,114.94000244140625,113.37000274658203,113.94999694824219,0.0,161822000
2010-01-14,85.77254486083984,0.0,114.93000030517578,0.0,115.13999938964844,114.41999816894531,114.48999786376953,0.0,115718800
2010-01-15,84.80982208251953,0.0,113.63999938964844,0.0,114.83999633789062,113.19999694824219,114.7300033569336,0.0,212283100
2010-01-19,85.86958312988281,0.0,115.05999755859375,0.0,115.12999725341797,113.58999633789062,113.62000274658203,0.0,139172700
2010-01-20,84.99639129638672,0.0,113.88999938964844,0.0,114.44999694824219,112.9800033569336,114.27999877929688,0.0,216490200
2010-01-21,83.36199951171875,0.0,111.69999694824219,0.0,114.2699966430664,111.55999755859375,113.91999816894531,0.0,344859600
2010-01-22,81.50371551513672,0.0,109.20999908447266,0.0,111.73999786376953,109.08999633789062,111.19999694824219,0.0,345942400
2010-01-25,81.92163848876953,0.0,109.7699966430664,0.0,110.41000366210938,109.41000366210938,110.20999908447266,0.0,186937500
2010-01-26,81.5783462524414,0.0,109.30999755859375,0.0,110.47000122070312,109.04000091552734,109.33999633789062,0.0,211168800
2010-01-27,81.96640014648438,0.0,109.83000183105469,0.0,110.08000183105469,108.33000183105469,109.16999816894531,0.0,271863600
2010-01-28,81.02607727050781,0.0,108.56999969482422,0.0,110.25,107.91000366210938,110.19000244140625,0.0,316104000
2010-01-29,80.14543914794922,0.0,107.38999938964844,0.0,109.80000305175781,107.22000122070312,109.04000091552734,0.0,310677600
2010-02-01,81.39175415039062,0.0,109.05999755859375,0.0,109.06999969482422,107.5,108.1500015258789,0.0,187865000
2010-02-02,82.37689971923828,0.0,110.37999725341797,0.0,110.58999633789062,108.87999725341797,109.26000213623047,0.0,216327900
2010-02-03,81.96640014648438,0.0,109.83000183105469,0.0,110.4800033569336,109.51000213623047,109.87999725341797,0.0,172730700
2010-02-04,79.43644714355469,0.0,106.44000244140625,0.0,109.02999877929688,106.41999816894531,108.9800033569336,0.0,356715700
2010-02-05,79.60065460205078,0.0,106.66000366210938,0.0,106.87999725341797,104.58000183105469,106.55999755859375,0.0,493585800
2010-02-08,79.02597045898438,0.0,105.88999938964844,0.0,107.33000183105469,105.80999755859375,106.73999786376953,0.0,224166900
2010-02-09,80.01856231689453,0.0,107.22000122070312,0.0,108.1500015258789,106.2699966430664,107.12999725341797,0.0,337820500
2010-02-10,79.86186981201172,0.0,107.01000213623047,0.0,107.5999984741211,106.11000061035156,107.05000305175781,0.0,240511500
2010-02-11,80.69770050048828,0.0,108.12999725341797,0.0,108.25,106.25,106.87000274658203,0.0,223591600
2010-02-12,80.63055419921875,0.0,108.04000091552734,0.0,108.0999984741211,106.51000213623047,106.98999786376953,0.0,304622100
2010-02-16,81.89925384521484,0.0,109.73999786376953,0.0,109.8499984741211,107.81999969482422,108.86000061035156,0.0,159317500
2010-02-17,82.28733825683594,0.0,110.26000213623047,0.0,110.41000366210938,109.73999786376953,110.2699966430664,0.0,168845100
2010-02-18,82.7724609375,0.0,110.91000366210938,0.0,111.13999938964844,110.04000091552734,110.08000183105469,0.0,193708600
2010-02-19,82.94406127929688,0.0,111.13999938964844,0.0,111.56999969482422,110.36000061035156,110.62000274658203,0.0,222684900
2010-02-22,82.95899963378906,0.0,111.16000366210938,0.0,111.58000183105469,110.83000183105469,111.55000305175781,0.0,132346900
2010-02-23,81.95149230957031,0.0,109.80999755859375,0.0,111.19999694824219,109.5199966430664,110.86000061035156,0.0,207497000
2010-02-24,82.70526123046875,0.0,110.81999969482422,0.0,111.0,109.86000061035156,110.13999938964844,0.0,176350700
2010-02-25,82.59331512451172,0.0,110.66999816894531,0.0,110.75,108.94000244140625,109.23999786376953,0.0,259634700
2010-02-26,82.64555358886719,0.0,110.73999786376953,0.0,111.12000274658203,110.11000061035156,110.7699966430664,0.0,173589300
2010-03-01,83.50379943847656,0.0,111.88999938964844,0.0,112.0,111.16999816894531,111.19999694824219,0.0,147709700
2010-03-02,83.73516082763672,0.0,112.19999694824219,0.0,112.73999786376953,112.0,112.37000274658203,0.0,160992400
2010-03-03,83.8097915649414,0.0,112.30000305175781,0.0,112.97000122070312,112.0199966430664,112.48999786376953,0.0,150785000
2010-03-04,84.06352996826172,0.0,112.63999938964844,0.0,112.80000305175781,112.02999877929688,112.44999694824219,0.0,135770400
2010-03-05,85.26509857177734,0.0,114.25,0.0,114.33999633789062,113.0999984741211,113.37000274658203,0.0,176118800
2010-03-08,85.2800064086914,0.0,114.2699966430664,0.0,114.5199966430664,114.06999969482422,114.26000213623047,0.0,114631200
2010-03-09,85.42179107666016,0.0,114.45999908447266,0.0,114.98999786376953,113.87000274658203,113.93000030517578,0.0,154556700
2010-03-10,85.80242156982422,0.0,114.97000122070312,0.0,115.27999877929688,114.41000366210938,114.51000213623047,0.0,186088800
2010-03-11,86.16064453125,0.0,115.44999694824219,0.0,115.4800033569336,114.3499984741211,114.69999694824219,0.0,160791100
2010-03-12,86.16814422607422,0.0,115.45999908447266,0.0,115.97000122070312,115.13999938964844,115.94999694824219,0.0,162074800
2010-03-15,86.19048309326172,0.0,115.48999786376953,0.0,115.56999969482422,114.5999984741211,115.26000213623047,0.0,146816800
2010-03-16,86.87711334228516,0.0,116.41000366210938,0.0,116.5199966430664,115.48999786376953,115.80999755859375,0.0,168673000
2010-03-17,87.39200592041016,0.0,117.0999984741211,0.0,117.4800033569336,116.41999816894531,116.76000213623047,0.0,177468100
2010-03-18,87.34723663330078,0.0,117.04000091552734,0.0,117.2699966430664,116.56999969482422,117.11000061035156,0.0,196509100
2010-03-19,86.90514373779297,0.0,115.97000122070312,0.48,117.29000091552734,115.5199966430664,115.97000122070312,0.0,226641100
2010-03-22,87.36971282958984,0.0,116.58999633789062,0.0,116.80000305175781,115.23999786376953,115.30999755859375,0.0,184477800
2010-03-23,87.98423767089844,0.0,117.41000366210938,0.0,117.51000213623047,116.37999725341797,116.76000213623047,0.0,182941600
2010-03-24,87.55706787109375,0.0,116.83999633789062,0.0,117.43000030517578,115.58000183105469,116.97000122070312,0.0,196072600
2010-03-25,87.41471099853516,0.0,116.6500015258789,0.0,118.16999816894531,116.51000213623047,117.62999725341797,0.0,223396300
2010-03-26,87.36226654052734,0.0,116.58000183105469,0.0,117.41999816894531,116.12000274658203,116.87000274658203,0.0,205808500
2010-03-29,87.91679382324219,0.0,117.31999969482422,0.0,117.52999877929688,116.69000244140625,117.16999816894531,0.0,134513500
2010-03-30,87.97672271728516,0.0,117.4000015258789,0.0,117.83000183105469,116.91000366210938,117.45999908447266,0.0,145772500
2010-03-31,87.6769790649414,0.0,117.0,0.0,117.5199966430664,116.61000061035156,116.94999694824219,0.0,161078700
2010-04-01,88.27649688720703,0.0,117.80000305175781,0.0,118.25,117.0999984741211,117.80000305175781,0.0,161215200
2010-04-05,88.9958724975586,0.0,118.76000213623047,0.0,118.83999633789062,117.91999816894531,118.25,0.0,105847600
2010-04-06,89.20571899414062,0.0,119.04000091552734,0.0,119.25,118.29000091552734,118.41999816894531,0.0,110384200
2010-04-07,88.69615173339844,0.0,118.36000061035156,0.0,119.36000061035156,117.80999755859375,118.80000305175781,0.0,184576300
2010-04-08,89.00337219238281,0.0,118.7699966430664,0.0,118.97000122070312,117.5999984741211,117.94999694824219,0.0,158704000
2010-04-09,89.58792877197266,0.0,119.55000305175781,0.0,119.5999984741211,118.80000305175781,119.0199966430664,0.0,133006500
2010-04-12,89.73030853271484,0.0,119.73999786376953,0.0,120.05000305175781,119.55999755859375,119.69999694824219,0.0,110279000
2010-04-13,89.79774475097656,0.0,119.83000183105469,0.0,120.04000091552734,119.0,119.62000274658203,0.0,125043600
2010-04-14,90.81685638427734,0.0,121.19000244140625,0.0,121.19000244140625,120.08000183105469,120.2699966430664,0.0,161609000
2010-04-15,90.89179229736328,0.0,121.29000091552734,0.0,121.56999969482422,120.94999694824219,120.98999786376953,0.0,144615300
2010-04-16,89.44551086425781,0.0,119.36000061035156,0.0,121.29000091552734,118.75,120.86000061035156,0.0,366786700
2010-04-19,89.78273010253906,0.0,119.80999755859375,0.0,119.93000030517578,118.47000122070312,119.01000213623047,0.0,217947800
2010-04-20,90.58455657958984,0.0,120.87999725341797,0.0,120.9800033569336,119.87000274658203,120.55999755859375,0.0,157708000
2010-04-21,90.4197006225586,0.0,120.66000366210938,0.0,121.2300033569336,119.98999786376953,120.94999694824219,0.0,192910100
2010-04-22,90.689453125,0.0,121.0199966430664,0.0,121.16999816894531,119.12000274658203,119.80999755859375,0.0,115360300
2010-04-23,91.281494140625,0.0,121.80999755859375,0.0,121.86000061035156,120.62999725341797,120.94000244140625,0.0,177335500
2010-04-26,90.9367904663086,0.0,121.3499984741211,0.0,122.12000274658203,121.2300033569336,121.8499984741211,0.0,143457300
2010-04-27,88.78606414794922,0.0,118.4800033569336,0.0,121.33999633789062,118.25,120.6500015258789,0.0,355853300
2010-04-28,89.46047973632812,0.0,119.37999725341797,0.0,119.68000030517578,118.2699966430664,119.05000305175781,0.0,300674100
2010-04-29,90.56956481933594,0.0,120.86000061035156,0.0,121.11000061035156,120.06999969482422,120.0999984741211,0.0,193775000
2010-04-30,89.03337097167969,0.0,118.80999755859375,0.0,121.01000213623047,118.77999877929688,120.87999725341797,0.0,270000900
2010-05-03,90.18739318847656,0.0,120.3499984741211,0.0,120.68000030517578,119.19999694824219,119.37999725341797,0.0,182747900
2010-05-04,88.06666564941406,0.0,117.5199966430664,0.0,119.02999877929688,116.91999816894531,119.01000213623047,0.0,360353400
2010-05-05,87.5420913696289,0.0,116.81999969482422,0.0,117.80000305175781,115.97000122070312,116.55999755859375,0.0,328973200
2010-05-06,84.63453674316406,0.0,112.94000244140625,0.0,117.0,105.0,116.26000213623047,0.0,647356600
2010-05-07,83.37556457519531,0.0,111.26000213623047,0.0,113.7699966430664,109.41000366210938,112.63999938964844,0.0,637558800
2010-05-10,87.04750061035156,0.0,116.16000366210938,0.0,116.6500015258789,114.91000366210938,115.80999755859375,0.0,396159600
2010-05-11,86.80022430419922,0.0,115.83000183105469,0.0,117.36000061035156,114.91000366210938,115.06999969482422,0.0,317849800
2010-05-12,88.01419830322266,0.0,117.44999694824219,0.0,117.62000274658203,116.08999633789062,116.29000091552734,0.0,235607100
2010-05-13,86.92011260986328,0.0,115.98999786376953,0.0,117.68000030517578,115.88999938964844,117.12999725341797,0.0,234452500
2010-05-14,85.34644317626953,0.0,113.88999938964844,0.0,115.33000183105469,112.87000274658203,115.12000274658203,0.0,345601400
2010-05-17,85.39136505126953,0.0,113.94999694824219,0.0,114.5199966430664,111.7699966430664,114.19999694824219,0.0,325739800
2010-05-18,84.22987365722656,0.0,112.4000015258789,0.0,115.22000122070312,112.02999877929688,114.87999725341797,0.0,360556800
2010-05-19,83.75028228759766,0.0,111.76000213623047,0.0,112.7699966430664,110.36000061035156,111.7699966430664,0.0,394742700
2010-05-20,80.587890625,0.0,107.54000091552734,0.0,109.88999938964844,107.47000122070312,109.37999725341797,0.0,530418300
2010-05-21,81.76441192626953,0.0,109.11000061035156,0.0,109.37999725341797,105.36000061035156,105.91000366210938,0.0,500909400
2010-05-24,80.71527862548828,0.0,107.70999908447266,0.0,109.38999938964844,107.61000061035156,108.5199966430664,0.0,269823000
2010-05-25,80.79769134521484,0.0,107.81999969482422,0.0,107.87000274658203,104.37999725341797,105.11000061035156,0.0,396505200
2010-05-26,80.31063079833984,0.0,107.16999816894531,0.0,109.47000122070312,106.8499984741211,108.4800033569336,0.0,349719300
2010-05-27,83.0008773803711,0.0,110.76000213623047,0.0,110.80000305175781,108.77999877929688,109.19000244140625,0.0,300870500
2010-05-28,81.95927429199219,0.0,109.37000274658203,0.0,110.72000122070312,108.8499984741211,110.63999938964844,0.0,297933500
2010-06-01,80.58040618896484,0.0,107.52999877929688,0.0,109.94999694824219,107.37000274658203,108.3499984741211,0.0,277909400
2010-06-02,82.67866516113281,0.0,110.33000183105469,0.0,110.33999633789062,107.51000213623047,108.08000183105469,0.0,240243700
2010-06-03,82.96342468261719,0.0,110.70999908447266,0.0,111.05999755859375,109.58000183105469,110.6500015258789,0.0,226618300
2010-06-04,80.04834747314453,0.0,106.81999969482422,0.0,109.33000183105469,106.45999908447266,108.61000061035156,0.0,398475600
2010-06-07,79.05166625976562,0.0,105.48999786376953,0.0,107.61000061035156,105.41000366210938,107.19999694824219,0.0,264609100
2010-06-08,79.89845275878906,0.0,106.62000274658203,0.0,106.83000183105469,104.6500015258789,105.56999969482422,0.0,357774300
2010-06-09,79.47130584716797,0.0,106.05000305175781,0.0,108.27999877929688,105.5999984741211,107.23999786376953,0.0,268023300
2010-06-10,81.79439544677734,0.0,109.1500015258789,0.0,109.27999877929688,106.04000091552734,107.86000061035156,0.0,317890600
2010-06-11,82.19154357910156,0.0,109.68000030517578,0.0,109.75,108.12000274658203,108.19000244140625,0.0,214128200
2010-06-14,82.06416320800781,0.0,109.51000213623047,0.0,111.12000274658203,109.4000015258789,110.5199966430664,0.0,207196100
2010-06-15,83.93013000488281,0.0,112.0,0.0,112.0999984741211,110.08999633789062,110.27999877929688,0.0,238268700
2010-06-16,83.90010833740234,0.0,111.95999908447266,0.0,112.41999816894531,111.19999694824219,111.41999816894531,0.0,216374000
2010-06-17,84.0350570678711,0.0,112.13999938964844,0.0,112.33000183105469,111.05000305175781,112.27999877929688,0.0,263185800
2010-06-18,84.12614440917969,0.0,111.7300033569336,0.531,112.12999725341797,111.37000274658203,111.83000183105469,0.0,174006600
2010-06-21,83.88518524169922,0.0,111.41000366210938,0.0,113.19999694824219,110.79000091552734,113.12000274658203,0.0,213140700
2010-06-22,82.49978637695312,0.0,109.56999969482422,0.0,111.9000015258789,109.41000366210938,111.41000366210938,0.0,239355400
2010-06-23,82.24378967285156,0.0,109.2300033569336,0.0,110.02999877929688,108.4800033569336,109.63999938964844,0.0,254639900
2010-06-24,80.8809585571289,0.0,107.41999816894531,0.0,108.83000183105469,107.13999938964844,108.69000244140625,0.0,268523600
2010-06-25,81.21980285644531,0.0,107.87000274658203,0.0,108.41999816894531,106.7699966430664,107.73999786376953,0.0,238726500
2010-06-28,80.96378326416016,0.0,107.52999877929688,0.0,108.31999969482422,107.13999938964844,108.02999877929688,0.0,169218600
2010-06-29,78.46401977539062,0.0,104.20999908447266,0.0,107.51000213623047,103.55000305175781,106.0199966430664,0.0,373649500
2010-06-30,77.7186050415039,0.0,103.22000122070312,0.0,104.87999725341797,102.87999725341797,103.91999816894531,0.0,284101700
2010-07-01,77.37226104736328,0.0,102.76000213623047,0.0,103.48999786376953,101.12999725341797,103.1500015258789,0.0,382924800
2010-07-02,76.95057678222656,0.0,102.19999694824219,0.0,103.41999816894531,101.62000274658203,103.11000061035156,0.0,233385200
2010-07-06,77.45508575439453,0.0,102.87000274658203,0.0,104.37000274658203,101.87999725341797,103.63999938964844,0.0,256935300
2010-07-07,79.89460754394531,0.0,106.11000061035156,0.0,106.23999786376953,103.0199966430664,103.12999725341797,0.0,253769400
2010-07-08,80.68518829345703,0.0,107.16000366210938,0.0,107.27999877929688,105.91000366210938,107.0,0.0,210842100
2010-07-09,81.28750610351562,0.0,107.95999908447266,0.0,107.97000122070312,106.93000030517578,107.12999725341797,0.0,144999900
2010-07-12,81.34024810791016,0.0,108.02999877929688,0.0,108.23999786376953,107.1500015258789,107.5999984741211,0.0,131283600
2010-07-13,82.56754302978516,0.0,109.66000366210938,0.0,110.08999633789062,108.93000030517578,109.1500015258789,0.0,213025900
2010-07-14,82.56001281738281,0.0,109.6500015258789,0.0,110.08000183105469,108.86000061035156,109.30999755859375,0.0,184426800
2010-07-15,82.58260345458984,0.0,109.68000030517578,0.0,110.05999755859375,108.16999816894531,109.61000061035156,0.0,232337900
2010-07-16,80.30870056152344,0.0,106.66000366210938,0.0,109.20999908447266,106.44999694824219,109.08999633789062,0.0,282693400
2010-07-19,80.7830810546875,0.0,107.29000091552734,0.0,107.62999725341797,106.22000122070312,107.05000305175781,0.0,186709000
2010-07-20,81.6790542602539,0.0,108.4800033569336,0.0,108.55999755859375,105.81999969482422,105.87000274658203,0.0,258162400
2010-07-21,80.61742401123047,0.0,107.06999969482422,0.0,109.06999969482422,106.62999725341797,109.04000091552734,0.0,264527000
2010-07-22,82.4169692993164,0.0,109.45999908447266,0.0,109.94000244140625,108.33000183105469,108.33999633789062,0.0,274781300
2010-07-23,83.13224029541016,0.0,110.41000366210938,0.0,110.56999969482422,108.93000030517578,109.23999786376953,0.0,222020800
2010-07-26,83.99813842773438,0.0,111.55999755859375,0.0,111.66999816894531,110.29000091552734,110.5999984741211,0.0,184445700
2010-07-27,83.99060821533203,0.0,111.55000305175781,0.0,112.29000091552734,111.11000061035156,112.16999816894531,0.0,204855600
2010-07-28,83.44847106933594,0.0,110.83000183105469,0.0,111.66000366210938,110.45999908447266,111.31999969482422,0.0,163056200
2010-07-29,83.0418930053711,0.0,110.29000091552734,0.0,111.81999969482422,109.41000366210938,111.5199966430664,0.0,220149100
2010-07-30,83.02682495117188,0.0,110.2699966430664,0.0,110.86000061035156,108.9800033569336,109.16999816894531,0.0,220070600
2010-08-02,84.90166473388672,0.0,112.76000213623047,0.0,112.94000244140625,111.54000091552734,111.98999786376953,0.0,188263200
2010-08-03,84.49508666992188,0.0,112.22000122070312,0.0,112.7699966430664,111.8499984741211,112.4800033569336,0.0,146657300
2010-08-04,85.05979919433594,0.0,112.97000122070312,0.0,113.11000061035156,112.16000366210938,112.52999877929688,0.0,158171700
2010-08-05,84.96942901611328,0.0,112.8499984741211,0.0,112.91000366210938,112.08000183105469,112.25,0.0,140473800
2010-08-06,84.62303924560547,0.0,112.38999938964844,0.0,112.56999969482422,110.91999816894531,111.73999786376953,0.0,239728300
2010-08-09,85.07483673095703,0.0,112.98999786376953,0.0,113.18000030517578,112.31999969482422,112.91999816894531,0.0,120800400
2010-08-10,84.61551666259766,0.0,112.37999725341797,0.0,112.9800033569336,111.37000274658203,112.02999877929688,0.0,242916300
2010-08-11,82.29647064208984,0.0,109.30000305175781,0.0,110.69000244140625,109.12000274658203,110.6500015258789,0.0,273406900
2010-08-12,81.7919921875,0.0,108.62999725341797,0.0,109.0199966430664,107.5999984741211,107.6500015258789,0.0,239542600
2010-08-13,81.55108642578125,0.0,108.30999755859375,0.0,108.95999908447266,108.18000030517578,108.29000091552734,0.0,158698500
2010-08-16,81.51341247558594,0.0,108.26000213623047,0.0,108.61000061035156,107.18000030517578,107.56999969482422,0.0,147895300
2010-08-17,82.51484680175781,0.0,109.58999633789062,0.0,110.38999938964844,108.87999725341797,109.19000244140625,0.0,172270300
2010-08-18,82.66542053222656,0.0,109.79000091552734,0.0,110.37999725341797,108.91000366210938,109.54000091552734,0.0,182922100
2010-08-19,81.22730255126953,0.0,107.87999725341797,0.0,109.48999786376953,107.43000030517578,109.22000122070312,0.0,265847600
2010-08-20,80.96378326416016,0.0,107.52999877929688,0.0,107.94000244140625,106.75,107.55999755859375,0.0,209714200
2010-08-23,80.65509796142578,0.0,107.12000274658203,0.0,108.56999969482422,107.06999969482422,108.04000091552734,0.0,163490300
2010-08-24,79.45790100097656,0.0,105.52999877929688,0.0,106.38999938964844,104.97000122070312,105.94999694824219,0.0,280677800
2010-08-25,79.76660919189453,0.0,105.94000244140625,0.0,106.33999633789062,104.29000091552734,104.94999694824219,0.0,272234800
2010-08-26,79.23197937011719,0.0,105.2300033569336,0.0,106.58000183105469,104.87999725341797,106.44000244140625,0.0,224439500
2010-08-27,80.45929718017578,0.0,106.86000061035156,0.0,106.97000122070312,104.30999755859375,105.88999938964844,0.0,272649000
2010-08-30,79.292236328125,0.0,105.30999755859375,0.0,106.91000366210938,105.30000305175781,106.58000183105469,0.0,167238600
2010-08-31,79.292236328125,0.0,105.30999755859375,0.0,105.9800033569336,104.48999786376953,104.91999816894531,0.0,273933100
2010-09-01,81.66401672363281,0.0,108.45999908447266,0.0,108.61000061035156,106.66000366210938,106.7300033569336,0.0,256828100
2010-09-02,82.42448425292969,0.0,109.47000122070312,0.0,109.48999786376953,108.48999786376953,108.72000122070312,0.0,156112200
2010-09-03,83.49363708496094,0.0,110.88999938964844,0.0,110.98999786376953,109.94999694824219,110.54000091552734,0.0,212197300
2010-09-07,82.552490234375,0.0,109.63999938964844,0.0,110.51000213623047,109.55000305175781,110.37000274658203,0.0,141973700
2010-09-08,83.13224029541016,0.0,110.41000366210938,0.0,110.8499984741211,109.80999755859375,109.86000061035156,0.0,149924400
2010-09-09,83.51622772216797,0.0,110.91999816894531,0.0,111.68000030517578,110.62000274658203,111.6500015258789,0.0,147017900
2010-09-10,83.93790435791016,0.0,111.4800033569336,0.0,111.61000061035156,110.87000274658203,111.12000274658203,0.0,127819000
2010-09-13,84.87154388427734,0.0,112.72000122070312,0.0,112.94999694824219,112.12999725341797,112.58000183105469,0.0,178503500
2010-09-14,84.81883239746094,0.0,112.6500015258789,0.0,113.29000091552734,112.08000183105469,112.5,0.0,209823600
2010-09-15,85.14260864257812,0.0,113.08000183105469,0.0,113.20999908447266,111.9800033569336,112.31999969482422,0.0,168608400
2010-09-16,85.1200180053711,0.0,113.05000305175781,0.0,113.12000274658203,112.3499984741211,112.7300033569336,0.0,199962900
2010-09-17,85.15178680419922,0.0,112.48999786376953,0.602,113.1500015258789,112.18000030517578,113.04000091552734,0.0,195836900
2010-09-20,86.45381164550781,0.0,114.20999908447266,0.0,114.45999908447266,112.5199966430664,112.87999725341797,0.0,214555200
2010-09-21,86.27970123291016,0.0,113.9800033569336,0.0,114.83999633789062,113.51000213623047,114.30000305175781,0.0,268389100
2010-09-22,85.85578155517578,0.0,113.41999816894531,0.0,114.44000244140625,113.0999984741211,113.80000305175781,0.0,191322400
2010-09-23,85.15939331054688,0.0,112.5,0.0,113.66999816894531,112.18000030517578,112.48999786376953,0.0,202354300
2010-09-24,86.91551971435547,0.0,114.81999969482422,0.0,114.9000015258789,113.6500015258789,113.75,0.0,209671800
2010-09-27,86.49921417236328,0.0,114.2699966430664,0.0,114.98999786376953,114.16000366210938,114.86000061035156,0.0,128761800
2010-09-28,86.8019790649414,0.0,114.66999816894531,0.0,115.04000091552734,113.18000030517578,114.41999816894531,0.0,209207500
2010-09-29,86.65058898925781,0.0,114.47000122070312,0.0,114.91000366210938,114.0199966430664,114.37999725341797,0.0,179665800
2010-09-30,86.39323425292969,0.0,114.12999725341797,0.0,115.79000091552734,113.58999633789062,115.05000305175781,0.0,287106700
2010-10-01,86.75660705566406,0.0,114.61000061035156,0.0,115.12000274658203,113.93000030517578,114.98999786376953,0.0,174638700
2010-10-04,86.10557556152344,0.0,113.75,0.0,114.8499984741211,113.18000030517578,114.37000274658203,0.0,166153200
2010-10-05,87.83908081054688,0.0,116.04000091552734,0.0,116.31999969482422,114.66999816894531,114.80000305175781,0.0,229634100
2010-10-06,87.83148956298828,0.0,116.02999877929688,0.0,116.33000183105469,115.55999755859375,116.0199966430664,0.0,148626600
2010-10-07,87.72552490234375,0.0,115.88999938964844,0.0,116.52999877929688,115.19000244140625,116.5,0.0,164860000
2010-10-08,88.217529296875,0.0,116.54000091552734,0.0,116.86000061035156,115.61000061035156,116.05000305175781,0.0,177760100
2010-10-11,88.30081176757812,0.0,116.6500015258789,0.0,116.97000122070312,116.25,116.72000122070312,0.0,103098300
2010-10-12,88.57328796386719,0.0,117.01000213623047,0.0,117.3499984741211,115.6500015258789,116.2699966430664,0.0,182210000
2010-10-13,89.26216888427734,0.0,117.91999816894531,0.0,118.55000305175781,117.37999725341797,117.66000366210938,0.0,194347200
2010-10-14,88.91393280029297,0.0,117.45999908447266,0.0,118.01000213623047,116.72000122070312,117.80999755859375,0.0,217764300
2010-10-15,89.09562683105469,0.0,117.69999694824219,0.0,118.3499984741211,116.76000213623047,118.27999877929688,0.0,243705000
2010-10-18,89.5346450805664,0.0,118.27999877929688,0.0,118.66999816894531,117.30999755859375,117.73999786376953,0.0,141204800
2010-10-19,88.36136627197266,0.0,116.7300033569336,0.0,117.8499984741211,116.0199966430664,117.19000244140625,0.0,280604700
2010-10-20,89.22433471679688,0.0,117.87000274658203,0.0,118.44000244140625,116.87000274658203,116.94000244140625,0.0,200051800
2010-10-21,89.42113494873047,0.0,118.12999725341797,0.0,119.08999633789062,117.20999908447266,118.4000015258789,0.0,221585500
2010-10-22,89.58765411376953,0.0,118.3499984741211,0.0,118.52999877929688,118.0,118.30999755859375,0.0,108212400
2010-10-25,89.85263061523438,0.0,118.69999694824219,0.0,119.76000213623047,118.61000061035156,119.13999938964844,0.0,151145700
2010-10-26,89.86773681640625,0.0,118.72000122070312,0.0,118.83999633789062,117.87000274658203,118.0999984741211,0.0,158982900
2010-10-27,89.61036682128906,0.0,118.37999725341797,0.0,118.51000213623047,117.26000213623047,117.88999938964844,0.0,190024000
2010-10-28,89.62551879882812,0.0,118.4000015258789,0.0,119.11000061035156,117.83000183105469,119.05999755859375,0.0,168576000
2010-10-29,89.69363403320312,0.0,118.48999786376953,0.0,118.72000122070312,118.06999969482422,118.27999877929688,0.0,144305500
2010-11-01,89.72391510009766,0.0,118.52999877929688,0.0,119.75,117.8499984741211,119.06999969482422,0.0,174074800
2010-11-02,90.43547058105469,0.0,119.47000122070312,0.0,119.75,119.0999984741211,119.41999816894531,0.0,158345900
2010-11-03,90.79882049560547,0.0,119.94999694824219,0.0,120.0199966430664,118.44999694824219,119.68000030517578,0.0,226702800
2010-11-04,92.54741668701172,0.0,122.26000213623047,0.0,122.31999969482422,119.97000122070312,121.27999877929688,0.0,215039400
2010-11-05,92.89561462402344,0.0,122.72000122070312,0.0,122.91999816894531,122.18000030517578,122.33999633789062,0.0,180654100
2010-11-08,92.72151184082031,0.0,122.48999786376953,0.0,122.69000244140625,121.94000244140625,122.33999633789062,0.0,156107100
2010-11-09,92.0553970336914,0.0,121.61000061035156,0.0,122.94999694824219,121.12000274658203,122.81999969482422,0.0,186621600
2010-11-10,92.42631530761719,0.0,122.0999984741211,0.0,122.16000366210938,120.66000366210938,121.58000183105469,0.0,221387400
2010-11-11,92.07811737060547,0.0,121.63999938964844,0.0,121.81999969482422,120.68000030517578,121.05000305175781,0.0,158017600
2010-11-12,90.98807525634766,0.0,120.19999694824219,0.0,121.3499984741211,119.6500015258789,120.81999969482422,0.0,239068800
2010-11-15,90.8593521118164,0.0,120.02999877929688,0.0,121.05000305175781,119.9800033569336,120.58000183105469,0.0,163940800
2010-11-16,89.44384765625,0.0,118.16000366210938,0.0,119.48999786376953,117.58999633789062,119.29000091552734,0.0,299566200
2010-11-17,89.48922729492188,0.0,118.22000122070312,0.0,118.70999908447266,117.86000061035156,118.20999908447266,0.0,172308900
2010-11-18,90.80638885498047,0.0,119.95999908447266,0.0,120.38999938964844,119.3499984741211,119.36000061035156,0.0,197723700
2010-11-19,91.05619049072266,0.0,120.29000091552734,0.0,120.33999633789062,119.25,119.9000015258789,0.0,156852900
2010-11-22,90.98048400878906,0.0,120.19000244140625,0.0,120.23999786376953,118.7699966430664,119.69000244140625,0.0,181361000
2010-11-23,89.6633529663086,0.0,118.44999694824219,0.0,119.0199966430664,117.98999786376953,118.7699966430664,0.0,222309000
2010-11-24,90.98807525634766,0.0,120.19999694824219,0.0,120.2300033569336,119.18000030517578,119.19999694824219,0.0,140046100
2010-11-26,89.92829895019531,0.0,118.80000305175781,0.0,119.80999755859375,118.80000305175781,119.16000366210938,0.0,76007800
2010-11-29,90.20084381103516,0.0,119.16000366210938,0.0,119.4800033569336,117.73999786376953,118.5,0.0,223642300
2010-11-30,89.69363403320312,0.0,118.48999786376953,0.0,119.16999816894531,117.80999755859375,117.9800033569336,0.0,233930700
2010-12-01,91.60123443603516,0.0,121.01000213623047,0.0,121.23999786376953,120.19000244140625,120.19999694824219,0.0,221037200
2010-12-02,92.77450561523438,0.0,122.55999755859375,0.0,122.6500015258789,121.12999725341797,121.19999694824219,0.0,191213600
2010-12-03,93.0243148803711,0.0,122.88999938964844,0.0,123.02999877929688,122.11000061035156,122.13999938964844,0.0,151288900
2010-12-06,92.92588806152344,0.0,122.76000213623047,0.0,123.04000091552734,122.5,122.62999725341797,0.0,103050500
2010-12-07,92.97889709472656,0.0,122.83000183105469,0.0,124.01000213623047,122.76000213623047,123.94000244140625,0.0,206581000
2010-12-08,93.31953430175781,0.0,123.27999877929688,0.0,123.37999725341797,122.41000366210938,122.9800033569336,0.0,138019200
2010-12-09,93.6828842163086,0.0,123.76000213623047,0.0,124.0199966430664,123.1500015258789,123.97000122070312,0.0,123705100
2010-12-10,94.22791290283203,0.0,124.4800033569336,0.0,124.5999984741211,123.7300033569336,124.13999938964844,0.0,117571700
2010-12-13,94.28845977783203,0.0,124.55999755859375,0.0,125.19999694824219,124.5199966430664,125.05000305175781,0.0,133812700
2010-12-14,94.3717041015625,0.0,124.66999816894531,0.0,125.2300033569336,124.29000091552734,124.75,0.0,147249600
2010-12-15,93.94026184082031,0.0,124.0999984741211,0.0,124.93000030517578,123.88999938964844,124.44000244140625,0.0,160823100
2010-12-16,94.4852523803711,0.0,124.81999969482422,0.0,124.91000366210938,123.75,124.18000030517578,0.0,185035200
2010-12-17,94.58647918701172,0.0,124.30000305175781,0.653,124.45999908447266,123.81999969482422,124.08000183105469,0.0,141075300
2010-12-20,94.81476593017578,0.0,124.5999984741211,0.0,124.9000015258789,123.9800033569336,124.63999938964844,0.0,119085500
2010-12-21,95.41593170166016,0.0,125.38999938964844,0.0,125.47000122070312,124.87000274658203,124.98999786376953,0.0,94965500
2010-12-22,95.71269989013672,0.0,125.77999877929688,0.0,125.81999969482422,125.41000366210938,125.4800033569336,0.0,78878100
2010-12-23,95.57572937011719,0.0,125.5999984741211,0.0,125.77999877929688,125.29000091552734,125.63999938964844,0.0,70053700
2010-12-27,95.61376190185547,0.0,125.6500015258789,0.0,125.7699966430664,125.04000091552734,125.12999725341797,0.0,58126000
2010-12-28,95.750732421875,0.0,125.83000183105469,0.0,125.94999694824219,125.5,125.9000015258789,0.0,55309100
2010-12-29,95.8192367553711,0.0,125.91999816894531,0.0,126.19999694824219,125.9000015258789,125.9800033569336,0.0,58033100
2010-12-30,95.66703796386719,0.0,125.72000122070312,0.0,126.12999725341797,125.52999877929688,125.80000305175781,0.0,76616900
2010-12-31,95.68988037109375,0.0,125.75,0.0,125.87000274658203,125.33000183105469,125.52999877929688,0.0,91218900
2011-01-03,96.67910766601562,0.0,127.05000305175781,0.0,127.5999984741211,125.69999694824219,126.70999908447266,0.0,138725200
2011-01-04,96.62584686279297,0.0,126.9800033569336,0.0,127.37000274658203,126.19000244140625,127.33000183105469,0.0,137409700
2011-01-05,97.1280517578125,0.0,127.63999938964844,0.0,127.72000122070312,126.45999908447266,126.58000183105469,0.0,133975300
2011-01-06,96.93782806396484,0.0,127.38999938964844,0.0,127.83000183105469,127.01000213623047,127.69000244140625,0.0,122519000
2011-01-07,96.7475814819336,0.0,127.13999938964844,0.0,127.7699966430664,126.1500015258789,127.55999755859375,0.0,156034600
2011-01-10,96.62584686279297,0.0,126.9800033569336,0.0,127.16000366210938,126.19999694824219,126.58000183105469,0.0,122401700
2011-01-11,96.96826171875,0.0,127.43000030517578,0.0,127.73999786376953,126.94999694824219,127.44000244140625,0.0,110287000
2011-01-12,97.8433609008789,0.0,128.5800018310547,0.0,128.72000122070312,127.45999908447266,128.2100067138672,0.0,107929200
2011-01-13,97.68352508544922,0.0,128.3699951171875,0.0,128.69000244140625,128.0500030517578,128.6300048828125,0.0,129048400
2011-01-14,98.39126586914062,0.0,129.3000030517578,0.0,129.3300018310547,128.10000610351562,128.19000244140625,0.0,117677900
2011-01-18,98.55866241455078,0.0,129.52000427246094,0.0,129.63999938964844,129.02999877929688,129.17999267578125,0.0,114401300
2011-01-19,97.59225463867188,0.0,128.25,0.0,129.5399932861328,127.91000366210938,129.41000366210938,0.0,151958400
2011-01-20,97.46287536621094,0.0,128.0800018310547,0.0,128.39999389648438,127.12999725341797,127.95999908447266,0.0,175745700
2011-01-21,97.68352508544922,0.0,128.3699951171875,0.0,129.1699981689453,128.22999572753906,128.8800048828125,0.0,151462900
2011-01-24,98.23909759521484,0.0,129.10000610351562,0.0,129.25,128.25999450683594,128.2899932861328,0.0,113715500
2011-01-25,98.29234313964844,0.0,129.1699981689453,0.0,129.27999877929688,128.11000061035156,128.75999450683594,0.0,167552200
2011-01-26,98.67279052734375,0.0,129.6699981689453,0.0,130.0500030517578,129.22999572753906,129.49000549316406,0.0,141281500
2011-01-27,98.9162826538086,0.0,129.99000549316406,0.0,130.2100067138672,129.47000122070312,129.6999969482422,0.0,123302700
2011-01-28,97.1889419555664,0.0,127.72000122070312,0.0,130.35000610351562,127.51000213623047,130.13999938964844,0.0,295637300
2011-01-31,97.91944885253906,0.0,128.67999267578125,0.0,128.77999877929688,127.75,128.07000732421875,0.0,149249200
2011-02-01,99.48702239990234,0.0,130.74000549316406,0.0,130.97000122070312,129.3800048828125,129.4600067138672,0.0,167194300
2011-02-02,99.29676055908203,0.0,130.49000549316406,0.0,130.83999633789062,130.3300018310547,130.39999389648438,0.0,118323600
2011-02-03,99.51744079589844,0.0,130.77999877929688,0.0,130.97999572753906,129.57000732421875,130.25999450683594,0.0,145886700
2011-02-04,99.79900360107422,0.0,131.14999389648438,0.0,131.1999969482422,130.22999572753906,130.8300018310547,0.0,134634800
2011-02-07,100.42298889160156,0.0,131.97000122070312,0.0,132.39999389648438,131.42999267578125,131.44000244140625,0.0,112439100
2011-02-08,100.87959289550781,0.0,132.57000732421875,0.0,132.63999938964844,131.72999572753906,132.08999633789062,0.0,99072800
2011-02-09,100.65128326416016,0.0,132.27000427246094,0.0,132.6300048828125,131.61000061035156,132.2100067138672,0.0,146436700
2011-02-10,100.68933868408203,0.0,132.32000732421875,0.0,132.47000122070312,131.3000030517578,131.60000610351562,0.0,162708500
2011-02-11,101.29048156738281,0.0,133.11000061035156,0.0,133.27999877929688,131.77000427246094,131.8000030517578,0.0,137710300
2011-02-14,101.53395080566406,0.0,133.42999267578125,0.0,133.5399932861328,132.8800048828125,133.02999877929688,0.0,101690700
2011-02-15,101.21435546875,0.0,133.00999450683594,0.0,133.22000122070312,132.32000732421875,133.02000427246094,0.0,119575400
2011-02-16,101.85358428955078,0.0,133.85000610351562,0.0,134.00999450683594,133.19000244140625,133.4600067138672,0.0,130183500
2011-02-17,102.15798950195312,0.0,134.25,0.0,134.42999267578125,133.33999633789062,133.4600067138672,0.0,109810500
2011-02-18,102.37100982666016,0.0,134.52999877929688,0.0,134.69000244140625,134.05999755859375,134.3699951171875,0.0,130002400
2011-02-22,100.31644439697266,0.0,131.8300018310547,0.0,134.55999755859375,131.47000122070312,133.1199951171875,0.0,233116400
2011-02-23,99.70008850097656,0.0,131.02000427246094,0.0,132.07000732421875,130.2100067138672,131.75,0.0,227584000
2011-02-24,99.63159942626953,0.0,130.92999267578125,0.0,131.44000244140625,129.6999969482422,130.8800048828125,0.0,260431400
2011-02-25,100.69692993164062,0.0,132.3300018310547,0.0,132.41000366210938,131.39999389648438,131.47999572753906,0.0,141686900
2011-02-28,101.32091522216797,0.0,133.14999389648438,0.0,133.32000732421875,132.3800048828125,132.82000732421875,0.0,141585500
2011-03-01,99.63159942626953,0.0,130.92999267578125,0.0,133.69000244140625,130.88999938964844,133.57000732421875,0.0,258565500
2011-03-02,99.84468841552734,0.0,131.2100067138672,0.0,131.82000732421875,130.35000610351562,130.75,0.0,200277400
2011-03-03,101.56443786621094,0.0,133.47000122070312,0.0,133.6199951171875,132.38999938964844,132.39999389648438,0.0,176480100
2011-03-04,100.80347442626953,0.0,132.47000122070312,0.0,133.6300048828125,131.60000610351562,133.3699951171875,0.0,277202300
2011-03-07,100.0120849609375,0.0,131.42999267578125,0.0,133.16000366210938,130.74000549316406,132.86000061035156,0.0,216790400
2011-03-08,100.88719940185547,0.0,132.5800018310547,0.0,133.0,131.07000732421875,131.63999938964844,0.0,174615000
2011-03-09,100.74261474609375,0.0,132.38999938964844,0.0,132.8000030517578,131.60000610351562,132.32000732421875,0.0,153806000
2011-03-10,98.87825012207031,0.0,129.94000244140625,0.0,131.17999267578125,129.80999755859375,131.0,0.0,301291800
2011-03-11,99.56311798095703,0.0,130.83999633789062,0.0,131.30999755859375,129.49000549316406,129.52000427246094,0.0,225621800
2011-03-14,98.96197509765625,0.0,130.0500030517578,0.0,130.47999572753906,129.05999755859375,129.99000549316406,0.0,234974100
2011-03-15,97.82814025878906,0.0,128.55999755859375,0.0,129.3300018310547,126.5,126.58999633789062,0.0,359585400
2011-03-16,96.01708221435547,0.0,126.18000030517578,0.0,128.57000732421875,125.27999877929688,128.14999389648438,0.0,468670300
2011-03-17,97.28787231445312,0.0,127.8499984741211,0.0,128.38999938964844,127.0999984741211,128.0,0.0,254303700
2011-03-18,97.64173889160156,0.0,127.76000213623047,0.553,128.8800048828125,127.51000213623047,128.83999633789062,0.0,230435400
2011-03-21,99.15494537353516,0.0,129.74000549316406,0.0,130.00999450683594,129.1999969482422,129.35000610351562,0.0,153992600
2011-03-22,98.81101989746094,0.0,129.2899932861328,0.0,129.88999938964844,129.1699981689453,129.72000122070312,0.0,129538600
2011-03-23,99.09384155273438,0.0,129.66000366210938,0.0,130.0,128.32000732421875,128.92999267578125,0.0,148603100
2011-03-24,100.04149627685547,0.0,130.89999389648438,0.0,131.08999633789062,129.6699981689453,130.39999389648438,0.0,159129800
2011-03-25,100.34719848632812,0.0,131.3000030517578,0.0,131.8699951171875,130.88999938964844,131.24000549316406,0.0,155642800
2011-03-28,100.10263061523438,0.0,130.97999572753906,0.0,131.9199981689453,130.94000244140625,131.5800018310547,0.0,109762400
2011-03-29,100.77518463134766,0.0,131.86000061035156,0.0,131.89999389648438,130.44000244140625,130.8699951171875,0.0,129798800
2011-03-30,101.47068786621094,0.0,132.77000427246094,0.0,133.16000366210938,132.36000061035156,132.5500030517578,0.0,135835000
2011-03-31,101.33311462402344,0.0,132.58999633789062,0.0,132.9600067138672,132.4499969482422,132.60000610351562,0.0,132537100
2011-04-01,101.76104736328125,0.0,133.14999389648438,0.0,133.77000427246094,132.8300018310547,133.41000366210938,0.0,153850100
2011-04-04,101.84518432617188,0.0,133.25999450683594,0.0,133.6699981689453,132.8800048828125,133.42999267578125,0.0,100768900
2011-04-05,101.82984161376953,0.0,133.24000549316406,0.0,133.8300018310547,132.94000244140625,133.0,0.0,120791500
2011-04-06,102.1508560180664,0.0,133.66000366210938,0.0,134.0,133.1199951171875,133.8800048828125,0.0,120411600
2011-04-07,101.89098358154297,0.0,133.32000732421875,0.0,133.97999572753906,132.66000366210938,133.4199981689453,0.0,170731500
2011-04-08,101.53948974609375,0.0,132.86000061035156,0.0,133.99000549316406,132.30999755859375,133.91000366210938,0.0,147945400
2011-04-11,101.23371887207031,0.0,132.4600067138672,0.0,133.4499969482422,132.13999938964844,133.0,0.0,121385400
2011-04-12,100.47711944580078,0.0,131.47000122070312,0.0,131.97999572753906,130.99000549316406,131.72000122070312,0.0,161187400
2011-04-13,100.46949768066406,0.0,131.4600067138672,0.0,132.17999267578125,130.9600067138672,132.0800018310547,0.0,162059000
2011-04-14,100.54591369628906,0.0,131.55999755859375,0.0,131.75999450683594,130.27000427246094,130.6999969482422,0.0,161220400
2011-04-15,100.91273498535156,0.0,132.0399932861328,0.0,132.3699951171875,131.41000366210938,131.8000030517578,0.0,170006700
2011-04-18,99.78164672851562,0.0,130.55999755859375,0.0,132.02999877929688,129.50999450683594,130.58999633789062,0.0,210759300
2011-04-19,100.3548355102539,0.0,131.30999755859375,0.0,131.35000610351562,130.44000244140625,130.75999450683594,0.0,124258800
2011-04-20,101.72283935546875,0.0,133.10000610351562,0.0,133.38999938964844,132.7899932861328,132.8800048828125,0.0,156133800
2011-04-21,102.24250030517578,0.0,133.77999877929688,0.0,133.83999633789062,133.10000610351562,133.7899932861328,0.0,135935400
2011-04-25,102.13554382324219,0.0,133.63999938964844,0.0,133.86000061035156,133.1999969482422,133.67999267578125,0.0,65757100
2011-04-26,103.01444244384766,0.0,134.7899932861328,0.0,135.05999755859375,133.91000366210938,134.0500030517578,0.0,146600000
2011-04-27,103.68698120117188,0.0,135.6699981689453,0.0,135.8699951171875,134.5,135.0500030517578,0.0,143031000
2011-04-28,104.0233154296875,0.0,136.11000061035156,0.0,136.2899932861328,135.41000366210938,135.42999267578125,0.0,124791100
2011-04-29,104.26781463623047,0.0,136.42999267578125,0.0,136.57000732421875,135.97999572753906,136.16000366210938,0.0,115094100
2011-05-02,104.10735321044922,0.0,136.22000122070312,0.0,137.17999267578125,135.9499969482422,137.07000732421875,0.0,126278700
2011-05-03,103.73285675048828,0.0,135.72999572753906,0.0,136.19000244140625,135.0399932861328,135.9600067138672,0.0,138375000
2011-05-04,103.04500579833984,0.0,134.8300018310547,0.0,135.72999572753906,134.22999572753906,135.6699981689453,0.0,182678500
2011-05-05,102.11265563964844,0.0,133.61000061035156,0.0,134.9499969482422,133.02000427246094,134.0800018310547,0.0,226900000
2011-05-06,102.56353759765625,0.0,134.1999969482422,0.0,135.6300048828125,133.67999267578125,134.94000244140625,0.0,222787200
2011-05-09,102.96097564697266,0.0,134.72000122070312,0.0,135.11000061035156,133.97999572753906,134.19000244140625,0.0,114104500
2011-05-10,103.83985137939453,0.0,135.8699951171875,0.0,136.11000061035156,135.0,135.1699981689453,0.0,114806900
2011-05-11,102.74698638916016,0.0,134.44000244140625,0.0,135.69000244140625,133.82000732421875,135.6699981689453,0.0,193564200
2011-05-12,103.23606872558594,0.0,135.0800018310547,0.0,135.36000061035156,133.38999938964844,134.0800018310547,0.0,171550700
2011-05-13,102.44124603271484,0.0,134.0399932861328,0.0,135.33999633789062,133.55999755859375,135.14999389648438,0.0,157444900
2011-05-16,101.79165649414062,0.0,133.19000244140625,0.0,134.61000061035156,132.97000122070312,133.55999755859375,0.0,141675400
2011-05-17,101.77632141113281,0.0,133.1699981689453,0.0,133.35000610351562,132.1199951171875,132.69000244140625,0.0,192686200
2011-05-18,102.68582153320312,0.0,134.36000061035156,0.0,134.5,132.9499969482422,133.24000549316406,0.0,135217900
2011-05-19,102.93036651611328,0.0,134.67999267578125,0.0,135.02999877929688,133.94000244140625,134.8000030517578,0.0,119489500
2011-05-20,102.11265563964844,0.0,133.61000061035156,0.0,134.67999267578125,133.36000061035156,134.3300018310547,0.0,182594900
2011-05-23,100.92801666259766,0.0,132.05999755859375,0.0,132.72000122070312,131.58999633789062,131.97999572753906,0.0,168700000
2011-05-24,100.84395599365234,0.0,131.9499969482422,0.0,132.72999572753906,131.6999969482422,132.44000244140625,0.0,147199600
2011-05-25,101.18024444580078,0.0,132.38999938964844,0.0,132.94000244140625,131.3800048828125,131.4199981689453,0.0,151050100
2011-05-26,101.64642333984375,0.0,133.0,0.0,133.24000549316406,131.77999877929688,132.02999877929688,0.0,164850000
2011-05-27,102.03620147705078,0.0,133.50999450683594,0.0,133.8699951171875,132.9600067138672,133.3699951171875,0.0,120921900
2011-05-31,103.09849548339844,0.0,134.89999389648438,0.0,134.9199981689453,133.83999633789062,134.77000427246094,0.0,164731200
2011-06-01,100.7828140258789,0.0,131.8699951171875,0.0,134.9199981689453,131.75999450683594,134.50999450683594,0.0,233094300
2011-06-02,100.67585754394531,0.0,131.72999572753906,0.0,132.24000549316406,130.9600067138672,131.9600067138672,0.0,200466800
2011-06-03,99.67463684082031,0.0,130.4199981689453,0.0,131.4199981689453,130.0800018310547,130.14999389648438,0.0,234690200
2011-06-06,98.61996459960938,0.0,129.0399932861328,0.0,130.36000061035156,128.8699951171875,130.08999633789062,0.0,179951200
2011-06-07,98.5588150024414,0.0,128.9600067138672,0.0,130.07000732421875,128.85000610351562,129.6999969482422,0.0,161660500
2011-06-08,98.1461410522461,0.0,128.4199981689453,0.0,129.19000244140625,128.17999267578125,128.75999450683594,0.0,198696400
2011-06-09,98.89509582519531,0.0,129.39999389648438,0.0,129.92999267578125,128.4600067138672,128.77000427246094,0.0,160964400
2011-06-10,97.51941680908203,0.0,127.5999984741211,0.0,128.92999267578125,127.26000213623047,128.85000610351562,0.0,238629400
2011-06-13,97.59587860107422,0.0,127.69999694824219,0.0,128.24000549316406,127.05000305175781,127.88999938964844,0.0,207599800
2011-06-14,98.8339614868164,0.0,129.32000732421875,0.0,129.77000427246094,128.82000732421875,128.8699951171875,0.0,160570400
2011-06-15,97.076171875,0.0,127.0199966430664,0.0,129.3000030517578,126.68000030517578,128.24000549316406,0.0,300958000
2011-06-16,97.29013061523438,0.0,127.30000305175781,0.0,127.97000122070312,126.31999969482422,127.05999755859375,0.0,308032800
2011-06-17,97.58049011230469,0.0,127.05000305175781,0.628,127.94000244140625,126.62000274658203,127.93000030517578,0.0,233284900
2011-06-20,98.0797119140625,0.0,127.69999694824219,0.0,127.97000122070312,126.58000183105469,126.62000274658203,0.0,159479000
2011-06-21,99.42378997802734,0.0,129.4499969482422,0.0,129.6999969482422,127.75,128.36000061035156,0.0,193157300
2011-06-22,98.82471466064453,0.0,128.6699981689453,0.0,129.80999755859375,128.58999633789062,129.0500030517578,0.0,176703000
2011-06-23,98.54054260253906,0.0,128.3000030517578,0.0,128.63999938964844,126.19000244140625,127.16000366210938,0.0,334286500
2011-06-24,97.39615631103516,0.0,126.80999755859375,0.0,128.3699951171875,126.62000274658203,128.27000427246094,0.0,226129300
2011-06-27,98.2640380859375,0.0,127.94000244140625,0.0,128.42999267578125,126.63999938964844,126.88999938964844,0.0,168904700
2011-06-28,99.54668426513672,0.0,129.61000061035156,0.0,129.6300048828125,128.27000427246094,128.4499969482422,0.0,165556300
2011-06-29,100.39921569824219,0.0,130.72000122070312,0.0,130.92999267578125,129.6300048828125,130.1999969482422,0.0,244295500
2011-06-30,101.35926818847656,0.0,131.97000122070312,0.0,132.17999267578125,130.7100067138672,131.13999938964844,0.0,223322700
2011-07-01,102.85694122314453,0.0,133.9199981689453,0.0,134.10000610351562,131.77999877929688,132.08999633789062,0.0,202385700
2011-07-05,102.7724838256836,0.0,133.80999755859375,0.0,134.0800018310547,133.38999938964844,133.77999877929688,0.0,165936000
2011-07-06,102.89537811279297,0.0,133.97000122070312,0.0,134.13999938964844,133.11000061035156,133.49000549316406,0.0,143331600
2011-07-07,103.96295166015625,0.0,135.36000061035156,0.0,135.6999969482422,134.8800048828125,135.16000366210938,0.0,170464200
2011-07-08,103.22564697265625,0.0,134.39999389648438,0.0,135.36000061035156,133.38999938964844,133.8300018310547,0.0,194100500
2011-07-11,101.35926818847656,0.0,131.97000122070312,0.0,133.17999267578125,131.66000366210938,132.75,0.0,195918600
2011-07-12,100.92146301269531,0.0,131.39999389648438,0.0,132.77999877929688,131.36000061035156,131.69000244140625,0.0,214675700
2011-07-13,101.25945281982422,0.0,131.83999633789062,0.0,133.22000122070312,131.52000427246094,132.08999633789062,0.0,204062600
2011-07-14,100.56047821044922,0.0,130.92999267578125,0.0,132.77999877929688,130.67999267578125,132.1699981689453,0.0,226111800
2011-07-15,101.14421844482422,0.0,131.69000244140625,0.0,131.8699951171875,130.77000427246094,131.66000366210938,0.0,220012800
2011-07-18,100.31473541259766,0.0,130.61000061035156,0.0,131.27999877929688,129.6300048828125,131.0800018310547,0.0,196872100
2011-07-19,101.94300079345703,0.0,132.72999572753906,0.0,132.88999938964844,131.30999755859375,131.33999633789062,0.0,166554900
2011-07-20,101.88154602050781,0.0,132.64999389648438,0.0,133.14999389648438,132.4199981689453,133.07000732421875,0.0,137145400
2011-07-21,103.29478454589844,0.0,134.49000549316406,0.0,134.82000732421875,132.6699981689453,133.39999389648438,0.0,245246300
2011-07-22,103.36388397216797,0.0,134.5800018310547,0.0,134.72000122070312,133.75999450683594,134.52000427246094,0.0,126019400
2011-07-25,102.78787231445312,0.0,133.8300018310547,0.0,134.49000549316406,133.16000366210938,133.3000030517578,0.0,136653800
2011-07-26,102.40384674072266,0.0,133.3300018310547,0.0,133.9600067138672,133.02999877929688,133.74000549316406,0.0,131278200
2011-07-27,100.30708312988281,0.0,130.60000610351562,0.0,132.6300048828125,130.42999267578125,132.58999633789062,0.0,249020100
2011-07-28,100.01519775390625,0.0,130.22000122070312,0.0,131.77000427246094,130.00999450683594,130.60000610351562,0.0,207939900
2011-07-29,99.3316650390625,0.0,129.3300018310547,0.0,130.5500030517578,127.97000122070312,128.91000366210938,0.0,307038400
2011-08-01,98.90921783447266,0.0,128.77999877929688,0.0,130.9600067138672,127.52999877929688,130.83999633789062,0.0,325790900
2011-08-02,96.38232421875,0.0,125.48999786376953,0.0,128.5,125.48999786376953,127.80999755859375,0.0,346653800
2011-08-03,96.90459442138672,0.0,126.16999816894531,0.0,126.30999755859375,123.52999877929688,125.66000366210938,0.0,370830800
2011-08-04,92.36542510986328,0.0,120.26000213623047,0.0,124.62000274658203,120.05999755859375,124.41999816894531,0.0,520721800
2011-08-05,92.22718811035156,0.0,120.08000183105469,0.0,122.06999969482422,116.86000061035156,121.76000213623047,0.0,655619200
2011-08-08,86.2210464477539,0.0,112.26000213623047,0.0,120.12000274658203,112.0199966430664,116.91000366210938,0.0,702263900
2011-08-09,90.23027038574219,0.0,117.4800033569336,0.0,117.63999938964844,110.2699966430664,114.06999969482422,0.0,717828700
2011-08-10,86.24409484863281,0.0,112.29000091552734,0.0,116.27999877929688,111.94999694824219,115.26000213623047,0.0,662607400
2011-08-11,90.11504364013672,0.0,117.33000183105469,0.0,118.91999816894531,112.31999969482422,113.26000213623047,0.0,487979700
2011-08-12,90.72179412841797,0.0,118.12000274658203,0.0,119.20999908447266,117.27999877929688,118.4000015258789,0.0,313731600
2011-08-15,92.64193725585938,0.0,120.62000274658203,0.0,120.73999786376953,119.0,119.19000244140625,0.0,258810600
2011-08-16,91.85084533691406,0.0,119.58999633789062,0.0,120.69000244140625,118.30999755859375,119.47000122070312,0.0,294095200
2011-08-17,91.91230010986328,0.0,119.66999816894531,0.0,121.19999694824219,118.72000122070312,120.25,0.0,238201100
2011-08-18,87.94915008544922,0.0,114.51000213623047,0.0,119.70999908447266,113.38999938964844,116.5,0.0,512956300
2011-08-19,86.5129165649414,0.0,112.63999938964844,0.0,115.87999725341797,112.5,112.95999908447266,0.0,428281300
2011-08-22,86.58203125,0.0,112.7300033569336,0.0,115.2300033569336,112.41000366210938,115.16999816894531,0.0,275090600
2011-08-23,89.43148803710938,0.0,116.44000244140625,0.0,116.56999969482422,112.58000183105469,113.1500015258789,0.0,331136600
2011-08-24,90.6910629272461,0.0,118.08000183105469,0.0,118.23999786376953,115.91999816894531,116.19000244140625,0.0,246869700
2011-08-25,89.30860137939453,0.0,116.27999877929688,0.0,119.4000015258789,115.87000274658203,118.7300033569336,0.0,312365400
2011-08-26,90.60662078857422,0.0,117.97000122070312,0.0,118.51000213623047,113.8499984741211,115.69000244140625,0.0,314495900
2011-08-29,93.21027374267578,0.0,121.36000061035156,0.0,121.43000030517578,118.05999755859375,119.55999755859375,0.0,190977200
2011-08-30,93.45606231689453,0.0,121.68000030517578,0.0,122.43000030517578,119.26000213623047,120.83000183105469,0.0,241315700
2011-08-31,93.87081146240234,0.0,122.22000122070312,0.0,123.51000213623047,121.30000305175781,122.45999908447266,0.0,301828400
2011-09-01,92.88774108886719,0.0,120.94000244140625,0.0,123.4000015258789,120.77999877929688,122.29000091552734,0.0,254585900
2011-09-02,90.51444244384766,0.0,117.8499984741211,0.0,120.87000274658203,117.43000030517578,118.41999816894531,0.0,255517200
2011-09-06,89.85393524169922,0.0,116.98999786376953,0.0,117.16000366210938,114.37999725341797,114.38999938964844,0.0,285130500
2011-09-07,92.38846588134766,0.0,120.29000091552734,0.0,120.33999633789062,118.36000061035156,118.76000213623047,0.0,209803200
2011-09-08,91.42840576171875,0.0,119.04000091552734,0.0,120.94000244140625,118.7699966430664,119.56999969482422,0.0,250568200
2011-09-09,89.0321044921875,0.0,115.91999816894531,0.0,119.05999755859375,115.27999877929688,117.68000030517578,0.0,380195100
2011-09-12,89.60816192626953,0.0,116.66999816894531,0.0,116.76000213623047,114.05000305175781,114.47000122070312,0.0,305793500
2011-09-13,90.4299545288086,0.0,117.73999786376953,0.0,118.18000030517578,116.22000122070312,117.05000305175781,0.0,272514700
2011-09-14,91.68185424804688,0.0,119.37000274658203,0.0,120.80000305175781,116.72000122070312,118.33999633789062,0.0,319389500
2011-09-15,93.26407623291016,0.0,121.43000030517578,0.0,121.47000122070312,119.4000015258789,120.6500015258789,0.0,326777200
2011-09-16,93.81604766845703,0.0,121.5199966430664,0.625,121.97000122070312,120.31999969482422,121.29000091552734,0.0,284528300
2011-09-19,92.88191223144531,0.0,120.30999755859375,0.0,120.93000030517578,118.72000122070312,119.52999877929688,0.0,241517000
2011-09-20,92.77381896972656,0.0,120.16999816894531,0.0,121.98999786376953,120.01000213623047,120.81999969482422,0.0,218932200
2011-09-21,90.04085540771484,0.0,116.62999725341797,0.0,120.5999984741211,116.44000244140625,120.2300033569336,0.0,316251300
2011-09-22,87.1303482055664,0.0,112.86000061035156,0.0,114.20999908447266,111.30000305175781,113.25,0.0,513911300
2011-09-23,87.65531158447266,0.0,113.54000091552734,0.0,114.16000366210938,112.0199966430664,112.11000061035156,0.0,307242500
2011-09-26,89.73979187011719,0.0,116.23999786376953,0.0,116.4000015258789,112.9800033569336,114.61000061035156,0.0,260673700
2011-09-27,90.74339294433594,0.0,117.54000091552734,0.0,119.55999755859375,116.83999633789062,118.52999877929688,0.0,311753900
2011-09-28,88.89054870605469,0.0,115.13999938964844,0.0,118.48999786376953,114.97000122070312,117.77999877929688,0.0,286696800
2011-09-29,89.59309387207031,0.0,116.05000305175781,0.0,117.62999725341797,113.93000030517578,117.05000305175781,0.0,298108900
2011-09-30,87.35420989990234,0.0,113.1500015258789,0.0,115.44999694824219,113.06999969482422,114.44999694824219,0.0,288392300
2011-10-03,84.86832427978516,0.0,109.93000030517578,0.0,113.94999694824219,109.80999755859375,112.48999786376953,0.0,365136800
2011-10-04,86.72889709472656,0.0,112.33999633789062,0.0,112.58000183105469,107.43000030517578,108.3499984741211,0.0,459177500
2011-10-05,88.3346939086914,0.0,114.41999816894531,0.0,114.72000122070312,111.58000183105469,112.62000274658203,0.0,284108000
2011-10-06,89.93279266357422,0.0,116.48999786376953,0.0,116.66000366210938,113.51000213623047,114.36000061035156,0.0,257800800
2011-10-07,89.3305892944336,0.0,115.70999908447266,0.0,117.25,115.05999755859375,117.16999816894531,0.0,312657900
2011-10-10,92.318359375,0.0,119.58000183105469,0.0,119.62999725341797,117.66999816894531,117.68000030517578,0.0,230666300
2011-10-11,92.41095733642578,0.0,119.69999694824219,0.0,120.04000091552734,118.75,118.87000274658203,0.0,209088000
2011-10-12,93.22158813476562,0.0,120.75,0.0,122.13999938964844,120.33000183105469,120.5999984741211,0.0,281544900
2011-10-13,93.03633880615234,0.0,120.51000213623047,0.0,120.87000274658203,119.12000274658203,120.04000091552734,0.0,212538800
2011-10-14,94.62667846679688,0.0,122.56999969482422,0.0,122.5999984741211,121.2300033569336,121.91000366210938,0.0,211397600
2011-10-17,92.82012939453125,0.0,120.2300033569336,0.0,122.55000305175781,119.93000030517578,121.98999786376953,0.0,202311600
2011-10-18,94.63436889648438,0.0,122.58000183105469,0.0,123.5,119.19999694824219,120.13999938964844,0.0,318857900
2011-10-19,93.51495361328125,0.0,121.12999725341797,0.0,123.08000183105469,120.70999908447266,122.37999725341797,0.0,226601300
2011-10-20,93.92412567138672,0.0,121.66000366210938,0.0,122.0999984741211,119.81999969482422,121.43000030517578,0.0,262075600
2011-10-21,95.70747375488281,0.0,123.97000122070312,0.0,124.12000274658203,122.72000122070312,123.08999633789062,0.0,278999400
2011-10-24,96.8809585571289,0.0,125.48999786376953,0.0,125.80000305175781,124.05999755859375,124.16999816894531,0.0,203215600
2011-10-25,94.99726867675781,0.0,123.05000305175781,0.0,124.94999694824219,122.77999877929688,124.88999938964844,0.0,268596800
2011-10-26,95.9622573852539,0.0,124.30000305175781,0.0,124.7699966430664,122.20999908447266,124.3499984741211,0.0,289053800
2011-10-27,99.30513763427734,0.0,128.6300048828125,0.0,129.4199981689453,126.61000061035156,127.62999725341797,0.0,393220200
2011-10-28,99.28197479248047,0.0,128.60000610351562,0.0,128.85000610351562,127.80000305175781,128.0,0.0,225906500
2011-10-31,96.88866424560547,0.0,125.5,0.0,128.6199951171875,125.31999969482422,127.16000366210938,0.0,228146700
2011-11-01,94.1866226196289,0.0,122.0,0.0,123.51000213623047,121.5199966430664,122.02999877929688,0.0,416565800
2011-11-02,95.72295379638672,0.0,123.98999786376953,0.0,124.4000015258789,122.79000091552734,123.83000183105469,0.0,244717600
2011-11-03,97.46771240234375,0.0,126.25,0.0,126.5,123.5999984741211,125.2699966430664,0.0,291174800
2011-11-04,96.87324523925781,0.0,125.4800033569336,0.0,125.69999694824219,124.01000213623047,125.2300033569336,0.0,249401600
2011-11-07,97.4754409790039,0.0,126.26000213623047,0.0,126.38999938964844,124.19999694824219,125.38999938964844,0.0,196617200
2011-11-08,98.72608184814453,0.0,127.87999725341797,0.0,128.02000427246094,125.70999908447266,126.91999816894531,0.0,224426300
2011-11-09,95.08216094970703,0.0,123.16000366210938,0.0,125.80000305175781,122.86000061035156,124.88999938964844,0.0,337982000
2011-11-10,95.97770690917969,0.0,124.31999969482422,0.0,124.94000244140625,123.0199966430664,124.79000091552734,0.0,231866500
2011-11-11,97.78422546386719,0.0,126.66000366210938,0.0,126.98999786376953,125.79000091552734,125.83000183105469,0.0,189924400
2011-11-14,96.8577880859375,0.0,125.45999908447266,0.0,127.44999694824219,124.91999816894531,126.19000244140625,0.0,159258300
2011-11-15,97.33645629882812,0.0,126.08000183105469,0.0,126.75,124.72000122070312,125.16999816894531,0.0,184709400
2011-11-16,95.79241943359375,0.0,124.08000183105469,0.0,126.33999633789062,123.9000015258789,124.80999755859375,0.0,235782500
2011-11-17,94.27155303955078,0.0,122.11000061035156,0.0,124.16000366210938,121.2300033569336,123.8499984741211,0.0,331219600
2011-11-18,94.17118835449219,0.0,121.9800033569336,0.0,122.75,121.47000122070312,122.5,0.0,215580400
2011-11-21,92.38008117675781,0.0,119.66000366210938,0.0,120.3499984741211,118.6500015258789,120.19999694824219,0.0,229611600
2011-11-22,92.01725769042969,0.0,119.19000244140625,0.0,120.0999984741211,118.5199966430664,119.4000015258789,0.0,216494900
2011-11-23,89.98680114746094,0.0,116.55999755859375,0.0,119.19000244140625,116.55999755859375,118.06999969482422,0.0,224329100
2011-11-25,89.81697845458984,0.0,116.33999633789062,0.0,117.69999694824219,116.19999694824219,116.37999725341797,0.0,99557000
2011-11-28,92.41868591308594,0.0,119.70999908447266,0.0,120.18000030517578,118.81999969482422,119.54000091552734,0.0,210686000
2011-11-29,92.68115234375,0.0,120.05000305175781,0.0,121.0,119.61000061035156,120.05000305175781,0.0,199241500
2011-11-30,96.49496459960938,0.0,124.98999786376953,0.0,125.22000122070312,120.0,123.48999786376953,0.0,324439500
2011-12-01,96.4795150756836,0.0,124.97000122070312,0.0,125.63999938964844,124.43000030517578,124.8499984741211,0.0,176954800
2011-12-02,96.39459991455078,0.0,124.86000061035156,0.0,126.5,124.77999877929688,126.12000274658203,0.0,221109700
2011-12-05,97.4445571899414,0.0,126.22000122070312,0.0,127.18000030517578,125.44000244140625,126.83999633789062,0.0,225263900
2011-12-06,97.4754409790039,0.0,126.26000213623047,0.0,127.11000061035156,125.76000213623047,126.20999908447266,0.0,178842100
2011-12-07,97.83828735351562,0.0,126.7300033569336,0.0,127.26000213623047,124.97000122070312,125.83999633789062,0.0,237802500
2011-12-08,95.69205474853516,0.0,123.94999694824219,0.0,126.18000030517578,123.6500015258789,125.9000015258789,0.0,240862800
2011-12-09,97.31330108642578,0.0,126.05000305175781,0.0,126.37000274658203,124.4000015258789,124.51000213623047,0.0,209111400
2011-12-12,95.89277648925781,0.0,124.20999908447266,0.0,124.97000122070312,123.16000366210938,124.94999694824219,0.0,215826100
2011-12-13,94.99726867675781,0.0,123.05000305175781,0.0,125.56999969482422,122.44999694824219,124.86000061035156,0.0,245159800
2011-12-14,93.98589324951172,0.0,121.73999786376953,0.0,123.02999877929688,121.47000122070312,122.55999755859375,0.0,238618800
2011-12-15,94.32560729980469,0.0,122.18000030517578,0.0,123.19999694824219,121.98999786376953,123.02999877929688,0.0,199109200
2011-12-16,94.46542358398438,0.0,121.58999633789062,0.77,122.94999694824219,121.30000305175781,122.2300033569336,0.0,220481400
2011-12-19,93.4554443359375,0.0,120.29000091552734,0.0,122.31999969482422,120.02999877929688,122.05999755859375,0.0,183903000
2011-12-20,96.283447265625,0.0,123.93000030517578,0.0,124.13999938964844,120.37000274658203,122.18000030517578,0.0,225418100
2011-12-21,96.46988677978516,0.0,124.16999816894531,0.0,124.36000061035156,122.75,123.93000030517578,0.0,194230900
2011-12-22,97.324462890625,0.0,125.2699966430664,0.0,125.4000015258789,124.2300033569336,124.62999725341797,0.0,119465400
2011-12-23,98.19461059570312,0.0,126.38999938964844,0.0,126.43000030517578,125.41000366210938,125.66999816894531,0.0,92187200
2011-12-27,98.27232360839844,0.0,126.48999786376953,0.0,126.81999969482422,126.05999755859375,126.16999816894531,0.0,86075700
2011-12-28,96.98265075683594,0.0,124.83000183105469,0.0,126.52999877929688,124.7300033569336,126.51000213623047,0.0,119107100
2011-12-29,97.98489379882812,0.0,126.12000274658203,0.0,126.25,124.86000061035156,125.23999786376953,0.0,123507200
2011-12-30,97.50318145751953,0.0,125.5,0.0,126.33000183105469,125.5,126.0199966430664,0.0,95599000
2012-01-03,99.0570068359375,0.0,127.5,0.0,128.3800048828125,127.43000030517578,127.76000213623047,0.0,193697900
2012-01-04,99.21240234375,0.0,127.69999694824219,0.0,127.80999755859375,126.70999908447266,127.19999694824219,0.0,127186500
2012-01-05,99.47652435302734,0.0,128.0399932861328,0.0,128.22999572753906,126.43000030517578,127.01000213623047,0.0,173895000
2012-01-06,99.22016906738281,0.0,127.70999908447266,0.0,128.22000122070312,127.29000091552734,128.1999969482422,0.0,148050000
2012-01-09,99.46100616455078,0.0,128.02000427246094,0.0,128.17999267578125,127.41000366210938,128.0,0.0,99530200
2012-01-10,100.32339477539062,0.0,129.1300048828125,0.0,129.64999389648438,128.9499969482422,129.38999938964844,0.0,115282000
2012-01-11,100.37774658203125,0.0,129.1999969482422,0.0,129.3699951171875,128.52000427246094,128.72999572753906,0.0,111540700
2012-01-12,100.61860656738281,0.0,129.50999450683594,0.0,129.6999969482422,128.5399932861328,129.57000732421875,0.0,118983700
2012-01-13,100.09808349609375,0.0,128.83999633789062,0.0,129.0500030517578,127.72000122070312,128.63999938964844,0.0,179836200
2012-01-17,100.48655700683594,0.0,129.33999633789062,0.0,130.32000732421875,128.89999389648438,130.0800018310547,0.0,132209200
2012-01-18,101.5975570678711,0.0,130.77000427246094,0.0,130.83999633789062,129.0800018310547,129.30999755859375,0.0,163395200
2012-01-19,102.13362121582031,0.0,131.4600067138672,0.0,131.57000732421875,130.8000030517578,131.22000122070312,0.0,126328900
2012-01-20,102.51431274414062,0.0,131.9499969482422,0.0,131.9499969482422,130.9199981689453,131.24000549316406,0.0,138230200
2012-01-23,102.25013732910156,0.0,131.61000061035156,0.0,132.25,130.97999572753906,131.50999450683594,0.0,129295800
2012-01-24,102.13362121582031,0.0,131.4600067138672,0.0,131.5,130.60000610351562,130.8000030517578,0.0,103083300
2012-01-25,102.98820495605469,0.0,132.55999755859375,0.0,132.8699951171875,130.75,131.25999450683594,0.0,198613200
2012-01-26,102.45991516113281,0.0,131.8800048828125,0.0,133.39999389648438,131.36000061035156,133.14999389648438,0.0,184880500
2012-01-27,102.41328430175781,0.0,131.82000732421875,0.0,132.0500030517578,131.14999389648438,131.24000549316406,0.0,135259100
2012-01-30,102.06366729736328,0.0,131.3699951171875,0.0,131.44000244140625,130.05999755859375,130.50999450683594,0.0,147311800
2012-01-31,102.02486419677734,0.0,131.32000732421875,0.0,132.17999267578125,130.67999267578125,132.02000427246094,0.0,157212000
2012-02-01,102.91828918457031,0.0,132.47000122070312,0.0,133.13999938964844,132.1300048828125,132.2899932861328,0.0,166234500
2012-02-02,103.0813980102539,0.0,132.67999267578125,0.0,133.02000427246094,132.2100067138672,132.72999572753906,0.0,113090400
2012-02-03,104.52649688720703,0.0,134.5399932861328,0.0,134.6199951171875,133.77000427246094,134.0,0.0,160598500
2012-02-06,104.45661163330078,0.0,134.4499969482422,0.0,134.50999450683594,133.8300018310547,133.97999572753906,0.0,107694500
2012-02-07,104.72074127197266,0.0,134.7899932861328,0.0,135.02000427246094,133.63999938964844,134.1699981689453,0.0,135528100
2012-02-08,105.03148651123047,0.0,135.19000244140625,0.0,135.22000122070312,134.30999755859375,134.86000061035156,0.0,139361400
2012-02-09,105.16358184814453,0.0,135.36000061035156,0.0,135.58999633789062,134.55999755859375,135.41000366210938,0.0,148602900
2012-02-10,104.38664245605469,0.0,134.36000061035156,0.0,134.47000122070312,133.83999633789062,134.16000366210938,0.0,167907500
2012-02-13,105.16358184814453,0.0,135.36000061035156,0.0,135.52000427246094,134.74000549316406,135.32000732421875,0.0,115841900
2012-02-14,105.03148651123047,0.0,135.19000244140625,0.0,135.27000427246094,134.25,135.0,0.0,165329500
2012-02-15,104.54202270507812,0.0,134.55999755859375,0.0,135.8300018310547,134.2899932861328,135.6300048828125,0.0,195195100
2012-02-16,105.69966888427734,0.0,136.0500030517578,0.0,136.1699981689453,134.3300018310547,134.57000732421875,0.0,186567800
2012-02-17,105.97933197021484,0.0,136.41000366210938,0.0,136.6300048828125,135.9600067138672,136.52000427246094,0.0,129869400
2012-02-21,106.02597045898438,0.0,136.47000122070312,0.0,137.0500030517578,136.0500030517578,136.72999572753906,0.0,134042300
2012-02-22,105.68409729003906,0.0,136.02999877929688,0.0,136.5500030517578,135.7899932861328,136.25999450683594,0.0,124455300
2012-02-23,106.15026092529297,0.0,136.6300048828125,0.0,136.72999572753906,135.5,135.9600067138672,0.0,137704300
2012-02-24,106.38333892822266,0.0,136.92999267578125,0.0,137.1999969482422,136.6300048828125,136.92999267578125,0.0,105539100
2012-02-27,106.56206512451172,0.0,137.16000366210938,0.0,137.52999877929688,135.8000030517578,136.02000427246094,0.0,145728900
2012-02-28,106.8728256225586,0.0,137.55999755859375,0.0,137.72000122070312,136.92999267578125,137.1999969482422,0.0,129355900
2012-02-29,106.45325469970703,0.0,137.02000427246094,0.0,138.19000244140625,136.5399932861328,137.75999450683594,0.0,185934700
2012-03-01,107.0049057006836,0.0,137.72999572753906,0.0,137.99000549316406,136.92999267578125,137.30999755859375,0.0,145023500
2012-03-02,106.67860412597656,0.0,137.30999755859375,0.0,137.82000732421875,137.0,137.63999938964844,0.0,120638300
2012-03-05,106.24349212646484,0.0,136.75,0.0,137.1999969482422,136.27999877929688,137.10000610351562,0.0,140765000
2012-03-06,104.68965148925781,0.0,134.75,0.0,135.42999267578125,134.36000061035156,135.35000610351562,0.0,202129900
2012-03-07,105.41998291015625,0.0,135.69000244140625,0.0,135.91000366210938,134.92999267578125,135.05999755859375,0.0,143692200
2012-03-08,106.46880340576172,0.0,137.0399932861328,0.0,137.32000732421875,136.24000549316406,136.52000427246094,0.0,116968900
2012-03-09,106.88054656982422,0.0,137.57000732421875,0.0,137.92999267578125,137.1300048828125,137.3000030517578,0.0,122836800
2012-03-12,106.88838958740234,0.0,137.5800018310547,0.0,137.75999450683594,137.08999633789062,137.5500030517578,0.0,104003500
2012-03-13,108.8150634765625,0.0,140.05999755859375,0.0,140.1300048828125,138.08999633789062,138.32000732421875,0.0,184090500
2012-03-14,108.69855499267578,0.0,139.91000366210938,0.0,140.4499969482422,139.47999572753906,140.10000610351562,0.0,145163600
2012-03-15,109.32786560058594,0.0,140.72000122070312,0.0,140.77999877929688,139.75999450683594,140.1199951171875,0.0,165118500
2012-03-16,109.47923278808594,0.0,140.3000030517578,0.614,140.47999572753906,140.0,140.36000061035156,0.0,152893500
2012-03-19,109.9084243774414,0.0,140.85000610351562,0.0,141.27999877929688,140.11000061035156,140.2100067138672,0.0,125291100
2012-03-20,109.58847045898438,0.0,140.44000244140625,0.0,140.61000061035156,139.63999938964844,140.0500030517578,0.0,121729700
2012-03-21,109.40901184082031,0.0,140.2100067138672,0.0,140.64999389648438,139.9199981689453,140.52000427246094,0.0,122388400
2012-03-22,108.62085723876953,0.0,139.1999969482422,0.0,139.5500030517578,138.74000549316406,139.17999267578125,0.0,135216700
2012-03-23,108.97200012207031,0.0,139.64999389648438,0.0,139.80999755859375,138.5500030517578,139.32000732421875,0.0,120521000
2012-03-26,110.50146484375,0.0,141.61000061035156,0.0,141.61000061035156,140.60000610351562,140.64999389648438,0.0,120164000
2012-03-27,110.15811920166016,0.0,141.1699981689453,0.0,141.8300018310547,141.0800018310547,141.74000549316406,0.0,119868500
2012-03-28,109.61188507080078,0.0,140.47000122070312,0.0,141.32000732421875,139.63999938964844,141.10000610351562,0.0,148562100
2012-03-29,109.42462921142578,0.0,140.22999572753906,0.0,140.49000549316406,139.08999633789062,139.63999938964844,0.0,164963700
2012-03-30,109.87724304199219,0.0,140.80999755859375,0.0,141.0500030517578,140.0500030517578,140.9199981689453,0.0,135486800
2012-04-02,110.680908203125,0.0,141.83999633789062,0.0,142.2100067138672,140.36000061035156,140.63999938964844,0.0,151741100
2012-04-03,110.22838592529297,0.0,141.25999450683594,0.0,141.8800048828125,140.42999267578125,141.63999938964844,0.0,155806700
2012-04-04,109.13590240478516,0.0,139.86000061035156,0.0,140.33999633789062,139.33999633789062,140.22000122070312,0.0,146896000
2012-04-05,109.08126831054688,0.0,139.7899932861328,0.0,140.1999969482422,139.25999450683594,139.3800048828125,0.0,137439400
2012-04-09,107.85618591308594,0.0,138.22000122070312,0.0,139.83999633789062,137.83999633789062,138.02999877929688,0.0,127555900
2012-04-10,106.04581451416016,0.0,135.89999389648438,0.0,138.33999633789062,135.75999450683594,137.9499969482422,0.0,235360300
2012-04-11,106.9041519165039,0.0,137.0,0.0,137.5399932861328,136.75,137.2899932861328,0.0,154133000
2012-04-12,108.3009262084961,0.0,138.7899932861328,0.0,138.89999389648438,137.02999877929688,137.1300048828125,0.0,154321500
2012-04-13,107.01344299316406,0.0,137.13999938964844,0.0,138.82000732421875,137.00999450683594,138.47000122070312,0.0,169246700
2012-04-16,106.94322967529297,0.0,137.0500030517578,0.0,138.0399932861328,136.5800018310547,137.83999633789062,0.0,147825300
2012-04-17,108.52725219726562,0.0,139.0800018310547,0.0,139.36000061035156,137.6999969482422,137.83999633789062,0.0,147877600
2012-04-18,108.16053771972656,0.0,138.61000061035156,0.0,139.0800018310547,138.3800048828125,138.4600067138672,0.0,123884200
2012-04-19,107.46601867675781,0.0,137.72000122070312,0.0,139.14999389648438,137.07000732421875,138.6300048828125,0.0,198666700
2012-04-20,107.64547729492188,0.0,137.9499969482422,0.0,138.8300018310547,137.8699951171875,138.3300018310547,0.0,143199600
2012-04-23,106.74028778076172,0.0,136.7899932861328,0.0,136.91000366210938,135.94000244140625,136.5399932861328,0.0,171844900
2012-04-24,107.14610290527344,0.0,137.30999755859375,0.0,137.66000366210938,136.8000030517578,136.91000366210938,0.0,137484200
2012-04-25,108.61309051513672,0.0,139.19000244140625,0.0,139.25,138.52999877929688,138.64999389648438,0.0,150252200
2012-04-26,109.36997985839844,0.0,140.16000366210938,0.0,140.32000732421875,138.80999755859375,138.88999938964844,0.0,136291600
2012-04-27,109.54946899414062,0.0,140.38999938964844,0.0,140.7899932861328,139.8000030517578,140.5800018310547,0.0,130725000
2012-04-30,109.14371490478516,0.0,139.8699951171875,0.0,140.2100067138672,139.49000549316406,140.11000061035156,0.0,115092200
2012-05-01,109.82261657714844,0.0,140.74000549316406,0.0,141.66000366210938,139.6300048828125,139.7899932861328,0.0,138832200
2012-05-02,109.49482727050781,0.0,140.32000732421875,0.0,140.4600067138672,139.4600067138672,139.9199981689453,0.0,121081000
2012-05-03,108.65995788574219,0.0,139.25,0.0,140.4499969482422,138.99000549316406,140.33999633789062,0.0,143759700
2012-05-04,106.9041519165039,0.0,137.0,0.0,139.3000030517578,136.9199981689453,138.52000427246094,0.0,193927300
2012-05-07,106.9822006225586,0.0,137.10000610351562,0.0,137.55999755859375,136.4600067138672,136.50999450683594,0.0,127765900
2012-05-08,106.55303955078125,0.0,136.5500030517578,0.0,136.77000427246094,134.9199981689453,136.27999877929688,0.0,213377700
2012-05-09,105.92097473144531,0.0,135.74000549316406,0.0,136.61000061035156,134.49000549316406,135.10000610351562,0.0,220752500
2012-05-10,106.13945007324219,0.0,136.02000427246094,0.0,136.85000610351562,135.7100067138672,136.67999267578125,0.0,150600000
2012-05-11,105.81951904296875,0.0,135.61000061035156,0.0,136.8699951171875,135.11000061035156,135.1699981689453,0.0,153032400
2012-05-14,104.64903259277344,0.0,134.11000061035156,0.0,135.61000061035156,133.91000366210938,134.30999755859375,0.0,163910000
2012-05-15,104.04817199707031,0.0,133.33999633789062,0.0,134.80999755859375,133.1300048828125,134.02000427246094,0.0,207629300
2012-05-16,103.65021514892578,0.0,132.8300018310547,0.0,134.5500030517578,132.8000030517578,133.94000244140625,0.0,207265500
2012-05-17,102.11299133300781,0.0,130.86000061035156,0.0,133.02000427246094,130.7899932861328,132.86000061035156,0.0,247992900
2012-05-18,101.23902130126953,0.0,129.74000549316406,0.0,131.60000610351562,129.5500030517578,131.3699951171875,0.0,319615900
2012-05-21,102.9791488647461,0.0,131.97000122070312,0.0,132.02000427246094,129.9499969482422,130.16000366210938,0.0,177861100
2012-05-22,103.15863037109375,0.0,132.1999969482422,0.0,133.22999572753906,131.33999633789062,132.30999755859375,0.0,197531200
2012-05-23,103.21324920654297,0.0,132.27000427246094,0.0,132.4600067138672,129.99000549316406,131.25,0.0,204958400
2012-05-24,103.41612243652344,0.0,132.52999877929688,0.0,132.83999633789062,131.4199981689453,132.6300048828125,0.0,167357600
2012-05-25,103.08062744140625,0.0,132.10000610351562,0.0,132.85000610351562,131.77999877929688,132.47999572753906,0.0,135465600
2012-05-29,104.32913970947266,0.0,133.6999969482422,0.0,133.92999267578125,131.1699981689453,133.16000366210938,0.0,152883500
2012-05-30,102.81529998779297,0.0,131.75999450683594,0.0,133.69000244140625,131.49000549316406,132.55999755859375,0.0,162370400
2012-05-31,102.58898162841797,0.0,131.47000122070312,0.0,132.4499969482422,130.33999633789062,131.7100067138672,0.0,196186000
2012-06-01,100.0061264038086,0.0,128.16000366210938,0.0,131.5,128.16000366210938,129.41000366210938,0.0,253240900
2012-06-04,99.95932006835938,0.0,128.10000610351562,0.0,128.74000549316406,127.13999938964844,128.38999938964844,0.0,202545800
2012-06-05,100.71622467041016,0.0,129.07000732421875,0.0,129.25999450683594,127.77999877929688,127.8499984741211,0.0,164149400
2012-06-06,102.9791488647461,0.0,131.97000122070312,0.0,132.02999877929688,129.92999267578125,129.97000122070312,0.0,184202800
2012-06-07,103.0416030883789,0.0,132.0500030517578,0.0,133.52999877929688,131.77999877929688,133.47000122070312,0.0,184772700
2012-06-08,103.86091613769531,0.0,133.10000610351562,0.0,133.1300048828125,131.2899932861328,131.7100067138672,0.0,143915400
2012-06-11,102.54219818115234,0.0,131.41000366210938,0.0,134.25,131.27999877929688,134.1699981689453,0.0,169756100
2012-06-12,103.720458984375,0.0,132.9199981689453,0.0,133.00999450683594,131.16000366210938,131.7899932861328,0.0,181931800
2012-06-13,103.05718231201172,0.0,132.07000732421875,0.0,133.36000061035156,131.6199951171875,132.52999877929688,0.0,172223900
2012-06-14,104.14962768554688,0.0,133.47000122070312,0.0,134.0,131.97999572753906,132.33999633789062,0.0,230615500
2012-06-15,105.21482849121094,0.0,134.13999938964844,0.688,134.25999450683594,133.10000610351562,133.3800048828125,0.0,169444500
2012-06-18,105.41874694824219,0.0,134.39999389648438,0.0,134.72999572753906,133.27999877929688,133.5800018310547,0.0,131360900
2012-06-19,106.43843078613281,0.0,135.6999969482422,0.0,136.25,134.3699951171875,135.0800018310547,0.0,137382600
2012-06-20,106.2658462524414,0.0,135.47999572753906,0.0,136.10000610351562,134.27000427246094,135.7100067138672,0.0,206451800
2012-06-21,103.88138580322266,0.0,132.44000244140625,0.0,135.77999877929688,132.3300018310547,135.63999938964844,0.0,205272200
2012-06-22,104.68146514892578,0.0,133.4600067138672,0.0,133.7100067138672,132.6199951171875,133.1300048828125,0.0,130029200
2012-06-25,103.00292205810547,0.0,131.32000732421875,0.0,132.10000610351562,130.85000610351562,132.0500030517578,0.0,146375700
2012-06-26,103.52057647705078,0.0,131.97999572753906,0.0,132.3800048828125,130.92999267578125,131.6999969482422,0.0,141634000
2012-06-27,104.45399475097656,0.0,133.1699981689453,0.0,133.42999267578125,131.97000122070312,132.4199981689453,0.0,108088000
2012-06-28,104.15592193603516,0.0,132.7899932861328,0.0,132.99000549316406,131.27999877929688,132.2899932861328,0.0,169242100
2012-06-29,106.7521743774414,0.0,136.10000610351562,0.0,136.27000427246094,134.85000610351562,135.1999969482422,0.0,212250900
2012-07-02,107.07376861572266,0.0,136.50999450683594,0.0,136.64999389648438,135.52000427246094,136.47999572753906,0.0,129524500
2012-07-03,107.77970886230469,0.0,137.41000366210938,0.0,137.50999450683594,136.33999633789062,136.47999572753906,0.0,80450000
2012-07-05,107.29335021972656,0.0,136.7899932861328,0.0,137.8000030517578,136.2899932861328,136.89999389648438,0.0,126177500
2012-07-06,106.27371215820312,0.0,135.49000549316406,0.0,135.77000427246094,134.85000610351562,135.47000122070312,0.0,151192100
2012-07-09,106.14041137695312,0.0,135.32000732421875,0.0,135.57000732421875,134.6999969482422,135.3800048828125,0.0,103780500
2012-07-10,105.21482849121094,0.0,134.13999938964844,0.0,136.22999572753906,133.67999267578125,136.00999450683594,0.0,167884800
2012-07-11,105.2304916381836,0.0,134.16000366210938,0.0,134.60000610351562,133.3800048828125,134.2100067138672,0.0,141733400
2012-07-12,104.72064208984375,0.0,133.50999450683594,0.0,134.22999572753906,132.60000610351562,133.3800048828125,0.0,143583200
2012-07-13,106.4776382446289,0.0,135.75,0.0,135.88999938964844,133.83999633789062,133.86000061035156,0.0,129642600
2012-07-16,106.22663879394531,0.0,135.42999267578125,0.0,135.8300018310547,134.89999389648438,135.44000244140625,0.0,97525200
2012-07-17,106.95611572265625,0.0,136.36000061035156,0.0,136.63999938964844,134.5500030517578,135.97000122070312,0.0,138860300
2012-07-18,107.74835205078125,0.0,137.3699951171875,0.0,137.63999938964844,135.9600067138672,136.0399932861328,0.0,113349700
2012-07-19,108.03072357177734,0.0,137.72999572753906,0.0,138.17999267578125,137.2100067138672,137.64999389648438,0.0,129847300
2012-07-20,107.04238891601562,0.0,136.47000122070312,0.0,137.16000366210938,136.32000732421875,136.9499969482422,0.0,142904500
2012-07-23,105.95992279052734,0.0,135.08999633789062,0.0,136.3800048828125,133.83999633789062,134.47000122070312,0.0,145210900
2012-07-24,105.05005645751953,0.0,133.92999267578125,0.0,135.25,133.02999877929688,135.19000244140625,0.0,173301200
2012-07-25,105.0736083984375,0.0,133.9600067138672,0.0,134.55999755859375,133.25,134.2100067138672,0.0,129122300
2012-07-26,106.80706024169922,0.0,136.1699981689453,0.0,136.4600067138672,135.25999450683594,135.88999938964844,0.0,156526500
2012-07-27,108.77581024169922,0.0,138.67999267578125,0.0,139.07000732421875,136.13999938964844,136.88999938964844,0.0,236768900
2012-07-30,108.77581024169922,0.0,138.67999267578125,0.0,139.33999633789062,138.27000427246094,138.52000427246094,0.0,106782000
2012-07-31,108.01498413085938,0.0,137.7100067138672,0.0,138.8699951171875,137.7100067138672,138.49000549316406,0.0,120575900
2012-08-01,107.92088317871094,0.0,137.58999633789062,0.0,138.72999572753906,137.39999389648438,138.6999969482422,0.0,138293800
2012-08-02,107.17572784423828,0.0,136.63999938964844,0.0,137.57000732421875,135.5800018310547,136.5500030517578,0.0,199556600
2012-08-03,109.3013687133789,0.0,139.35000610351562,0.0,139.63999938964844,136.67999267578125,138.55999755859375,0.0,157825000
2012-08-06,109.51311492919922,0.0,139.6199951171875,0.0,140.1699981689453,139.55999755859375,139.72000122070312,0.0,86326200
2012-08-07,110.06217193603516,0.0,140.32000732421875,0.0,140.9199981689453,140.02999877929688,140.17999267578125,0.0,109545100
2012-08-08,110.19552612304688,0.0,140.49000549316406,0.0,140.64999389648438,139.80999755859375,139.85000610351562,0.0,89754700
2012-08-09,110.28966522216797,0.0,140.61000061035156,0.0,140.88999938964844,140.14999389648438,140.2899932861328,0.0,90291700
2012-08-10,110.47006225585938,0.0,140.83999633789062,0.0,140.88999938964844,139.80999755859375,140.0399932861328,0.0,99792700
2012-08-13,110.41514587402344,0.0,140.77000427246094,0.0,140.83999633789062,140.0399932861328,140.60000610351562,0.0,79426900
2012-08-14,110.43084716796875,0.0,140.7899932861328,0.0,141.3800048828125,140.3699951171875,141.2899932861328,0.0,102379400
2012-08-15,110.55632781982422,0.0,140.9499969482422,0.0,141.19000244140625,140.5500030517578,140.63999938964844,0.0,71085900
2012-08-16,111.3720703125,0.0,141.99000549316406,0.0,142.16000366210938,140.8000030517578,141.14999389648438,0.0,112014200
2012-08-17,111.52112579345703,0.0,142.17999267578125,0.0,142.3000030517578,141.86000061035156,142.22999572753906,0.0,90813700
2012-08-20,111.52896118164062,0.0,142.19000244140625,0.0,142.22000122070312,141.58999633789062,141.97999572753906,0.0,78255700
2012-08-21,111.19166564941406,0.0,141.75999450683594,0.0,143.08999633789062,141.4499969482422,142.5399932861328,0.0,105581100
2012-08-22,111.23876953125,0.0,141.82000732421875,0.0,142.0500030517578,141.07000732421875,141.39999389648438,0.0,133243500
2012-08-23,110.32890319824219,0.0,140.66000366210938,0.0,141.47999572753906,140.44000244140625,141.47000122070312,0.0,111466400
2012-08-24,110.9955825805664,0.0,141.50999450683594,0.0,141.8300018310547,140.22000122070312,140.30999755859375,0.0,99481200
2012-08-27,111.01912689208984,0.0,141.5399932861328,0.0,142.0800018310547,141.33999633789062,141.88999938964844,0.0,68785900
2012-08-28,110.90931701660156,0.0,141.39999389648438,0.0,141.83999633789062,140.97000122070312,141.17999267578125,0.0,75689600
2012-08-29,110.9955825805664,0.0,141.50999450683594,0.0,141.88999938964844,141.1199951171875,141.52000427246094,0.0,65421300
2012-08-30,110.19552612304688,0.0,140.49000549316406,0.0,140.94000244140625,140.19000244140625,140.89999389648438,0.0,96589900
2012-08-31,110.72103881835938,0.0,141.16000366210938,0.0,141.82000732421875,140.36000061035156,141.2899932861328,0.0,151970400
2012-09-04,110.61910247802734,0.0,141.02999877929688,0.0,141.4600067138672,140.1300048828125,141.0399932861328,0.0,120226200
2012-09-05,110.52495574951172,0.0,140.91000366210938,0.0,141.47000122070312,140.6300048828125,141.08999633789062,0.0,100660300
2012-09-06,112.76828002929688,0.0,143.77000427246094,0.0,143.77999877929688,141.75,141.75999450683594,0.0,158272500
2012-09-07,113.20748901367188,0.0,144.3300018310547,0.0,144.38999938964844,143.8800048828125,144.00999450683594,0.0,107272100
2012-09-10,112.56429290771484,0.0,143.50999450683594,0.0,144.44000244140625,143.4600067138672,144.19000244140625,0.0,86458500
2012-09-11,112.87805938720703,0.0,143.91000366210938,0.0,144.3699951171875,143.55999755859375,143.60000610351562,0.0,88760000
2012-09-12,113.25459289550781,0.0,144.38999938964844,0.0,144.5500030517578,143.89999389648438,144.38999938964844,0.0,87640900
2012-09-13,114.98014831542969,0.0,146.58999633789062,0.0,147.0399932861328,143.99000549316406,144.3699951171875,0.0,225470200
2012-09-14,115.489990234375,0.0,147.24000549316406,0.0,148.11000061035156,146.75999450683594,146.8800048828125,0.0,169777000
2012-09-17,115.09784698486328,0.0,146.74000549316406,0.0,147.19000244140625,146.3699951171875,146.94000244140625,0.0,119427800
2012-09-18,115.00366973876953,0.0,146.6199951171875,0.0,146.80999755859375,146.25,146.49000549316406,0.0,98326600
2012-09-19,115.06645965576172,0.0,146.6999969482422,0.0,147.1699981689453,146.41000366210938,146.7899932861328,0.0,128318300
2012-09-20,115.07428741455078,0.0,146.7100067138672,0.0,146.7899932861328,145.6300048828125,146.02999877929688,0.0,154009800
2012-09-21,115.02619934082031,0.0,145.8699951171875,0.779,146.6699981689453,145.80999755859375,146.63999938964844,0.0,108737500
2012-09-24,114.85273742675781,0.0,145.64999389648438,0.0,145.97999572753906,145.0399932861328,145.14999389648438,0.0,95682000
2012-09-25,113.63045501708984,0.0,144.10000610351562,0.0,146.24000549316406,144.05999755859375,145.9600067138672,0.0,133165200
2012-09-26,112.99169158935547,0.0,143.2899932861328,0.0,144.11000061035156,142.9499969482422,144.07000732421875,0.0,146502200
2012-09-27,114.0562744140625,0.0,144.63999938964844,0.0,144.97000122070312,143.50999450683594,143.88999938964844,0.0,111830300
2012-09-28,113.52798461914062,0.0,143.97000122070312,0.0,144.55999755859375,143.4600067138672,144.08999633789062,0.0,150696100
2012-10-01,113.82758331298828,0.0,144.35000610351562,0.0,145.69000244140625,144.00999450683594,144.52000427246094,0.0,135911200
2012-10-02,113.9458999633789,0.0,144.5,0.0,145.14999389648438,143.8300018310547,144.9199981689453,0.0,113422200
2012-10-03,114.4111099243164,0.0,145.08999633789062,0.0,145.42999267578125,144.1300048828125,144.88999938964844,0.0,121283100
2012-10-04,115.2312240600586,0.0,146.1300048828125,0.0,146.33999633789062,145.44000244140625,145.63999938964844,0.0,124311600
2012-10-05,115.23909759521484,0.0,146.13999938964844,0.0,147.16000366210938,145.6999969482422,146.91000366210938,0.0,124842100
2012-10-08,114.84485626220703,0.0,145.63999938964844,0.0,146.1199951171875,145.30999755859375,145.60000610351562,0.0,78415400
2012-10-09,113.70931243896484,0.0,144.1999969482422,0.0,145.64999389648438,144.14999389648438,145.52999877929688,0.0,148872900
2012-10-10,112.98383331298828,0.0,143.27999877929688,0.0,144.32000732421875,143.08999633789062,144.17999267578125,0.0,124247500
2012-10-11,113.04692077636719,0.0,143.36000061035156,0.0,144.49000549316406,143.3300018310547,144.27999877929688,0.0,123601500
2012-10-12,112.67628479003906,0.0,142.88999938964844,0.0,143.9499969482422,142.5800018310547,143.4600067138672,0.0,124181900
2012-10-15,113.61466979980469,0.0,144.0800018310547,0.0,144.22999572753906,142.77000427246094,143.22999572753906,0.0,107689100
2012-10-16,114.76593780517578,0.0,145.5399932861328,0.0,145.63999938964844,144.66000366210938,144.75999450683594,0.0,108815500
2012-10-17,115.28641510009766,0.0,146.1999969482422,0.0,146.32000732421875,145.4199981689453,145.63999938964844,0.0,128834100
2012-10-18,114.98677825927734,0.0,145.82000732421875,0.0,146.52000427246094,145.3300018310547,145.82000732421875,0.0,148108500
2012-10-19,113.070556640625,0.0,143.38999938964844,0.0,145.55999755859375,143.0500030517578,145.5500030517578,0.0,185645200
2012-10-22,113.08638763427734,0.0,143.41000366210938,0.0,143.6699981689453,142.27999877929688,143.14999389648438,0.0,125578600
2012-10-23,111.51712799072266,0.0,141.4199981689453,0.0,142.05999755859375,140.8300018310547,141.86000061035156,0.0,192056300
2012-10-24,111.20169067382812,0.0,141.02000427246094,0.0,142.10000610351562,140.8000030517578,141.92999267578125,0.0,120179400
2012-10-25,111.52501678466797,0.0,141.42999267578125,0.0,142.27999877929688,140.57000732421875,142.02000427246094,0.0,134457400
2012-10-26,111.4619140625,0.0,141.35000610351562,0.0,141.83999633789062,140.38999938964844,141.3000030517578,0.0,146023500
2012-10-31,111.4619140625,0.0,141.35000610351562,0.0,142.02999877929688,140.67999267578125,141.85000610351562,0.0,103438500
2012-11-01,112.62898254394531,0.0,142.8300018310547,0.0,143.00999450683594,141.52000427246094,141.64999389648438,0.0,100995600
2012-11-02,111.62752532958984,0.0,141.55999755859375,0.0,143.72000122070312,141.41000366210938,143.67999267578125,0.0,137702200
2012-11-05,111.8562240600586,0.0,141.85000610351562,0.0,142.1699981689453,140.92999267578125,141.35000610351562,0.0,98378500
2012-11-06,112.73151397705078,0.0,142.9600067138672,0.0,143.52000427246094,142.1300048828125,142.27999877929688,0.0,107068100
2012-11-07,110.17658996582031,0.0,139.72000122070312,0.0,141.67999267578125,139.05999755859375,141.66000366210938,0.0,264304500
2012-11-08,108.85179901123047,0.0,138.0399932861328,0.0,140.41000366210938,137.92999267578125,139.6999969482422,0.0,181517300
2012-11-09,108.94646453857422,0.0,138.16000366210938,0.0,139.44000244140625,137.5500030517578,137.6199951171875,0.0,201055300
2012-11-12,109.03314971923828,0.0,138.27000427246094,0.0,138.80999755859375,137.9600067138672,138.58999633789062,0.0,97677500
2012-11-13,108.65467834472656,0.0,137.7899932861328,0.0,139.25,137.36000061035156,137.5399932861328,0.0,123018300
2012-11-14,107.18798828125,0.0,135.92999267578125,0.0,138.42999267578125,135.6199951171875,138.2100067138672,0.0,191505000
2012-11-15,107.0066146850586,0.0,135.6999969482422,0.0,136.49000549316406,135.17999267578125,135.97999572753906,0.0,178128400
2012-11-16,107.53491973876953,0.0,136.3699951171875,0.0,136.63999938964844,134.6999969482422,135.89999389648438,0.0,239483900
2012-11-19,109.71138763427734,0.0,139.1300048828125,0.0,139.14999389648438,136.41000366210938,137.89999389648438,0.0,151495800
2012-11-20,109.75867462158203,0.0,139.19000244140625,0.0,139.4199981689453,138.0800018310547,138.91000366210938,0.0,119807400
2012-11-21,109.96369171142578,0.0,139.4499969482422,0.0,139.57000732421875,139.02999877929688,139.30999755859375,0.0,81710800
2012-11-23,111.4619140625,0.0,141.35000610351562,0.0,141.39999389648438,140.0399932861328,140.1300048828125,0.0,65409200
2012-11-26,111.2253646850586,0.0,141.0500030517578,0.0,141.36000061035156,140.19000244140625,140.64999389648438,0.0,100124400
2012-11-27,110.6576156616211,0.0,140.3300018310547,0.0,141.38999938964844,140.24000549316406,140.91000366210938,0.0,128646200
2012-11-28,111.54866790771484,0.0,141.4600067138672,0.0,141.5399932861328,139.0,139.75999450683594,0.0,177086500
2012-11-29,112.0691146850586,0.0,142.1199951171875,0.0,142.50999450683594,141.3699951171875,141.99000549316406,0.0,151085900
2012-11-30,112.0927963256836,0.0,142.14999389648438,0.0,142.4199981689453,141.66000366210938,142.13999938964844,0.0,136568300
2012-12-03,111.5407943725586,0.0,141.4499969482422,0.0,142.9199981689453,141.33999633789062,142.8000030517578,0.0,124656300
2012-12-04,111.38311004638672,0.0,141.25,0.0,141.8699951171875,140.8699951171875,141.44000244140625,0.0,127512200
2012-12-05,111.58024597167969,0.0,141.5,0.0,142.16000366210938,140.3699951171875,141.3699951171875,0.0,147300500
2012-12-06,111.95867919921875,0.0,141.97999572753906,0.0,142.0399932861328,141.16000366210938,141.3699951171875,0.0,103220600
2012-12-07,112.29776763916016,0.0,142.41000366210938,0.0,142.69000244140625,141.6699981689453,142.52999877929688,0.0,108726400
2012-12-10,112.34510803222656,0.0,142.47000122070312,0.0,142.80999755859375,142.14999389648438,142.2100067138672,0.0,98840700
2012-12-11,113.11001586914062,0.0,143.44000244140625,0.0,144.11000061035156,142.99000549316406,143.05999755859375,0.0,152570400
2012-12-12,113.1651840209961,0.0,143.50999450683594,0.0,144.5500030517578,143.30999755859375,144.0,0.0,145880100
2012-12-13,112.47128295898438,0.0,142.6300048828125,0.0,143.8300018310547,142.27000427246094,143.4199981689453,0.0,135715000
2012-12-14,112.05333709716797,0.0,142.10000610351562,0.0,142.5800018310547,141.8800048828125,142.32000732421875,0.0,137701700
2012-12-17,113.3702621459961,0.0,143.77000427246094,0.0,143.85000610351562,142.42999267578125,142.47000122070312,0.0,143238200
2012-12-18,114.6319351196289,0.0,145.3699951171875,0.0,145.5,143.7899932861328,144.0,0.0,177762800
2012-12-19,113.7802963256836,0.0,144.2899932861328,0.0,145.5800018310547,144.24000549316406,145.52999877929688,0.0,150895400
2012-12-20,114.43472290039062,0.0,145.1199951171875,0.0,145.13999938964844,143.97999572753906,144.3800048828125,0.0,168487000
2012-12-21,113.39603424072266,0.0,142.7899932861328,1.022,144.08999633789062,141.94000244140625,142.1699981689453,0.0,245883800
2012-12-24,113.04660034179688,0.0,142.35000610351562,0.0,142.55999755859375,142.19000244140625,142.47999572753906,0.0,53874600
2012-12-26,112.57009887695312,0.0,141.75,0.0,142.7100067138672,141.35000610351562,142.63999938964844,0.0,106947700
2012-12-27,112.41924285888672,0.0,141.55999755859375,0.0,142.0800018310547,139.9199981689453,141.7899932861328,0.0,167920600
2012-12-28,111.20416259765625,0.0,140.02999877929688,0.0,141.4199981689453,139.8699951171875,140.63999938964844,0.0,148806700
2012-12-31,113.09430694580078,0.0,142.41000366210938,0.0,142.55999755859375,139.5399932861328,139.66000366210938,0.0,243935200
2013-01-02,115.99292755126953,0.0,146.05999755859375,0.0,146.14999389648438,144.72999572753906,145.11000061035156,0.0,192059000
2013-01-03,115.73079681396484,0.0,145.72999572753906,0.0,146.3699951171875,145.33999633789062,145.99000549316406,0.0,144761800
2013-01-04,116.2390365600586,0.0,146.3699951171875,0.0,146.61000061035156,145.6699981689453,145.97000122070312,0.0,116817700
2013-01-07,115.92143249511719,0.0,145.97000122070312,0.0,146.11000061035156,145.42999267578125,145.85000610351562,0.0,110002500
2013-01-08,115.5878677368164,0.0,145.5500030517578,0.0,145.91000366210938,144.97999572753906,145.7100067138672,0.0,121265100
2013-01-09,115.8817138671875,0.0,145.9199981689453,0.0,146.32000732421875,145.63999938964844,145.8699951171875,0.0,90745600
2013-01-10,116.80294799804688,0.0,147.0800018310547,0.0,147.08999633789062,145.97000122070312,146.72999572753906,0.0,130735400
2013-01-11,116.79500579833984,0.0,147.07000732421875,0.0,147.14999389648438,146.61000061035156,147.0399932861328,0.0,113917300
2013-01-14,116.715576171875,0.0,146.97000122070312,0.0,147.07000732421875,146.42999267578125,146.88999938964844,0.0,89567200
2013-01-15,116.79500579833984,0.0,147.07000732421875,0.0,147.2100067138672,146.1999969482422,146.2899932861328,0.0,93172600
2013-01-16,116.77909088134766,0.0,147.0500030517578,0.0,147.27999877929688,146.61000061035156,146.77000427246094,0.0,104849500
2013-01-17,117.53351593017578,0.0,148.0,0.0,148.4199981689453,147.14999389648438,147.6999969482422,0.0,133833500
2013-01-18,117.79558563232422,0.0,148.3300018310547,0.0,148.49000549316406,147.42999267578125,147.97000122070312,0.0,169906000
2013-01-22,118.43093872070312,0.0,149.1300048828125,0.0,149.1300048828125,147.97999572753906,148.3300018310547,0.0,111797300
2013-01-23,118.62146759033203,0.0,149.3699951171875,0.0,149.5,148.86000061035156,149.1300048828125,0.0,104596100
2013-01-24,118.65332794189453,0.0,149.41000366210938,0.0,150.13999938964844,149.00999450683594,149.14999389648438,0.0,146426400
2013-01-25,119.32034301757812,0.0,150.25,0.0,150.25,149.3699951171875,149.8800048828125,0.0,147211600
2013-01-28,119.17745971679688,0.0,150.07000732421875,0.0,150.3300018310547,149.50999450683594,150.2899932861328,0.0,113357700
2013-01-29,119.64591979980469,0.0,150.66000366210938,0.0,150.85000610351562,149.6699981689453,149.77000427246094,0.0,105694400
2013-01-30,119.17745971679688,0.0,150.07000732421875,0.0,150.94000244140625,149.92999267578125,150.63999938964844,0.0,137447700
2013-01-31,118.8835678100586,0.0,149.6999969482422,0.0,150.3800048828125,149.60000610351562,149.88999938964844,0.0,108975800
2013-02-01,120.10658264160156,0.0,151.24000549316406,0.0,151.4199981689453,150.38999938964844,150.64999389648438,0.0,131173000
2013-02-04,118.75643920898438,0.0,149.5399932861328,0.0,151.27000427246094,149.42999267578125,150.32000732421875,0.0,159073600
2013-02-05,119.95561981201172,0.0,151.0500030517578,0.0,151.47999572753906,150.2899932861328,150.35000610351562,0.0,113912400
2013-02-06,120.04305267333984,0.0,151.16000366210938,0.0,151.25999450683594,150.41000366210938,150.52000427246094,0.0,138762800
2013-02-07,119.88420867919922,0.0,150.9600067138672,0.0,151.35000610351562,149.86000061035156,151.2100067138672,0.0,162490000
2013-02-08,120.5512924194336,0.0,151.8000030517578,0.0,151.88999938964844,151.22000122070312,151.22000122070312,0.0,103133700
2013-02-11,120.52743530273438,0.0,151.77000427246094,0.0,151.89999389648438,151.38999938964844,151.74000549316406,0.0,73775000
2013-02-12,120.72598266601562,0.0,152.02000427246094,0.0,152.3000030517578,151.61000061035156,151.77999877929688,0.0,65392700
2013-02-13,120.82921600341797,0.0,152.14999389648438,0.0,152.61000061035156,151.72000122070312,152.3300018310547,0.0,82322600
2013-02-14,120.94039916992188,0.0,152.2899932861328,0.0,152.47000122070312,151.52000427246094,151.69000244140625,0.0,80834300
2013-02-15,120.79742431640625,0.0,152.11000061035156,0.0,152.58999633789062,151.5500030517578,152.42999267578125,0.0,215226500
2013-02-19,121.70279693603516,0.0,153.25,0.0,153.27999877929688,152.16000366210938,152.3699951171875,0.0,95105400
2013-02-20,120.1860122680664,0.0,151.33999633789062,0.0,153.19000244140625,151.25999450683594,153.13999938964844,0.0,160574800
2013-02-21,119.45535278320312,0.0,150.4199981689453,0.0,151.4199981689453,149.94000244140625,150.9600067138672,0.0,183257000
2013-02-22,120.62279510498047,0.0,151.88999938964844,0.0,151.88999938964844,150.49000549316406,151.14999389648438,0.0,106356600
2013-02-25,118.32762908935547,0.0,149.0,0.0,152.86000061035156,149.0,152.6300048828125,0.0,245824800
2013-02-26,119.13771057128906,0.0,150.02000427246094,0.0,150.1999969482422,148.72999572753906,149.72000122070312,0.0,186596200
2013-02-27,120.6386489868164,0.0,151.91000366210938,0.0,152.3300018310547,149.75999450683594,149.88999938964844,0.0,150781900
2013-02-28,120.400390625,0.0,151.61000061035156,0.0,152.8699951171875,151.41000366210938,151.89999389648438,0.0,126866000
2013-03-01,120.79742431640625,0.0,152.11000061035156,0.0,152.33999633789062,150.41000366210938,151.08999633789062,0.0,170634800
2013-03-04,121.44071960449219,0.0,152.9199981689453,0.0,152.9199981689453,151.52000427246094,151.75999450683594,0.0,99010200
2013-03-05,122.52871704101562,0.0,154.2899932861328,0.0,154.6999969482422,153.63999938964844,153.66000366210938,0.0,121431900
2013-03-06,122.6954574584961,0.0,154.5,0.0,154.9199981689453,154.16000366210938,154.83999633789062,0.0,94469900
2013-03-07,122.91785430908203,0.0,154.77999877929688,0.0,154.97999572753906,154.52000427246094,154.6999969482422,0.0,86101400
2013-03-08,123.4419937133789,0.0,155.44000244140625,0.0,155.64999389648438,154.66000366210938,155.4600067138672,0.0,123477800
2013-03-11,123.9105453491211,0.0,156.02999877929688,0.0,156.0399932861328,155.1300048828125,155.32000732421875,0.0,83746800
2013-03-12,123.63253784179688,0.0,155.67999267578125,0.0,156.10000610351562,155.2100067138672,155.9199981689453,0.0,105755800
2013-03-13,123.80725860595703,0.0,155.89999389648438,0.0,156.1199951171875,155.22999572753906,155.75999450683594,0.0,92550900
2013-03-14,124.4664306640625,0.0,156.72999572753906,0.0,156.8000030517578,155.91000366210938,156.30999755859375,0.0,126329900
2013-03-15,124.30208587646484,0.0,155.8300018310547,0.694,156.0399932861328,155.30999755859375,155.85000610351562,0.0,138601100
2013-03-18,123.61612701416016,0.0,154.97000122070312,0.0,155.63999938964844,154.1999969482422,154.33999633789062,0.0,126704300
2013-03-19,123.3289566040039,0.0,154.61000061035156,0.0,155.50999450683594,153.58999633789062,155.3000030517578,0.0,167567300
2013-03-20,124.19042205810547,0.0,155.69000244140625,0.0,155.9499969482422,155.25999450683594,155.52000427246094,0.0,113759300
2013-03-21,123.1295394897461,0.0,154.36000061035156,0.0,155.63999938964844,154.10000610351562,154.75999450683594,0.0,128605000
2013-03-22,124.1186752319336,0.0,155.60000610351562,0.0,155.60000610351562,154.72999572753906,154.85000610351562,0.0,111163600
2013-03-25,123.60016632080078,0.0,154.9499969482422,0.0,156.27000427246094,154.35000610351562,156.00999450683594,0.0,151322300
2013-03-26,124.5892562866211,0.0,156.19000244140625,0.0,156.22999572753906,155.4199981689453,155.58999633789062,0.0,86856600
2013-03-27,124.5892562866211,0.0,156.19000244140625,0.0,156.24000549316406,155.0,155.25999450683594,0.0,99950600
2013-03-28,124.97217559814453,0.0,156.6699981689453,0.0,156.85000610351562,155.75,156.08999633789062,0.0,102932800
2013-04-01,124.47756958007812,0.0,156.0500030517578,0.0,156.91000366210938,155.6699981689453,156.58999633789062,0.0,99194100
2013-04-02,125.09178161621094,0.0,156.82000732421875,0.0,157.2100067138672,156.3699951171875,156.61000061035156,0.0,101504300
2013-04-03,123.82351684570312,0.0,155.22999572753906,0.0,157.02999877929688,154.82000732421875,156.91000366210938,0.0,154167400
2013-04-04,124.32604217529297,0.0,155.86000061035156,0.0,156.1699981689453,155.08999633789062,155.42999267578125,0.0,131885000
2013-04-05,123.76763916015625,0.0,155.16000366210938,0.0,155.35000610351562,153.77000427246094,153.9499969482422,0.0,159666000
2013-04-08,124.60521697998047,0.0,156.2100067138672,0.0,156.22000122070312,154.75,155.27000427246094,0.0,86571200
2013-04-09,125.03597259521484,0.0,156.75,0.0,157.32000732421875,155.97999572753906,156.5,0.0,101922200
2013-04-10,126.5675277709961,0.0,158.6699981689453,0.0,158.8699951171875,157.1300048828125,157.1699981689453,0.0,135711100
2013-04-11,126.98231506347656,0.0,159.19000244140625,0.0,159.7100067138672,158.5399932861328,158.6999969482422,0.0,110142500
2013-04-12,126.67119598388672,0.0,158.8000030517578,0.0,159.0399932861328,157.9199981689453,158.67999267578125,0.0,116359900
2013-04-15,123.73572540283203,0.0,155.1199951171875,0.0,158.1300048828125,155.10000610351562,158.0,0.0,217259000
2013-04-16,125.5624008178711,0.0,157.41000366210938,0.0,157.49000549316406,155.91000366210938,156.2899932861328,0.0,147507800
2013-04-17,123.72771453857422,0.0,155.11000061035156,0.0,156.32000732421875,154.27999877929688,156.2899932861328,0.0,226834800
2013-04-18,122.95404815673828,0.0,154.13999938964844,0.0,155.41000366210938,153.5500030517578,155.3699951171875,0.0,167583200
2013-04-19,124.02289581298828,0.0,155.47999572753906,0.0,155.5500030517578,154.1199951171875,154.5,0.0,149687600
2013-04-22,124.57332611083984,0.0,156.1699981689453,0.0,156.5399932861328,154.75,155.77999877929688,0.0,106553500
2013-04-23,125.85757446289062,0.0,157.77999877929688,0.0,157.92999267578125,156.1699981689453,156.9499969482422,0.0,166141300
2013-04-24,125.93740844726562,0.0,157.8800048828125,0.0,158.3000030517578,157.5399932861328,157.8300018310547,0.0,96781200
2013-04-25,126.44783782958984,0.0,158.52000427246094,0.0,159.27000427246094,158.10000610351562,158.33999633789062,0.0,131060600
2013-04-26,126.22452545166016,0.0,158.24000549316406,0.0,158.60000610351562,157.72999572753906,158.3300018310547,0.0,95918800
2013-04-29,127.07005310058594,0.0,159.3000030517578,0.0,159.64999389648438,158.4199981689453,158.6699981689453,0.0,88572800
2013-04-30,127.37315368652344,0.0,159.67999267578125,0.0,159.72000122070312,158.61000061035156,159.27000427246094,0.0,116010700
2013-05-01,126.2563705444336,0.0,158.27999877929688,0.0,159.41000366210938,158.10000610351562,159.3300018310547,0.0,138874200
2013-05-02,127.42896270751953,0.0,159.75,0.0,159.88999938964844,158.52999877929688,158.67999267578125,0.0,96407600
2013-05-03,128.7212371826172,0.0,161.3699951171875,0.0,161.8800048828125,159.77999877929688,161.13999938964844,0.0,144202300
2013-05-06,129.0482635498047,0.0,161.77999877929688,0.0,162.00999450683594,161.4199981689453,161.49000549316406,0.0,66882100
2013-05-07,129.7023468017578,0.0,162.60000610351562,0.0,162.64999389648438,161.6699981689453,162.1300048828125,0.0,90359200
2013-05-08,130.2926788330078,0.0,163.33999633789062,0.0,163.38999938964844,162.3300018310547,162.4199981689453,0.0,97419200
2013-05-09,129.9257354736328,0.0,162.8800048828125,0.0,163.6999969482422,162.47000122070312,163.27000427246094,0.0,106738600
2013-05-10,130.3484649658203,0.0,163.41000366210938,0.0,163.5500030517578,162.50999450683594,162.99000549316406,0.0,103203000
2013-05-13,130.45217895507812,0.0,163.5399932861328,0.0,163.80999755859375,162.82000732421875,163.1999969482422,0.0,81843200
2013-05-14,131.8002166748047,0.0,165.22999572753906,0.0,165.35000610351562,163.6699981689453,163.6699981689453,0.0,119000900
2013-05-15,132.51019287109375,0.0,166.1199951171875,0.0,166.4499969482422,164.91000366210938,164.9600067138672,0.0,120718500
2013-05-16,131.8880157470703,0.0,165.33999633789062,0.0,166.36000061035156,165.08999633789062,165.77999877929688,0.0,109913600
2013-05-17,133.16429138183594,0.0,166.94000244140625,0.0,167.0399932861328,165.72999572753906,165.9499969482422,0.0,129801000
2013-05-20,133.15631103515625,0.0,166.92999267578125,0.0,167.5800018310547,166.61000061035156,166.77999877929688,0.0,85071200
2013-05-21,133.3477783203125,0.0,167.1699981689453,0.0,167.8000030517578,166.5,167.0800018310547,0.0,95804200
2013-05-22,132.3585968017578,0.0,165.92999267578125,0.0,169.07000732421875,165.1699981689453,167.33999633789062,0.0,244031800
2013-05-23,131.97573852539062,0.0,165.4499969482422,0.0,165.91000366210938,163.94000244140625,164.16000366210938,0.0,211064400
2013-05-24,131.86402893066406,0.0,165.30999755859375,0.0,165.3800048828125,163.97999572753906,164.47000122070312,0.0,151573900
2013-05-28,132.65382385253906,0.0,166.3000030517578,0.0,167.77999877929688,165.80999755859375,167.0399932861328,0.0,143679800
2013-05-29,131.7923126220703,0.0,165.22000122070312,0.0,165.8000030517578,164.33999633789062,165.4199981689453,0.0,160363400
2013-05-30,132.27886962890625,0.0,165.8300018310547,0.0,166.58999633789062,165.22000122070312,165.35000610351562,0.0,107793800
2013-05-31,130.38040161132812,0.0,163.4499969482422,0.0,166.30999755859375,163.1300048828125,165.3699951171875,0.0,176850100
2013-06-03,131.0982666015625,0.0,164.35000610351562,0.0,164.4600067138672,162.66000366210938,163.8300018310547,0.0,168390700
2013-06-04,130.46812438964844,0.0,163.55999755859375,0.0,165.10000610351562,162.72999572753906,164.44000244140625,0.0,157631500
2013-06-05,128.64151000976562,0.0,161.27000427246094,0.0,163.4199981689453,161.1300048828125,163.08999633789062,0.0,211737800
2013-06-06,129.80604553222656,0.0,162.72999572753906,0.0,162.74000549316406,160.25,161.1999969482422,0.0,200225500
2013-06-07,131.45730590820312,0.0,164.8000030517578,0.0,164.9499969482422,163.13999938964844,163.85000610351562,0.0,188337800
2013-06-10,131.45730590820312,0.0,164.8000030517578,0.0,165.39999389648438,164.3699951171875,165.30999755859375,0.0,105667100
2013-06-11,130.1012420654297,0.0,163.10000610351562,0.0,164.5399932861328,162.74000549316406,163.3000030517578,0.0,159505400
2013-06-12,129.02438354492188,0.0,161.75,0.0,164.38999938964844,161.60000610351562,164.22000122070312,0.0,177361500
2013-06-13,130.98667907714844,0.0,164.2100067138672,0.0,164.5,161.3000030517578,161.66000366210938,0.0,163587800
2013-06-14,130.1650390625,0.0,163.17999267578125,0.0,164.6699981689453,162.91000366210938,164.02999877929688,0.0,141197500
2013-06-17,131.17015075683594,0.0,164.44000244140625,0.0,165.22000122070312,163.22000122070312,164.2899932861328,0.0,136295600
2013-06-18,132.2071533203125,0.0,165.74000549316406,0.0,165.99000549316406,164.52000427246094,164.52999877929688,0.0,114695600
2013-06-19,130.38040161132812,0.0,163.4499969482422,0.0,165.88999938964844,163.3800048828125,165.60000610351562,0.0,206149500
2013-06-20,127.1498031616211,0.0,159.39999389648438,0.0,163.47000122070312,158.97999572753906,161.86000061035156,0.0,321255900
2013-06-21,127.55794525146484,0.0,159.07000732421875,0.839,159.75999450683594,157.47000122070312,159.63999938964844,0.0,271956800
2013-06-24,125.94615936279297,0.0,157.05999755859375,0.0,158.42999267578125,155.72999572753906,157.41000366210938,0.0,222329000
2013-06-25,127.15702819824219,0.0,158.57000732421875,0.0,160.10000610351562,157.4199981689453,158.47999572753906,0.0,162262200
2013-06-26,128.41604614257812,0.0,160.13999938964844,0.0,160.5,159.25,159.8699951171875,0.0,134848000
2013-06-27,129.16981506347656,0.0,161.0800018310547,0.0,161.82000732421875,160.9499969482422,161.10000610351562,0.0,129483700
2013-06-28,128.64053344726562,0.0,160.4199981689453,0.0,161.39999389648438,159.86000061035156,160.6300048828125,0.0,160402900
2013-07-01,129.39434814453125,0.0,161.36000061035156,0.0,162.47999572753906,161.0800018310547,161.25999450683594,0.0,131954800
2013-07-02,129.2740936279297,0.0,161.2100067138672,0.0,162.3000030517578,160.5,161.1199951171875,0.0,154863700
2013-07-03,129.3302001953125,0.0,161.27999877929688,0.0,161.77000427246094,160.22000122070312,160.47999572753906,0.0,75216400
2013-07-05,130.72555541992188,0.0,163.02000427246094,0.0,163.0800018310547,161.3000030517578,162.47000122070312,0.0,122416900
2013-07-08,131.47120666503906,0.0,163.9499969482422,0.0,164.38999938964844,163.0800018310547,163.86000061035156,0.0,108092500
2013-07-09,132.41749572753906,0.0,165.1300048828125,0.0,165.3300018310547,164.27000427246094,164.97999572753906,0.0,119298000
2013-07-10,132.465576171875,0.0,165.19000244140625,0.0,165.75,164.6300048828125,164.97000122070312,0.0,121410100
2013-07-11,134.26986694335938,0.0,167.44000244140625,0.0,167.61000061035156,165.17999267578125,167.11000061035156,0.0,135592200
2013-07-12,134.32606506347656,0.0,167.50999450683594,0.0,167.92999267578125,167.1300048828125,167.38999938964844,0.0,104212700
2013-07-15,134.83929443359375,0.0,168.14999389648438,0.0,168.38999938964844,167.67999267578125,167.97000122070312,0.0,69450600
2013-07-16,134.333984375,0.0,167.52000427246094,0.0,168.36000061035156,167.07000732421875,168.25999450683594,0.0,88702100
2013-07-17,134.67881774902344,0.0,167.9499969482422,0.0,168.47999572753906,167.72999572753906,168.16000366210938,0.0,92873900
2013-07-18,135.41659545898438,0.0,168.8699951171875,0.0,169.27000427246094,168.1999969482422,168.30999755859375,0.0,103620100
2013-07-19,135.6571807861328,0.0,169.1699981689453,0.0,169.22999572753906,168.30999755859375,168.52000427246094,0.0,103831700
2013-07-22,135.92178344726562,0.0,169.5,0.0,169.74000549316406,169.00999450683594,169.41000366210938,0.0,79428600
2013-07-23,135.63307189941406,0.0,169.13999938964844,0.0,169.8300018310547,169.0500030517578,169.8000030517578,0.0,80829700
2013-07-24,135.13584899902344,0.0,168.52000427246094,0.0,169.86000061035156,168.17999267578125,169.7899932861328,0.0,112914000
2013-07-25,135.4646759033203,0.0,168.92999267578125,0.0,169.0800018310547,167.94000244140625,168.22000122070312,0.0,111088600
2013-07-26,135.60903930664062,0.0,169.11000061035156,0.0,169.16000366210938,167.52000427246094,168.22000122070312,0.0,107814600
2013-07-29,135.1920166015625,0.0,168.58999633789062,0.0,169.05999755859375,168.11000061035156,168.67999267578125,0.0,79695000
2013-07-30,135.1920166015625,0.0,168.58999633789062,0.0,169.27999877929688,168.19000244140625,169.10000610351562,0.0,85209600
2013-07-31,135.28831481933594,0.0,168.7100067138672,0.0,169.85000610351562,168.49000549316406,168.94000244140625,0.0,142388700
2013-08-01,136.85195922851562,0.0,170.66000366210938,0.0,170.80999755859375,169.89999389648438,169.99000549316406,0.0,110438400
2013-08-02,137.08456420898438,0.0,170.9499969482422,0.0,170.97000122070312,170.0500030517578,170.27999877929688,0.0,91116700
2013-08-05,136.8840789794922,0.0,170.6999969482422,0.0,170.9600067138672,170.35000610351562,170.57000732421875,0.0,54072700
2013-08-06,136.10621643066406,0.0,169.72999572753906,0.0,170.74000549316406,169.35000610351562,170.3699951171875,0.0,87495000
2013-08-07,135.6651611328125,0.0,169.17999267578125,0.0,169.42999267578125,168.5500030517578,169.19000244140625,0.0,84854700
2013-08-08,136.16238403320312,0.0,169.8000030517578,0.0,170.17999267578125,168.92999267578125,169.97999572753906,0.0,102181300
2013-08-09,135.7694091796875,0.0,169.30999755859375,0.0,170.10000610351562,168.72000122070312,169.5800018310547,0.0,91757700
2013-08-12,135.60903930664062,0.0,169.11000061035156,0.0,169.30999755859375,168.3800048828125,168.4600067138672,0.0,68593300
2013-08-13,136.00999450683594,0.0,169.61000061035156,0.0,169.89999389648438,168.41000366210938,169.41000366210938,0.0,80806000
2013-08-14,135.3123321533203,0.0,168.74000549316406,0.0,169.8000030517578,168.6999969482422,169.52999877929688,0.0,79829200
2013-08-15,133.4198455810547,0.0,166.3800048828125,0.0,167.42999267578125,166.08999633789062,167.41000366210938,0.0,152931800
2013-08-16,132.9788055419922,0.0,165.8300018310547,0.0,166.6300048828125,165.5,166.05999755859375,0.0,130868200
2013-08-19,132.12881469726562,0.0,164.77000427246094,0.0,166.2100067138672,164.75999450683594,165.63999938964844,0.0,96437600
2013-08-20,132.77835083007812,0.0,165.5800018310547,0.0,166.1999969482422,164.86000061035156,165.0399932861328,0.0,89294400
2013-08-21,131.9604034423828,0.0,164.55999755859375,0.0,166.02999877929688,164.19000244140625,165.1199951171875,0.0,159530500
2013-08-22,133.1632843017578,0.0,166.05999755859375,0.0,166.3000030517578,164.88999938964844,164.89999389648438,0.0,101471400
2013-08-23,133.61233520507812,0.0,166.6199951171875,0.0,166.8300018310547,165.77000427246094,166.5500030517578,0.0,90888900
2013-08-26,133.11512756347656,0.0,166.0,0.0,167.3000030517578,165.88999938964844,166.7899932861328,0.0,89702100
2013-08-27,130.97410583496094,0.0,163.3300018310547,0.0,166.0,163.2100067138672,164.36000061035156,0.0,158619400
2013-08-28,131.4391326904297,0.0,163.91000366210938,0.0,164.49000549316406,163.0500030517578,163.25999450683594,0.0,108113000
2013-08-29,131.647705078125,0.0,164.1699981689453,0.0,165.0399932861328,163.39999389648438,163.5500030517578,0.0,119200500
2013-08-30,131.2306365966797,0.0,163.64999389648438,0.0,164.52999877929688,163.1699981689453,164.50999450683594,0.0,134928900
2013-09-03,131.82406616210938,0.0,164.38999938964844,0.0,165.5800018310547,163.6999969482422,165.22999572753906,0.0,142375100
2013-09-04,132.91465759277344,0.0,165.75,0.0,166.02999877929688,164.1300048828125,164.42999267578125,0.0,97389400
2013-09-05,133.08303833007812,0.0,165.9600067138672,0.0,166.39999389648438,165.72999572753906,165.85000610351562,0.0,63090500
2013-09-06,133.14718627929688,0.0,166.0399932861328,0.0,166.97999572753906,164.47999572753906,166.50999450683594,0.0,159756500
2013-09-09,134.42225646972656,0.0,167.6300048828125,0.0,167.72999572753906,166.4499969482422,166.4499969482422,0.0,87559300
2013-09-10,135.41659545898438,0.0,168.8699951171875,0.0,168.89999389648438,168.25999450683594,168.63999938964844,0.0,105847200
2013-09-11,135.84161376953125,0.0,169.39999389648438,0.0,169.39999389648438,168.35000610351562,168.63999938964844,0.0,94545900
2013-09-12,135.48074340820312,0.0,168.9499969482422,0.0,169.55999755859375,168.72000122070312,169.33999633789062,0.0,83209000
2013-09-13,135.7854461669922,0.0,169.3300018310547,0.0,169.4600067138672,168.74000549316406,169.1300048828125,0.0,72727800
2013-09-16,136.57127380371094,0.0,170.30999755859375,0.0,171.24000549316406,170.0399932861328,171.16000366210938,0.0,106299200
2013-09-17,137.18081665039062,0.0,171.07000732421875,0.0,171.11000061035156,170.4600067138672,170.4600067138672,0.0,82523300
2013-09-18,138.76853942871094,0.0,173.0500030517578,0.0,173.52000427246094,170.5800018310547,171.00999450683594,0.0,203460600
2013-09-19,138.5360107421875,0.0,172.75999450683594,0.0,173.60000610351562,172.58999633789062,173.52000427246094,0.0,146616900
2013-09-20,137.56741333007812,0.0,170.72000122070312,0.838,172.3300018310547,170.5800018310547,172.3300018310547,0.0,132867100
2013-09-23,136.9307403564453,0.0,169.92999267578125,0.0,170.64999389648438,169.38999938964844,170.49000549316406,0.0,104616500
2013-09-24,136.6084747314453,0.0,169.52999877929688,0.0,170.52999877929688,169.2100067138672,169.89999389648438,0.0,106333100
2013-09-25,136.213623046875,0.0,169.0399932861328,0.0,169.97999572753906,168.88999938964844,169.63999938964844,0.0,117306500
2013-09-26,136.7374267578125,0.0,169.69000244140625,0.0,170.1699981689453,169.0500030517578,169.32000732421875,0.0,77146900
2013-09-27,136.10891723632812,0.0,168.91000366210938,0.0,169.13999938964844,168.47000122070312,168.83999633789062,0.0,99141800
2013-09-30,135.3836212158203,0.0,168.00999450683594,0.0,168.5399932861328,167.14999389648438,167.47999572753906,0.0,143937000
2013-10-01,136.45541381835938,0.0,169.33999633789062,0.0,169.5,167.97000122070312,168.13999938964844,0.0,127160000
2013-10-02,136.32644653320312,0.0,169.17999267578125,0.0,169.33999633789062,167.8300018310547,168.35000610351562,0.0,113350000
2013-10-03,135.06936645507812,0.0,167.6199951171875,0.0,168.94000244140625,166.83999633789062,168.7899932861328,0.0,176698000
2013-10-04,136.0927734375,0.0,168.88999938964844,0.0,169.05999755859375,167.52999877929688,167.75,0.0,96878000
2013-10-07,134.91627502441406,0.0,167.42999267578125,0.0,168.4499969482422,167.25,167.4199981689453,0.0,96295000
2013-10-08,133.34494018554688,0.0,165.47999572753906,0.0,167.6199951171875,165.36000061035156,167.39999389648438,0.0,178015000
2013-10-09,133.441650390625,0.0,165.60000610351562,0.0,166.1999969482422,164.52999877929688,165.8000030517578,0.0,168973000
2013-10-10,136.3184051513672,0.0,169.1699981689453,0.0,169.25999450683594,167.22999572753906,167.2899932861328,0.0,195955000
2013-10-11,137.19668579101562,0.0,170.25999450683594,0.0,170.32000732421875,168.77000427246094,168.91000366210938,0.0,105040000
2013-10-14,137.74464416503906,0.0,170.94000244140625,0.0,171.0800018310547,169.0800018310547,169.2100067138672,0.0,112106000
2013-10-15,136.74545288085938,0.0,169.6999969482422,0.0,171.14999389648438,169.47000122070312,170.50999450683594,0.0,155485000
2013-10-16,138.65528869628906,0.0,172.07000732421875,0.0,172.16000366210938,170.63999938964844,170.72000122070312,0.0,161676000
2013-10-17,139.58193969726562,0.0,173.22000122070312,0.0,173.32000732421875,171.33999633789062,171.3699951171875,0.0,129389000
2013-10-18,140.52468872070312,0.0,174.38999938964844,0.0,174.50999450683594,173.50999450683594,173.86000061035156,0.0,138316000
2013-10-21,140.53274536132812,0.0,174.39999389648438,0.0,174.75,174.00999450683594,174.4499969482422,0.0,104104000
2013-10-22,141.3466339111328,0.0,175.41000366210938,0.0,175.92999267578125,174.42999267578125,174.91000366210938,0.0,126663000
2013-10-23,140.66973876953125,0.0,174.57000732421875,0.0,174.88999938964844,173.9600067138672,174.80999755859375,0.0,105484000
2013-10-24,141.13710021972656,0.0,175.14999389648438,0.0,175.3699951171875,174.50999450683594,174.9199981689453,0.0,70350000
2013-10-25,141.7817840576172,0.0,175.9499969482422,0.0,176.0,175.1699981689453,175.50999450683594,0.0,93625000
2013-10-28,142.0074005126953,0.0,176.22999572753906,0.0,176.47000122070312,175.6999969482422,175.88999938964844,0.0,84979000
2013-10-29,142.76480102539062,0.0,177.1699981689453,0.0,177.24000549316406,176.3800048828125,176.6300048828125,0.0,87401000
2013-10-30,142.05572509765625,0.0,176.2899932861328,0.0,177.50999450683594,175.66000366210938,177.3800048828125,0.0,140002000
2013-10-31,141.65283203125,0.0,175.7899932861328,0.0,176.88999938964844,175.52999877929688,176.14999389648438,0.0,133795000
2013-11-01,141.9912872314453,0.0,176.2100067138672,0.0,176.61000061035156,175.22000122070312,176.02000427246094,0.0,142805000
2013-11-04,142.49090576171875,0.0,176.8300018310547,0.0,176.89999389648438,175.97999572753906,176.69000244140625,0.0,85677000
2013-11-05,142.0396270751953,0.0,176.27000427246094,0.0,176.75,175.57000732421875,176.13999938964844,0.0,85825000
2013-11-06,142.76480102539062,0.0,177.1699981689453,0.0,177.5,176.5399932861328,177.02999877929688,0.0,87348000
2013-11-07,140.95982360839844,0.0,174.92999267578125,0.0,177.63999938964844,174.75999450683594,177.5,0.0,157000000
2013-11-08,142.8614959716797,0.0,177.2899932861328,0.0,177.30999755859375,174.85000610351562,174.8699951171875,0.0,136713000
2013-11-11,142.8856964111328,0.0,177.32000732421875,0.0,177.52999877929688,176.91000366210938,177.1199951171875,0.0,62614000
2013-11-12,142.595703125,0.0,176.9600067138672,0.0,177.36000061035156,176.3699951171875,176.94000244140625,0.0,83990000
2013-11-13,143.7398681640625,0.0,178.3800048828125,0.0,178.42999267578125,176.08999633789062,176.08999633789062,0.0,103844000
2013-11-14,144.45703125,0.0,179.27000427246094,0.0,179.4199981689453,178.25,178.5399932861328,0.0,103435000
2013-11-15,145.08555603027344,0.0,180.0500030517578,0.0,180.1199951171875,179.3300018310547,179.55999755859375,0.0,102818000
2013-11-18,144.577880859375,0.0,179.4199981689453,0.0,180.5,179.02000427246094,180.35000610351562,0.0,104796000
2013-11-19,144.2636260986328,0.0,179.02999877929688,0.0,179.8699951171875,178.72000122070312,179.3300018310547,0.0,93891000
2013-11-20,143.81236267089844,0.0,178.47000122070312,0.0,179.92999267578125,177.97999572753906,179.38999938964844,0.0,124909000
2013-11-21,144.97274780273438,0.0,179.91000366210938,0.0,180.0500030517578,178.86000061035156,178.97000122070312,0.0,92841000
2013-11-22,145.69802856445312,0.0,180.80999755859375,0.0,180.8300018310547,179.77000427246094,179.97999572753906,0.0,81296000
2013-11-25,145.55296325683594,0.0,180.6300048828125,0.0,181.1699981689453,180.3699951171875,181.1300048828125,0.0,79486000
2013-11-26,145.5932159423828,0.0,180.67999267578125,0.0,181.22000122070312,180.41000366210938,180.72000122070312,0.0,86994000
2013-11-27,145.9477996826172,0.0,181.1199951171875,0.0,181.24000549316406,180.64999389648438,180.8699951171875,0.0,58800000
2013-11-29,145.85108947753906,0.0,181.0,0.0,181.75,180.8000030517578,181.32000732421875,0.0,55870900
2013-12-02,145.4723358154297,0.0,180.52999877929688,0.0,181.42999267578125,180.25,181.08999633789062,0.0,99726000
2013-12-03,144.84385681152344,0.0,179.75,0.0,180.38999938964844,179.1699981689453,179.94000244140625,0.0,116563000
2013-12-04,144.82766723632812,0.0,179.72999572753906,0.0,180.47999572753906,178.35000610351562,179.10000610351562,0.0,123033000
2013-12-05,144.19114685058594,0.0,178.94000244140625,0.0,179.74000549316406,178.77000427246094,179.41000366210938,0.0,106934000
2013-12-06,145.80271911621094,0.0,180.94000244140625,0.0,181.11000061035156,180.14999389648438,180.6699981689453,0.0,127728000
2013-12-09,146.17343139648438,0.0,181.39999389648438,0.0,181.6699981689453,181.16000366210938,181.47000122070312,0.0,70124000
2013-12-10,145.649658203125,0.0,180.75,0.0,181.36000061035156,180.63999938964844,180.97999572753906,0.0,80976000
2013-12-11,144.0138397216797,0.0,178.72000122070312,0.0,180.85000610351562,178.5,180.82000732421875,0.0,130591000
2013-12-12,143.53848266601562,0.0,178.1300048828125,0.0,178.86000061035156,177.75999450683594,178.63999938964844,0.0,115565000
2013-12-13,143.52230834960938,0.0,178.11000061035156,0.0,178.66000366210938,177.77000427246094,178.5,0.0,107808000
2013-12-16,144.41676330566406,0.0,179.22000122070312,0.0,179.80999755859375,178.89999389648438,178.9499969482422,0.0,96195000
2013-12-17,143.95741271972656,0.0,178.64999389648438,0.0,179.41000366210938,178.25,179.3800048828125,0.0,89886000
2013-12-18,146.4151611328125,0.0,181.6999969482422,0.0,181.72999572753906,177.32000732421875,178.9199981689453,0.0,234906000
2013-12-19,146.2459259033203,0.0,181.49000549316406,0.0,181.6999969482422,180.7100067138672,181.17999267578125,0.0,136531200
2013-12-20,147.09664916992188,0.0,181.55999755859375,0.98,181.99000549316406,180.57000732421875,180.69000244140625,0.0,197087000
2013-12-23,147.88247680664062,0.0,182.52999877929688,0.0,182.63999938964844,182.07000732421875,182.4499969482422,0.0,85598000
2013-12-24,148.20652770996094,0.0,182.92999267578125,0.0,183.00999450683594,182.52999877929688,182.5399932861328,0.0,45368800
2013-12-26,148.96002197265625,0.0,183.86000061035156,0.0,183.9600067138672,183.32000732421875,183.33999633789062,0.0,63365000
2013-12-27,148.95196533203125,0.0,183.85000610351562,0.0,184.17999267578125,183.66000366210938,184.10000610351562,0.0,61814000
2013-12-30,148.92762756347656,0.0,183.82000732421875,0.0,184.02000427246094,183.5800018310547,183.8699951171875,0.0,56857000
2013-12-31,149.63246154785156,0.0,184.69000244140625,0.0,184.69000244140625,183.92999267578125,184.07000732421875,0.0,86119900
2014-01-02,148.19845581054688,0.0,182.9199981689453,0.0,184.07000732421875,182.47999572753906,183.97999572753906,0.0,119636900
2014-01-03,148.17417907714844,0.0,182.88999938964844,0.0,183.60000610351562,182.6300048828125,183.22999572753906,0.0,81390600
2014-01-06,147.74478149414062,0.0,182.36000061035156,0.0,183.55999755859375,182.0800018310547,183.49000549316406,0.0,108028200
2014-01-07,148.65219116210938,0.0,183.47999572753906,0.0,183.7899932861328,182.9499969482422,183.08999633789062,0.0,86144200
2014-01-08,148.68453979492188,0.0,183.52000427246094,0.0,183.8300018310547,182.88999938964844,183.4499969482422,0.0,96582300
2014-01-09,148.78179931640625,0.0,183.63999938964844,0.0,184.1300048828125,182.8000030517578,184.11000061035156,0.0,90683400
2014-01-10,149.18687438964844,0.0,184.13999938964844,0.0,184.22000122070312,183.00999450683594,183.9499969482422,0.0,102026400
2014-01-13,147.201904296875,0.0,181.69000244140625,0.0,184.17999267578125,181.33999633789062,183.6699981689453,0.0,149892000
2014-01-14,148.80612182617188,0.0,183.6699981689453,0.0,183.77000427246094,181.9499969482422,182.2899932861328,0.0,105016100
2014-01-15,149.60821533203125,0.0,184.66000366210938,0.0,184.94000244140625,183.7100067138672,184.10000610351562,0.0,98525800
2014-01-16,149.41372680664062,0.0,184.4199981689453,0.0,184.66000366210938,183.8300018310547,184.27999877929688,0.0,72290600
2014-01-17,148.78179931640625,0.0,183.63999938964844,0.0,184.4499969482422,183.32000732421875,184.10000610351562,0.0,107848700
2014-01-21,149.2192840576172,0.0,184.17999267578125,0.0,184.77000427246094,183.0500030517578,184.6999969482422,0.0,88621200
2014-01-22,149.31649780273438,0.0,184.3000030517578,0.0,184.57000732421875,183.91000366210938,184.49000549316406,0.0,61270900
2014-01-23,148.0931396484375,0.0,182.7899932861328,0.0,183.39999389648438,181.82000732421875,183.3699951171875,0.0,132496900
2014-01-24,144.93345642089844,0.0,178.88999938964844,0.0,181.66000366210938,178.8300018310547,181.60000610351562,0.0,208677100
2014-01-27,144.22048950195312,0.0,178.00999450683594,0.0,179.52000427246094,177.1199951171875,179.05999755859375,0.0,180843100
2014-01-28,145.07928466796875,0.0,179.07000732421875,0.0,179.3000030517578,178.1199951171875,178.13999938964844,0.0,110463200
2014-01-29,143.685791015625,0.0,177.35000610351562,0.0,178.5500030517578,176.8800048828125,177.5800018310547,0.0,216597300
2014-01-30,145.20895385742188,0.0,179.22999572753906,0.0,179.80999755859375,178.25999450683594,178.8300018310547,0.0,118938100
2014-01-31,144.35818481445312,0.0,178.17999267578125,0.0,179.2899932861328,176.9199981689453,177.00999450683594,0.0,194677900
2014-02-03,141.10940551757812,0.0,174.1699981689453,0.0,178.3699951171875,173.8300018310547,177.97000122070312,0.0,254837100
2014-02-04,142.09779357910156,0.0,175.38999938964844,0.0,175.83999633789062,174.11000061035156,174.9499969482422,0.0,165012400
2014-02-05,141.91957092285156,0.0,175.1699981689453,0.0,175.55999755859375,173.7100067138672,174.77999877929688,0.0,164230500
2014-02-06,143.7910614013672,0.0,177.47999572753906,0.0,177.47999572753906,175.22000122070312,175.5800018310547,0.0,132877600
2014-02-07,145.57347106933594,0.0,179.67999267578125,0.0,179.8699951171875,177.72999572753906,178.30999755859375,0.0,170787200
2014-02-10,145.8408966064453,0.0,180.00999450683594,0.0,180.07000732421875,179.2100067138672,179.6999969482422,0.0,92218800
2014-02-11,147.43690490722656,0.0,181.97999572753906,0.0,182.44000244140625,180.0399932861328,180.16000366210938,0.0,117814100
2014-02-12,147.50982666015625,0.0,182.07000732421875,0.0,182.8300018310547,181.7100067138672,182.25,0.0,94717700
2014-02-13,148.27139282226562,0.0,183.00999450683594,0.0,183.1999969482422,180.8300018310547,180.83999633789062,0.0,100542200
2014-02-14,149.0897216796875,0.0,184.02000427246094,0.0,184.36000061035156,182.6699981689453,182.83999633789062,0.0,96498400
2014-02-18,149.26791381835938,0.0,184.24000549316406,0.0,184.49000549316406,183.64999389648438,184.17999267578125,0.0,80460900
2014-02-19,148.2794647216797,0.0,183.02000427246094,0.0,184.9499969482422,182.8699951171875,183.75999450683594,0.0,126524300
2014-02-20,149.15451049804688,0.0,184.10000610351562,0.0,184.52000427246094,182.60000610351562,183.27000427246094,0.0,104998100
2014-02-21,148.98431396484375,0.0,183.88999938964844,0.0,184.88999938964844,183.8000030517578,184.4499969482422,0.0,118116400
2014-02-24,149.81068420410156,0.0,184.91000366210938,0.0,186.14999389648438,184.1999969482422,184.27999877929688,0.0,114063900
2014-02-25,149.7540283203125,0.0,184.83999633789062,0.0,185.58999633789062,184.22999572753906,185.05999755859375,0.0,117085000
2014-02-26,149.76211547851562,0.0,184.85000610351562,0.0,185.60000610351562,184.3300018310547,185.11000061035156,0.0,98677200
2014-02-27,150.54798889160156,0.0,185.82000732421875,0.0,185.8699951171875,184.3699951171875,184.5800018310547,0.0,93880800
2014-02-28,150.92881774902344,0.0,186.2899932861328,0.0,187.14999389648438,185.0500030517578,185.7899932861328,0.0,150842000
2014-03-03,149.86741638183594,0.0,184.97999572753906,0.0,185.4499969482422,183.75,184.64999389648438,0.0,167748500
2014-03-04,151.97393798828125,0.0,187.5800018310547,0.0,187.97999572753906,186.75,186.7899932861328,0.0,167545900
2014-03-05,152.11163330078125,0.0,187.75,0.0,188.07000732421875,187.4499969482422,187.74000549316406,0.0,88376900
2014-03-06,152.45999145507812,0.0,188.17999267578125,0.0,188.61000061035156,187.77999877929688,188.2100067138672,0.0,82516500
2014-03-07,152.52479553222656,0.0,188.25999450683594,0.0,188.9600067138672,187.42999267578125,188.9600067138672,0.0,114513500
2014-03-10,152.4438018798828,0.0,188.16000366210938,0.0,188.22999572753906,187.0800018310547,187.97000122070312,0.0,74939200
2014-03-11,151.69032287597656,0.0,187.22999572753906,0.0,188.7100067138672,186.8000030517578,188.44000244140625,0.0,99009100
2014-03-12,151.73085021972656,0.0,187.27999877929688,0.0,187.35000610351562,185.89999389648438,186.32000732421875,0.0,104824400
2014-03-13,150.02951049804688,0.0,185.17999267578125,0.0,187.99000549316406,184.66000366210938,187.83999633789062,0.0,155014300
2014-03-14,149.60821533203125,0.0,184.66000366210938,0.0,185.8000030517578,184.44000244140625,184.85000610351562,0.0,153919600
2014-03-17,150.9612274169922,0.0,186.3300018310547,0.0,186.77000427246094,185.50999450683594,185.58999633789062,0.0,98359500
2014-03-18,152.03875732421875,0.0,187.66000366210938,0.0,187.91000366210938,186.50999450683594,186.7100067138672,0.0,101804600
2014-03-19,151.2285614013672,0.0,186.66000366210938,0.0,187.94000244140625,185.47000122070312,187.67999267578125,0.0,176267300
2014-03-20,152.11163330078125,0.0,187.75,0.0,187.88999938964844,185.9199981689453,186.25,0.0,117241000
2014-03-21,151.521728515625,0.0,186.1999969482422,0.825,189.02000427246094,186.02999877929688,187.7100067138672,0.0,163128000
2014-03-24,150.8950653076172,0.0,185.42999267578125,0.0,187.07000732421875,184.6199951171875,186.83999633789062,0.0,121411000
2014-03-25,151.61119079589844,0.0,186.30999755859375,0.0,186.94000244140625,185.27000427246094,186.3699951171875,0.0,103852000
2014-03-26,150.52076721191406,0.0,184.97000122070312,0.0,187.33999633789062,184.9199981689453,187.0399932861328,0.0,119843000
2014-03-27,150.20338439941406,0.0,184.5800018310547,0.0,185.33999633789062,183.89999389648438,184.75,0.0,142383000
2014-03-28,150.9438934326172,0.0,185.49000549316406,0.0,186.4199981689453,185.0,185.11000061035156,0.0,101642000
2014-03-31,152.18080139160156,0.0,187.00999450683594,0.0,187.3000030517578,185.52000427246094,186.6699981689453,0.0,99745000
2014-04-01,153.18988037109375,0.0,188.25,0.0,188.36000061035156,187.0,187.6199951171875,0.0,89193000
2014-04-02,153.7025604248047,0.0,188.8800048828125,0.0,189.1300048828125,188.13999938964844,188.49000549316406,0.0,78774000
2014-04-03,153.49908447265625,0.0,188.6300048828125,0.0,189.22000122070312,188.0500030517578,189.1699981689453,0.0,77435000
2014-04-04,151.6844024658203,0.0,186.39999389648438,0.0,189.6999969482422,186.10000610351562,189.66000366210938,0.0,169381000
2014-04-07,150.00808715820312,0.0,184.33999633789062,0.0,186.25999450683594,183.9600067138672,185.9499969482422,0.0,140803000
2014-04-08,150.62657165527344,0.0,185.10000610351562,0.0,185.39999389648438,183.58999633789062,184.25999450683594,0.0,112660000
2014-04-09,152.24588012695312,0.0,187.08999633789062,0.0,187.14999389648438,185.05999755859375,185.60000610351562,0.0,100254000
2014-04-10,149.04788208007812,0.0,183.16000366210938,0.0,187.1699981689453,182.92999267578125,187.0800018310547,0.0,172959000
2014-04-11,147.70516967773438,0.0,181.50999450683594,0.0,183.4199981689453,181.30999755859375,182.13999938964844,0.0,167251000
2014-04-14,148.86883544921875,0.0,182.94000244140625,0.0,183.3699951171875,181.44000244140625,182.92999267578125,0.0,132382000
2014-04-15,149.8941650390625,0.0,184.1999969482422,0.0,184.3300018310547,181.50999450683594,183.32000732421875,0.0,157093000
2014-04-16,151.46466064453125,0.0,186.1300048828125,0.0,186.13999938964844,184.64999389648438,185.47000122070312,0.0,105197000
2014-04-17,151.67626953125,0.0,186.38999938964844,0.0,186.91000366210938,185.55999755859375,185.8800048828125,0.0,105255000
2014-04-21,152.20529174804688,0.0,187.0399932861328,0.0,187.10000610351562,186.2100067138672,186.44000244140625,0.0,68329000
2014-04-22,152.89700317382812,0.0,187.88999938964844,0.0,188.39999389648438,187.1300048828125,187.22999572753906,0.0,85790000
2014-04-23,152.5388641357422,0.0,187.4499969482422,0.0,187.9199981689453,187.3000030517578,187.82000732421875,0.0,73869000
2014-04-24,152.84808349609375,0.0,187.8300018310547,0.0,188.38999938964844,186.92999267578125,188.3699951171875,0.0,88170000
2014-04-25,151.59490966796875,0.0,186.2899932861328,0.0,187.3300018310547,185.8699951171875,187.22000122070312,0.0,100380000
2014-04-28,152.07501220703125,0.0,186.8800048828125,0.0,187.69000244140625,184.9600067138672,187.0500030517578,0.0,135121000
2014-04-29,152.78302001953125,0.0,187.75,0.0,188.0399932861328,187.0800018310547,187.47999572753906,0.0,84098000
2014-04-30,153.23867797851562,0.0,188.30999755859375,0.0,188.5,187.17999267578125,187.44000244140625,0.0,101508000
2014-05-01,153.25498962402344,0.0,188.3300018310547,0.0,188.83999633789062,187.72999572753906,188.22000122070312,0.0,93019000
2014-05-02,153.0352783203125,0.0,188.05999755859375,0.0,189.13999938964844,187.77999877929688,188.30999755859375,0.0,98122000
2014-05-05,153.32826232910156,0.0,188.4199981689453,0.0,188.5500030517578,186.6199951171875,187.13999938964844,0.0,75883000
2014-05-06,151.99366760253906,0.0,186.77999877929688,0.0,188.1300048828125,186.74000549316406,188.0,0.0,85454000
2014-05-07,152.88880920410156,0.0,187.8800048828125,0.0,187.97000122070312,186.00999450683594,187.41000366210938,0.0,106500000
2014-05-08,152.72601318359375,0.0,187.67999267578125,0.0,189.0500030517578,187.0800018310547,187.7100067138672,0.0,93618000
2014-05-09,152.95384216308594,0.0,187.9600067138672,0.0,188.0399932861328,186.8300018310547,187.7100067138672,0.0,83679000
2014-05-12,154.44308471679688,0.0,189.7899932861328,0.0,189.8800048828125,188.0,188.8000030517578,0.0,86940000
2014-05-13,154.5814208984375,0.0,189.9600067138672,0.0,190.4199981689453,189.77000427246094,190.0399932861328,0.0,66454000
2014-05-14,153.8490447998047,0.0,189.05999755859375,0.0,189.8800048828125,188.7899932861328,189.7899932861328,0.0,72367000
2014-05-15,152.49818420410156,0.0,187.39999389648438,0.0,188.72000122070312,186.47999572753906,188.67999267578125,0.0,154956000
2014-05-16,153.02711486816406,0.0,188.0500030517578,0.0,188.1300048828125,186.72000122070312,187.50999450683594,0.0,97458000
2014-05-19,153.58863830566406,0.0,188.74000549316406,0.0,188.88999938964844,187.52000427246094,187.69000244140625,0.0,63839000
2014-05-20,152.6202392578125,0.0,187.5500030517578,0.0,188.6699981689453,187.07000732421875,188.64999389648438,0.0,111644000
2014-05-21,153.9059600830078,0.0,189.1300048828125,0.0,189.22000122070312,188.05999755859375,188.08999633789062,0.0,89093000
2014-05-22,154.28028869628906,0.0,189.58999633789062,0.0,189.97999572753906,188.86000061035156,189.17999267578125,0.0,61549000
2014-05-23,154.89874267578125,0.0,190.35000610351562,0.0,190.47999572753906,189.58999633789062,189.75999450683594,0.0,61092800
2014-05-27,155.85081481933594,0.0,191.52000427246094,0.0,191.5800018310547,190.9499969482422,191.05999755859375,0.0,72010000
2014-05-28,155.7369384765625,0.0,191.3800048828125,0.0,191.82000732421875,191.05999755859375,191.52000427246094,0.0,66723000
2014-05-29,156.54254150390625,0.0,192.3699951171875,0.0,192.39999389648438,191.3300018310547,191.82000732421875,0.0,64377000
2014-05-30,156.79481506347656,0.0,192.67999267578125,0.0,192.8000030517578,192.02999877929688,192.19000244140625,0.0,76316000
2014-06-02,156.9738311767578,0.0,192.89999389648438,0.0,192.99000549316406,191.97000122070312,192.9499969482422,0.0,64656000
2014-06-03,156.8924560546875,0.0,192.8000030517578,0.0,192.89999389648438,192.25,192.42999267578125,0.0,65047000
2014-06-04,157.20986938476562,0.0,193.19000244140625,0.0,193.3000030517578,192.27000427246094,192.47000122070312,0.0,55529000
2014-06-05,158.23519897460938,0.0,194.4499969482422,0.0,194.64999389648438,192.6999969482422,193.41000366210938,0.0,92103000
2014-06-06,158.991943359375,0.0,195.3800048828125,0.0,195.42999267578125,194.77999877929688,194.8699951171875,0.0,78696000
2014-06-09,159.15475463867188,0.0,195.5800018310547,0.0,196.0500030517578,195.1699981689453,195.35000610351562,0.0,65119000
2014-06-10,159.1710205078125,0.0,195.60000610351562,0.0,195.63999938964844,194.9199981689453,195.33999633789062,0.0,57129000
2014-06-11,158.61766052246094,0.0,194.9199981689453,0.0,195.1199951171875,194.47999572753906,194.89999389648438,0.0,68772000
2014-06-12,157.49464416503906,0.0,193.5399932861328,0.0,194.8000030517578,193.11000061035156,194.69000244140625,0.0,106350000
2014-06-13,157.97479248046875,0.0,194.1300048828125,0.0,194.32000732421875,193.3000030517578,193.9199981689453,0.0,82017000
2014-06-16,158.10498046875,0.0,194.2899932861328,0.0,194.6999969482422,193.66000366210938,193.88999938964844,0.0,87424000
2014-06-17,158.5444793701172,0.0,194.8300018310547,0.0,194.97000122070312,193.80999755859375,194.02000427246094,0.0,84834000
2014-06-18,159.7080841064453,0.0,196.25999450683594,0.0,196.3699951171875,194.39999389648438,194.8300018310547,0.0,105267000
2014-06-19,159.88705444335938,0.0,196.47999572753906,0.0,196.60000610351562,195.8000030517578,196.42999267578125,0.0,85929000
2014-06-20,160.21168518066406,0.0,195.94000244140625,0.937,196.10000610351562,195.6999969482422,196.02999877929688,0.0,100587000
2014-06-23,160.16268920898438,0.0,195.8800048828125,0.0,196.0500030517578,195.52000427246094,195.99000549316406,0.0,70611000
2014-06-24,159.1977996826172,0.0,194.6999969482422,0.0,196.5,194.47999572753906,195.52999877929688,0.0,96237000
2014-06-25,159.91738891601562,0.0,195.5800018310547,0.0,195.77999877929688,194.25,194.2899932861328,0.0,82782000
2014-06-26,159.80291748046875,0.0,195.44000244140625,0.0,195.6300048828125,194.1300048828125,195.61000061035156,0.0,84312000
2014-06-27,160.11361694335938,0.0,195.82000732421875,0.0,195.8800048828125,194.88999938964844,194.97999572753906,0.0,71445100
2014-06-30,160.0318603515625,0.0,195.72000122070312,0.0,196.1699981689453,195.52999877929688,195.6999969482422,0.0,70201200
2014-07-01,161.1029815673828,0.0,197.02999877929688,0.0,197.6300048828125,196.1300048828125,196.1999969482422,0.0,90470000
2014-07-02,161.2665252685547,0.0,197.22999572753906,0.0,197.47999572753906,196.9600067138672,197.0500030517578,0.0,52475000
2014-07-03,162.05963134765625,0.0,198.1999969482422,0.0,198.2899932861328,197.63999938964844,197.7899932861328,0.0,52938800
2014-07-07,161.49542236328125,0.0,197.50999450683594,0.0,197.97999572753906,197.22000122070312,197.82000732421875,0.0,61696000
2014-07-08,160.45701599121094,0.0,196.24000549316406,0.0,197.22000122070312,195.75999450683594,197.14999389648438,0.0,108143000
2014-07-09,161.17654418945312,0.0,197.1199951171875,0.0,197.3000030517578,196.30999755859375,196.72999572753906,0.0,72992000
2014-07-10,160.538818359375,0.0,196.33999633789062,0.0,196.86000061035156,195.05999755859375,195.22000122070312,0.0,99040000
2014-07-11,160.759521484375,0.0,196.61000061035156,0.0,196.75,195.77999877929688,196.22000122070312,0.0,64243000
2014-07-14,161.56903076171875,0.0,197.60000610351562,0.0,197.86000061035156,197.44000244140625,197.61000061035156,0.0,58658000
2014-07-15,161.2665252685547,0.0,197.22999572753906,0.0,198.10000610351562,196.36000061035156,197.72000122070312,0.0,111307000
2014-07-16,161.8634033203125,0.0,197.9600067138672,0.0,198.25999450683594,197.4199981689453,198.11000061035156,0.0,79986400
2014-07-17,160.02359008789062,0.0,195.7100067138672,0.0,198.10000610351562,195.42999267578125,197.35000610351562,0.0,145398000
2014-07-18,161.65896606445312,0.0,197.7100067138672,0.0,197.91000366210938,196.24000549316406,196.35000610351562,0.0,124330000
2014-07-21,161.3563995361328,0.0,197.33999633789062,0.0,197.5,196.42999267578125,197.08999633789062,0.0,67592000
2014-07-22,162.05963134765625,0.0,198.1999969482422,0.0,198.55999755859375,197.8699951171875,198.00999450683594,0.0,67678000
2014-07-23,162.4193572998047,0.0,198.63999938964844,0.0,198.85000610351562,198.10000610351562,198.5,0.0,65612000
2014-07-24,162.42752075195312,0.0,198.64999389648438,0.0,199.05999755859375,198.4499969482422,198.8300018310547,0.0,56888000
2014-07-25,161.6671142578125,0.0,197.72000122070312,0.0,198.25999450683594,197.3300018310547,198.08999633789062,0.0,76837000
2014-07-28,161.7325897216797,0.0,197.8000030517578,0.0,198.08999633789062,196.6199951171875,197.75999450683594,0.0,69259000
2014-07-29,161.03759765625,0.0,196.9499969482422,0.0,198.4499969482422,196.9199981689453,198.1699981689453,0.0,80466000
2014-07-30,161.06207275390625,0.0,196.97999572753906,0.0,197.91000366210938,196.16000366210938,197.64999389648438,0.0,104222000
2014-07-31,157.8813934326172,0.0,193.08999633789062,0.0,195.77999877929688,192.97000122070312,195.61000061035156,0.0,183479000
2014-08-01,157.39895629882812,0.0,192.5,0.0,193.75999450683594,191.57000732421875,192.55999755859375,0.0,189261000
2014-08-04,158.53555297851562,0.0,193.88999938964844,0.0,194.3000030517578,192.0500030517578,192.8699951171875,0.0,91340000
2014-08-05,156.99835205078125,0.0,192.00999450683594,0.0,193.60000610351562,191.30999755859375,193.10000610351562,0.0,152690000
2014-08-06,157.0474090576172,0.0,192.07000732421875,0.0,192.88999938964844,191.0800018310547,191.11000061035156,0.0,94818000
2014-08-07,156.19703674316406,0.0,191.02999877929688,0.0,193.1300048828125,190.5500030517578,192.94000244140625,0.0,135733000
2014-08-08,158.00405883789062,0.0,193.24000549316406,0.0,193.3699951171875,190.9499969482422,191.4600067138672,0.0,117014000
2014-08-11,158.46194458007812,0.0,193.8000030517578,0.0,194.66000366210938,193.7100067138672,193.97000122070312,0.0,74544000
2014-08-12,158.2411651611328,0.0,193.52999877929688,0.0,194.14999389648438,192.94000244140625,193.61000061035156,0.0,73632000
2014-08-13,159.3123016357422,0.0,194.83999633789062,0.0,195.05999755859375,193.9600067138672,194.2899932861328,0.0,69047000
2014-08-14,160.0645751953125,0.0,195.75999450683594,0.0,195.75999450683594,194.97999572753906,195.16000366210938,0.0,57371000
2014-08-15,160.0318603515625,0.0,195.72000122070312,0.0,196.64999389648438,194.30999755859375,196.47000122070312,0.0,139951000
2014-08-18,161.372802734375,0.0,197.36000061035156,0.0,197.4499969482422,196.69000244140625,196.8000030517578,0.0,75424000
2014-08-19,162.2150115966797,0.0,198.38999938964844,0.0,198.5399932861328,197.44000244140625,197.83999633789062,0.0,59135000
2014-08-20,162.64834594726562,0.0,198.9199981689453,0.0,199.16000366210938,198.0800018310547,198.1199951171875,0.0,72763000
2014-08-21,163.12261962890625,0.0,199.5,0.0,199.75999450683594,198.92999267578125,199.08999633789062,0.0,67791000
2014-08-22,162.86912536621094,0.0,199.19000244140625,0.0,199.69000244140625,198.74000549316406,199.33999633789062,0.0,76107000
2014-08-25,163.6949462890625,0.0,200.1999969482422,0.0,200.58999633789062,199.14999389648438,200.13999938964844,0.0,63855000
2014-08-26,163.80120849609375,0.0,200.3300018310547,0.0,200.82000732421875,200.27999877929688,200.3300018310547,0.0,47298000
2014-08-27,163.73580932617188,0.0,200.25,0.0,200.57000732421875,199.94000244140625,200.42999267578125,0.0,47874000
2014-08-28,163.64585876464844,0.0,200.13999938964844,0.0,200.27000427246094,199.38999938964844,199.58999633789062,0.0,58330000
2014-08-29,164.1119384765625,0.0,200.7100067138672,0.0,200.72999572753906,199.82000732421875,200.4499969482422,0.0,65907000
2014-09-02,164.03016662597656,0.0,200.61000061035156,0.0,201.0,199.86000061035156,200.97000122070312,0.0,72426000
2014-09-03,163.94021606445312,0.0,200.5,0.0,201.41000366210938,200.22000122070312,201.3800048828125,0.0,57462000
2014-09-04,163.703125,0.0,200.2100067138672,0.0,201.5800018310547,199.66000366210938,200.83999633789062,0.0,85236000
2014-09-05,164.4390106201172,0.0,201.11000061035156,0.0,201.19000244140625,199.41000366210938,200.1699981689453,0.0,102177000
2014-09-08,164.01382446289062,0.0,200.58999633789062,0.0,201.2100067138672,200.0,200.9199981689453,0.0,64146000
2014-09-09,162.97535705566406,0.0,199.32000732421875,0.0,200.5500030517578,198.91000366210938,200.41000366210938,0.0,88591000
2014-09-10,163.58859252929688,0.0,200.07000732421875,0.0,200.1999969482422,198.77000427246094,199.42999267578125,0.0,67251000
2014-09-11,163.77667236328125,0.0,200.3000030517578,0.0,200.3300018310547,199.1199951171875,199.27000427246094,0.0,66774400
2014-09-12,162.82000732421875,0.0,199.1300048828125,0.0,200.1199951171875,198.55999755859375,200.10000610351562,0.0,117409300
2014-09-15,162.6973876953125,0.0,198.97999572753906,0.0,199.32000732421875,198.3800048828125,199.16000366210938,0.0,76401000
2014-09-16,163.9238739013672,0.0,200.47999572753906,0.0,200.83999633789062,198.5,198.61000061035156,0.0,116201000
2014-09-17,164.14462280273438,0.0,200.75,0.0,201.67999267578125,199.75,200.77000427246094,0.0,151266000
2014-09-18,165.01956176757812,0.0,201.82000732421875,0.0,201.85000610351562,201.10000610351562,201.36000061035156,0.0,94990000
2014-09-19,164.87086486816406,0.0,200.6999969482422,0.939,201.89999389648438,200.2899932861328,201.52000427246094,0.0,121649000
2014-09-22,163.59751892089844,0.0,199.14999389648438,0.0,200.3800048828125,198.72999572753906,200.35000610351562,0.0,125553000
2014-09-23,162.6610565185547,0.0,198.00999450683594,0.0,199.25999450683594,197.9499969482422,198.42999267578125,0.0,111393000
2014-09-24,163.934326171875,0.0,199.55999755859375,0.0,199.69000244140625,197.52000427246094,198.0399932861328,0.0,107276000
2014-09-25,161.28921508789062,0.0,196.33999633789062,0.0,199.0500030517578,196.27000427246094,199.0399932861328,0.0,150300000
2014-09-26,162.57066345214844,0.0,197.89999389648438,0.0,198.38999938964844,196.4199981689453,196.6999969482422,0.0,103547000
2014-09-29,162.2749481201172,0.0,197.5399932861328,0.0,197.88999938964844,196.0500030517578,196.1999969482422,0.0,95112000
2014-09-30,161.8477783203125,0.0,197.02000427246094,0.0,198.3000030517578,196.61000061035156,197.69000244140625,0.0,131302000
2014-10-01,159.65447998046875,0.0,194.35000610351562,0.0,196.77000427246094,193.91000366210938,196.6999969482422,0.0,177798000
2014-10-02,159.67909240722656,0.0,194.3800048828125,0.0,195.05999755859375,192.35000610351562,194.17999267578125,0.0,157285000
2014-10-03,161.43710327148438,0.0,196.52000427246094,0.0,196.94000244140625,195.0800018310547,195.67999267578125,0.0,121569000
2014-10-06,161.24810791015625,0.0,196.2899932861328,0.0,197.60000610351562,195.5800018310547,197.33999633789062,0.0,104778000
2014-10-07,158.75906372070312,0.0,193.25999450683594,0.0,195.72000122070312,193.22000122070312,195.27999877929688,0.0,147913000
2014-10-08,161.53558349609375,0.0,196.63999938964844,0.0,196.9199981689453,192.36000061035156,193.3699951171875,0.0,186461000
2014-10-09,158.33193969726562,0.0,192.74000549316406,0.0,196.60000610351562,192.5800018310547,196.3300018310547,0.0,210705000
2014-10-10,156.5246124267578,0.0,190.5399932861328,0.0,193.64999389648438,190.49000549316406,192.69000244140625,0.0,221909000
2014-10-13,153.95338439941406,0.0,187.41000366210938,0.0,191.14999389648438,187.3000030517578,190.4600067138672,0.0,230939000
2014-10-14,154.1915740966797,0.0,187.6999969482422,0.0,189.82000732421875,187.0399932861328,188.4199981689453,0.0,215847000
2014-10-15,153.14828491210938,0.0,186.42999267578125,0.0,187.69000244140625,181.9199981689453,185.16000366210938,0.0,380715000
2014-10-16,153.0169219970703,0.0,186.27000427246094,0.0,187.5800018310547,182.88999938964844,183.05999755859375,0.0,270391000
2014-10-17,154.8241424560547,0.0,188.47000122070312,0.0,189.75,187.6199951171875,188.4199981689453,0.0,214625000
2014-10-20,156.3274688720703,0.0,190.3000030517578,0.0,190.4499969482422,188.07000732421875,188.1300048828125,0.0,130011000
2014-10-21,159.42442321777344,0.0,194.07000732421875,0.0,194.1999969482422,191.47999572753906,191.67999267578125,0.0,154949000
2014-10-22,158.290771484375,0.0,192.69000244140625,0.0,194.91000366210938,192.61000061035156,194.41000366210938,0.0,151822000
2014-10-23,160.13095092773438,0.0,194.92999267578125,0.0,196.1999969482422,194.25999450683594,194.6199951171875,0.0,154944000
2014-10-24,161.36312866210938,0.0,196.42999267578125,0.0,196.49000549316406,194.49000549316406,195.25,0.0,117927000
2014-10-27,161.141357421875,0.0,196.16000366210938,0.0,196.4499969482422,195.02999877929688,195.72999572753906,0.0,82954000
2014-10-28,162.9896240234375,0.0,198.41000366210938,0.0,198.4199981689453,196.72999572753906,196.82000732421875,0.0,106736000
2014-10-29,162.74322509765625,0.0,198.11000061035156,0.0,199.1199951171875,196.8000030517578,198.5500030517578,0.0,142557000
2014-10-30,163.78651428222656,0.0,199.3800048828125,0.0,199.9499969482422,197.39999389648438,197.5800018310547,0.0,113330000
2014-10-31,165.6594696044922,0.0,201.66000366210938,0.0,201.82000732421875,200.77000427246094,201.77999877929688,0.0,146903000
2014-11-03,165.74989318847656,0.0,201.77000427246094,0.0,202.4499969482422,201.30999755859375,201.9199981689453,0.0,93600000
2014-11-04,165.17478942871094,0.0,201.07000732421875,0.0,201.60000610351562,200.05999755859375,201.22999572753906,0.0,93343000
2014-11-05,166.21807861328125,0.0,202.33999633789062,0.0,202.58999633789062,201.4499969482422,202.5399932861328,0.0,91709000
2014-11-06,166.88343811035156,0.0,203.14999389648438,0.0,203.25999450683594,201.63999938964844,202.38999938964844,0.0,107089000
2014-11-07,167.0395965576172,0.0,203.33999633789062,0.0,203.60000610351562,202.61000061035156,203.1699981689453,0.0,89540000
2014-11-10,167.56532287597656,0.0,203.97999572753906,0.0,204.0399932861328,203.1300048828125,203.3800048828125,0.0,66319000
2014-11-11,167.7295684814453,0.0,204.17999267578125,0.0,204.30999755859375,203.64999389648438,204.05999755859375,0.0,54499400
2014-11-12,167.54891967773438,0.0,203.9600067138672,0.0,204.24000549316406,203.30999755859375,203.35000610351562,0.0,90120300
2014-11-13,167.73785400390625,0.0,204.19000244140625,0.0,204.8300018310547,203.2100067138672,204.16000366210938,0.0,85357900
2014-11-14,167.77890014648438,0.0,204.24000549316406,0.0,204.49000549316406,203.72000122070312,204.10000610351562,0.0,80417500
2014-11-17,167.88572692871094,0.0,204.3699951171875,0.0,204.5800018310547,203.64999389648438,203.85000610351562,0.0,80441000
2014-11-18,168.85511779785156,0.0,205.5500030517578,0.0,205.9199981689453,204.44000244140625,204.44000244140625,0.0,76068100
2014-11-19,168.58395385742188,0.0,205.22000122070312,0.0,205.5500030517578,204.3000030517578,205.30999755859375,0.0,82373000
2014-11-20,168.87965393066406,0.0,205.5800018310547,0.0,205.7100067138672,204.17999267578125,204.25999450683594,0.0,72840300
2014-11-21,169.7832794189453,0.0,206.67999267578125,0.0,207.83999633789062,205.97999572753906,207.63999938964844,0.0,142327300
2014-11-24,170.25970458984375,0.0,207.25999450683594,0.0,207.38999938964844,206.91000366210938,207.1699981689453,0.0,65880800
2014-11-25,170.13653564453125,0.0,207.11000061035156,0.0,207.7899932861328,206.8000030517578,207.5399932861328,0.0,79108300
2014-11-26,170.57188415527344,0.0,207.63999938964844,0.0,207.75999450683594,207.02999877929688,207.2899932861328,0.0,62167800
2014-11-28,170.21044921875,0.0,207.1999969482422,0.0,207.8699951171875,206.91000366210938,207.49000549316406,0.0,57890100
2014-12-01,169.0275421142578,0.0,205.75999450683594,0.0,206.5399932861328,205.3800048828125,206.39999389648438,0.0,103968400
2014-12-02,170.12010192871094,0.0,207.08999633789062,0.0,207.33999633789062,205.77999877929688,205.80999755859375,0.0,74507200
2014-12-03,170.77728271484375,0.0,207.88999938964844,0.0,208.14999389648438,207.10000610351562,207.3000030517578,0.0,68952000
2014-12-04,170.58836364746094,0.0,207.66000366210938,0.0,208.27000427246094,206.6999969482422,207.5399932861328,0.0,91316600
2014-12-05,170.8676300048828,0.0,208.0,0.0,208.47000122070312,207.5500030517578,207.8699951171875,0.0,91025500
2014-12-08,169.7257537841797,0.0,206.61000061035156,0.0,208.1199951171875,205.92999267578125,207.52000427246094,0.0,108588200
2014-12-09,169.61080932617188,0.0,206.47000122070312,0.0,206.60000610351562,203.91000366210938,204.3699951171875,0.0,125180100
2014-12-10,166.89169311523438,0.0,203.16000366210938,0.0,205.97999572753906,202.92999267578125,205.91000366210938,0.0,159856400
2014-12-11,167.73785400390625,0.0,204.19000244140625,0.0,206.19000244140625,203.7100067138672,203.8800048828125,0.0,159012800
2014-12-12,165.02694702148438,0.0,200.88999938964844,0.0,203.82000732421875,200.85000610351562,202.63999938964844,0.0,202330200
2014-12-15,163.89332580566406,0.0,199.50999450683594,0.0,202.52999877929688,198.77999877929688,201.97999572753906,0.0,189965800
2014-12-16,162.57888793945312,0.0,197.91000366210938,0.0,202.39999389648438,197.86000061035156,198.5800018310547,0.0,259543800
2014-12-17,165.7662353515625,0.0,201.7899932861328,0.0,202.33999633789062,198.2899932861328,198.44000244140625,0.0,253910100
2014-12-18,169.86544799804688,0.0,206.77999877929688,0.0,212.97000122070312,203.9199981689453,204.74000549316406,0.0,257633900
2014-12-19,170.5881805419922,0.0,206.52000427246094,1.135,207.3300018310547,205.61000061035156,206.42999267578125,0.0,245084600
2014-12-22,171.37294006347656,0.0,207.47000122070312,0.0,207.47000122070312,206.4600067138672,206.75,0.0,148318900
2014-12-23,171.604248046875,0.0,207.75,0.0,208.22999572753906,207.39999389648438,208.1699981689453,0.0,122167900
2014-12-24,171.62074279785156,0.0,207.77000427246094,0.0,208.33999633789062,207.72000122070312,208.02000427246094,0.0,42963400
2014-12-26,172.17410278320312,0.0,208.44000244140625,0.0,208.85000610351562,208.25,208.30999755859375,0.0,57326700
2014-12-29,172.40541076660156,0.0,208.72000122070312,0.0,208.97000122070312,208.13999938964844,208.22000122070312,0.0,79643900
2014-12-30,171.48028564453125,0.0,207.60000610351562,0.0,208.3699951171875,207.50999450683594,208.2100067138672,0.0,73540800
2014-12-31,169.7786865234375,0.0,205.5399932861328,0.0,208.19000244140625,205.38999938964844,207.99000549316406,0.0,130333800
2015-01-02,169.68780517578125,0.0,205.42999267578125,0.0,206.8800048828125,204.17999267578125,206.3800048828125,0.0,121465900
2015-01-05,166.6233367919922,0.0,201.72000122070312,0.0,204.3699951171875,201.35000610351562,204.1699981689453,0.0,169632600
2015-01-06,165.0539093017578,0.0,199.82000732421875,0.0,202.72000122070312,198.86000061035156,202.08999633789062,0.0,209151400
2015-01-07,167.11068725585938,0.0,202.30999755859375,0.0,202.72000122070312,200.8800048828125,201.4199981689453,0.0,125346700
2015-01-08,170.07608032226562,0.0,205.89999389648438,0.0,206.16000366210938,203.99000549316406,204.00999450683594,0.0,147217800
2015-01-09,168.713134765625,0.0,204.25,0.0,206.4199981689453,203.50999450683594,206.39999389648438,0.0,158567300
2015-01-12,167.39151000976562,0.0,202.64999389648438,0.0,204.60000610351562,201.9199981689453,204.41000366210938,0.0,144396100
2015-01-13,166.9207305908203,0.0,202.0800018310547,0.0,205.47999572753906,200.50999450683594,204.1199951171875,0.0,214553300
2015-01-14,165.9129638671875,0.0,200.86000061035156,0.0,201.10000610351562,198.57000732421875,199.64999389648438,0.0,192991100
2015-01-15,164.39306640625,0.0,199.02000427246094,0.0,202.00999450683594,198.8800048828125,201.6300048828125,0.0,176613900
2015-01-16,166.5489501953125,0.0,201.6300048828125,0.0,201.82000732421875,198.5500030517578,198.77000427246094,0.0,211879600
2015-01-20,166.9042205810547,0.0,202.05999755859375,0.0,202.72000122070312,200.1699981689453,202.39999389648438,0.0,130991100
2015-01-21,167.7467498779297,0.0,203.0800018310547,0.0,203.66000366210938,200.94000244140625,201.5,0.0,122942700
2015-01-22,170.2412567138672,0.0,206.10000610351562,0.0,206.25999450683594,202.3300018310547,203.99000549316406,0.0,174356000
2015-01-23,169.30789184570312,0.0,204.97000122070312,0.0,206.10000610351562,204.80999755859375,205.7899932861328,0.0,117516800
2015-01-26,169.70433044433594,0.0,205.4499969482422,0.0,205.55999755859375,203.85000610351562,204.7100067138672,0.0,92009700
2015-01-27,167.46588134765625,0.0,202.74000549316406,0.0,204.1199951171875,201.74000549316406,202.97000122070312,0.0,134044600
2015-01-28,165.3181915283203,0.0,200.13999938964844,0.0,204.2899932861328,199.91000366210938,204.1699981689453,0.0,168514300
2015-01-29,166.84629821777344,0.0,201.99000549316406,0.0,202.3000030517578,198.67999267578125,200.3800048828125,0.0,173585400
2015-01-30,164.748291015625,0.0,199.4499969482422,0.0,202.1699981689453,199.1300048828125,200.57000732421875,0.0,197729700
2015-02-02,166.7884979248047,0.0,201.9199981689453,0.0,202.02999877929688,197.86000061035156,200.0500030517578,0.0,163107000
2015-02-03,169.2005157470703,0.0,204.83999633789062,0.0,204.85000610351562,202.5500030517578,203.0,0.0,124212900
2015-02-04,168.5561981201172,0.0,204.05999755859375,0.0,205.3800048828125,203.50999450683594,203.9199981689453,0.0,134306700
2015-02-05,170.25778198242188,0.0,206.1199951171875,0.0,206.3000030517578,204.77000427246094,204.86000061035156,0.0,97953200
2015-02-06,169.78700256347656,0.0,205.5500030517578,0.0,207.24000549316406,204.9199981689453,206.55999755859375,0.0,125672000
2015-02-09,169.02703857421875,0.0,204.6300048828125,0.0,205.63999938964844,204.13999938964844,204.77000427246094,0.0,87219000
2015-02-10,170.82774353027344,0.0,206.80999755859375,0.0,207.1199951171875,204.67999267578125,205.8800048828125,0.0,96164200
2015-02-11,170.92684936523438,0.0,206.92999267578125,0.0,207.4499969482422,205.8300018310547,206.61000061035156,0.0,91087800
2015-02-12,172.5706329345703,0.0,208.9199981689453,0.0,208.99000549316406,206.97000122070312,207.88999938964844,0.0,97545900
2015-02-13,173.281005859375,0.0,209.77999877929688,0.0,209.83999633789062,208.75999450683594,209.07000732421875,0.0,93670400
2015-02-17,173.55357360839844,0.0,210.11000061035156,0.0,210.32000732421875,209.10000610351562,209.39999389648438,0.0,76968200
2015-02-18,173.57012939453125,0.0,210.1300048828125,0.0,210.22000122070312,209.33999633789062,209.66000366210938,0.0,80652900
2015-02-19,173.44622802734375,0.0,209.97999572753906,0.0,210.4199981689453,209.24000549316406,209.41000366210938,0.0,91462500
2015-02-20,174.48703002929688,0.0,211.24000549316406,0.0,211.3300018310547,208.72999572753906,209.47999572753906,0.0,140896400
2015-02-23,174.4622039794922,0.0,211.2100067138672,0.0,211.2100067138672,210.47999572753906,210.94000244140625,0.0,74411100
2015-02-24,174.95782470703125,0.0,211.80999755859375,0.0,212.0500030517578,210.75999450683594,211.1199951171875,0.0,72472300
2015-02-25,174.80914306640625,0.0,211.6300048828125,0.0,212.24000549316406,211.22000122070312,211.66000366210938,0.0,73061700
2015-02-26,174.60264587402344,0.0,211.3800048828125,0.0,211.7100067138672,210.64999389648438,211.52000427246094,0.0,72697900
2015-02-27,174.00796508789062,0.0,210.66000366210938,0.0,211.5800018310547,210.60000610351562,211.25999450683594,0.0,108076000
2015-03-02,175.1064453125,0.0,211.99000549316406,0.0,212.05999755859375,210.72000122070312,210.77999877929688,0.0,87491400
2015-03-03,174.3878173828125,0.0,211.1199951171875,0.0,212.0500030517578,210.0800018310547,211.47000122070312,0.0,110325800
2015-03-04,173.65272521972656,0.0,210.22999572753906,0.0,210.49000549316406,209.05999755859375,210.39999389648438,0.0,114497200
2015-03-05,173.84268188476562,0.0,210.4600067138672,0.0,210.8000030517578,209.85000610351562,210.6199951171875,0.0,76873000
2015-03-06,171.39768981933594,0.0,207.5,0.0,209.94000244140625,207.10000610351562,209.4199981689453,0.0,188128000
2015-03-09,172.1080322265625,0.0,208.36000061035156,0.0,208.7899932861328,207.5500030517578,207.74000549316406,0.0,89818900
2015-03-10,169.31613159179688,0.0,204.97999572753906,0.0,206.80999755859375,204.92999267578125,206.7100067138672,0.0,157121300
2015-03-11,168.91961669921875,0.0,204.5,0.0,205.5,204.39999389648438,205.2899932861328,0.0,110145700
2015-03-12,171.06724548339844,0.0,207.10000610351562,0.0,207.17999267578125,205.1999969482422,205.25999450683594,0.0,93993500
2015-03-13,170.0182647705078,0.0,205.8300018310547,0.0,207.92999267578125,204.5800018310547,206.77000427246094,0.0,162410900
2015-03-16,172.28981018066406,0.0,208.5800018310547,0.0,208.69000244140625,205.86000061035156,206.7100067138672,0.0,136099200
2015-03-17,171.77767944335938,0.0,207.9600067138672,0.0,208.4199981689453,206.97999572753906,207.69000244140625,0.0,94510400
2015-03-18,173.84268188476562,0.0,210.4600067138672,0.0,211.27000427246094,206.6199951171875,207.38999938964844,0.0,228808500
2015-03-19,173.04969787597656,0.0,209.5,0.0,210.47000122070312,209.02999877929688,209.9600067138672,0.0,117917300
2015-03-20,174.57720947265625,0.0,210.41000366210938,0.931,211.02000427246094,209.49000549316406,209.7100067138672,0.0,177715100
2015-03-23,174.23699951171875,0.0,210.0,0.0,211.11000061035156,210.0,210.4199981689453,0.0,71784500
2015-03-24,173.25799560546875,0.0,208.82000732421875,0.0,210.39999389648438,208.74000549316406,209.85000610351562,0.0,77805300
2015-03-25,170.7191162109375,0.0,205.75999450683594,0.0,209.35000610351562,205.7100067138672,209.07000732421875,0.0,159521700
2015-03-26,170.31256103515625,0.0,205.27000427246094,0.0,206.3699951171875,204.1199951171875,204.9600067138672,0.0,153067200
2015-03-27,170.70252990722656,0.0,205.74000549316406,0.0,205.9499969482422,204.89999389648438,205.1300048828125,0.0,118939000
2015-03-30,172.78504943847656,0.0,208.25,0.0,208.61000061035156,206.9600067138672,206.97999572753906,0.0,96180400
2015-03-31,171.27496337890625,0.0,206.42999267578125,0.0,208.10000610351562,206.36000061035156,207.25999450683594,0.0,126768700
2015-04-01,170.66932678222656,0.0,205.6999969482422,0.0,206.4199981689453,204.50999450683594,206.38999938964844,0.0,137303600
2015-04-02,171.2832489013672,0.0,206.44000244140625,0.0,206.97999572753906,205.39999389648438,205.6199951171875,0.0,86900900
2015-04-06,172.4365692138672,0.0,207.8300018310547,0.0,208.4499969482422,205.2100067138672,205.3699951171875,0.0,114368200
2015-04-07,171.98020935058594,0.0,207.27999877929688,0.0,208.75999450683594,207.24000549316406,207.86000061035156,0.0,81236300
2015-04-08,172.56100463867188,0.0,207.97999572753906,0.0,208.50999450683594,207.0800018310547,207.5500030517578,0.0,89351900
2015-04-09,173.32432556152344,0.0,208.89999389648438,0.0,209.17999267578125,207.19000244140625,207.77999877929688,0.0,85548900
2015-04-10,174.27023315429688,0.0,210.0399932861328,0.0,210.08999633789062,208.9600067138672,209.1999969482422,0.0,72722900
2015-04-13,173.4820098876953,0.0,209.08999633789062,0.0,210.6300048828125,209.02999877929688,209.8699951171875,0.0,74436600
2015-04-14,173.8139190673828,0.0,209.49000549316406,0.0,209.7100067138672,208.10000610351562,208.85000610351562,0.0,75099900
2015-04-15,174.59381103515625,0.0,210.42999267578125,0.0,211.0399932861328,209.9499969482422,210.0500030517578,0.0,99529300
2015-04-16,174.54400634765625,0.0,210.3699951171875,0.0,210.97999572753906,209.7899932861328,210.02999877929688,0.0,68934900
2015-04-17,172.5361328125,0.0,207.9499969482422,0.0,209.22999572753906,207.00999450683594,208.94000244140625,0.0,191113200
2015-04-20,174.11257934570312,0.0,209.85000610351562,0.0,210.25,208.9600067138672,209.05999755859375,0.0,92189500
2015-04-21,173.90518188476562,0.0,209.60000610351562,0.0,210.86000061035156,209.24000549316406,210.6699981689453,0.0,72559800
2015-04-22,174.75973510742188,0.0,210.6300048828125,0.0,210.85000610351562,208.89999389648438,210.00999450683594,0.0,78264600
2015-04-23,175.19949340820312,0.0,211.16000366210938,0.0,211.94000244140625,210.00999450683594,210.14999389648438,0.0,102585900
2015-04-24,175.6060791015625,0.0,211.64999389648438,0.0,211.97000122070312,211.11000061035156,211.66000366210938,0.0,61327400
2015-04-27,174.87591552734375,0.0,210.77000427246094,0.0,212.47999572753906,210.5399932861328,212.3300018310547,0.0,79358100
2015-04-28,175.43179321289062,0.0,211.44000244140625,0.0,211.5,209.3300018310547,210.74000549316406,0.0,86863500
2015-04-29,174.70997619628906,0.0,210.57000732421875,0.0,211.2899932861328,209.60000610351562,210.3699951171875,0.0,125684900
2015-04-30,172.95928955078125,0.0,208.4600067138672,0.0,210.35000610351562,207.6199951171875,209.8800048828125,0.0,161304900
2015-05-01,174.83444213867188,0.0,210.72000122070312,0.0,210.77000427246094,209.27999877929688,209.39999389648438,0.0,103399700
2015-05-04,175.33224487304688,0.0,211.32000732421875,0.0,212.02000427246094,211.10000610351562,211.22999572753906,0.0,70927200
2015-05-05,173.32432556152344,0.0,208.89999389648438,0.0,211.4600067138672,208.72999572753906,211.02999877929688,0.0,113326200
2015-05-06,172.6107940673828,0.0,208.0399932861328,0.0,209.92999267578125,206.75999450683594,209.55999755859375,0.0,135060200
2015-05-07,173.29942321777344,0.0,208.8699951171875,0.0,209.3800048828125,207.52000427246094,207.9199981689453,0.0,88244900
2015-05-08,175.58114624023438,0.0,211.6199951171875,0.0,211.86000061035156,210.77999877929688,210.8800048828125,0.0,155877300
2015-05-11,174.74313354492188,0.0,210.61000061035156,0.0,211.88999938964844,210.52000427246094,211.57000732421875,0.0,75708100
2015-05-12,174.22042846679688,0.0,209.97999572753906,0.0,210.6300048828125,208.6199951171875,209.61000061035156,0.0,119727600
2015-05-13,174.25363159179688,0.0,210.02000427246094,0.0,211.22000122070312,209.74000549316406,210.47000122070312,0.0,94667900
2015-05-14,176.07069396972656,0.0,212.2100067138672,0.0,212.32000732421875,210.91000366210938,211.24000549316406,0.0,95934000
2015-05-15,176.2615509033203,0.0,212.44000244140625,0.0,212.61000061035156,211.86000061035156,212.44000244140625,0.0,76510100
2015-05-18,176.80909729003906,0.0,213.10000610351562,0.0,213.39999389648438,212.16000366210938,212.24000549316406,0.0,74549700
2015-05-19,176.75103759765625,0.0,213.02999877929688,0.0,213.57000732421875,212.69000244140625,213.24000549316406,0.0,72114600
2015-05-20,176.62655639648438,0.0,212.8800048828125,0.0,213.77999877929688,212.5,213.14999389648438,0.0,76857500
2015-05-21,177.1409912109375,0.0,213.5,0.0,213.75,212.50999450683594,212.7100067138672,0.0,64764600
2015-05-22,176.71786499023438,0.0,212.99000549316406,0.0,213.5399932861328,212.91000366210938,213.0399932861328,0.0,57433500
2015-05-26,174.81781005859375,0.0,210.6999969482422,0.0,212.91000366210938,210.1999969482422,212.39999389648438,0.0,124308600
2015-05-27,176.4771728515625,0.0,212.6999969482422,0.0,212.97999572753906,210.75999450683594,211.25,0.0,93214000
2015-05-28,176.2781219482422,0.0,212.4600067138672,0.0,212.58999633789062,211.6300048828125,212.3300018310547,0.0,74974600
2015-05-29,175.182861328125,0.0,211.13999938964844,0.0,212.42999267578125,210.82000732421875,212.3800048828125,0.0,124919600
2015-06-01,175.53965759277344,0.0,211.57000732421875,0.0,212.33999633789062,210.6199951171875,211.94000244140625,0.0,93338800
2015-06-02,175.36544799804688,0.0,211.36000061035156,0.0,212.19000244140625,210.27000427246094,211.02000427246094,0.0,91531000
2015-06-03,175.83006286621094,0.0,211.9199981689453,0.0,212.6699981689453,211.3300018310547,212.0,0.0,87820900
2015-06-04,174.34487915039062,0.0,210.1300048828125,0.0,211.86000061035156,209.75,211.07000732421875,0.0,151882800
2015-06-05,174.0462646484375,0.0,209.77000427246094,0.0,210.5800018310547,208.97999572753906,209.9499969482422,0.0,121704700
2015-06-08,172.9759063720703,0.0,208.47999572753906,0.0,209.82000732421875,208.38999938964844,209.63999938964844,0.0,89063300
2015-06-09,172.95094299316406,0.0,208.4499969482422,0.0,209.10000610351562,207.69000244140625,208.4499969482422,0.0,105034700
2015-06-10,175.0252227783203,0.0,210.9499969482422,0.0,211.41000366210938,209.3000030517578,209.3699951171875,0.0,134551300
2015-06-11,175.5894012451172,0.0,211.6300048828125,0.0,212.08999633789062,211.1999969482422,211.47999572753906,0.0,73876400
2015-06-12,174.2452850341797,0.0,210.00999450683594,0.0,211.47999572753906,209.67999267578125,210.63999938964844,0.0,135382400
2015-06-15,173.4986114501953,0.0,209.11000061035156,0.0,209.4499969482422,207.7899932861328,208.63999938964844,0.0,124384200
2015-06-16,174.44442749023438,0.0,210.25,0.0,210.35000610351562,208.72000122070312,208.92999267578125,0.0,85308200
2015-06-17,174.7265167236328,0.0,210.58999633789062,0.0,211.32000732421875,209.36000061035156,210.58999633789062,0.0,126708600
2015-06-18,176.54359436035156,0.0,212.77999877929688,0.0,213.33999633789062,210.6300048828125,211.30999755859375,0.0,165867900
2015-06-19,175.75987243652344,0.0,210.80999755859375,1.03,211.5500030517578,210.36000061035156,211.4600067138672,0.0,130478700
2015-06-22,176.66033935546875,0.0,211.88999938964844,0.0,212.58999633789062,211.63999938964844,211.91000366210938,0.0,70696000
2015-06-23,176.78538513183594,0.0,212.0399932861328,0.0,212.44000244140625,211.57000732421875,212.13999938964844,0.0,68476800
2015-06-24,175.50144958496094,0.0,210.5,0.0,212.1699981689453,210.47000122070312,211.72000122070312,0.0,92307300
2015-06-25,174.9678497314453,0.0,209.86000061035156,0.0,211.25,209.77000427246094,211.10000610351562,0.0,97107400
2015-06-26,174.93446350097656,0.0,209.82000732421875,0.0,210.5800018310547,209.16000366210938,210.2899932861328,0.0,104174800
2015-06-29,171.2659912109375,0.0,205.4199981689453,0.0,209.8300018310547,205.3300018310547,208.0500030517578,0.0,202621300
2015-06-30,171.62457275390625,0.0,205.85000610351562,0.0,207.32000732421875,205.27999877929688,207.25999450683594,0.0,182925100
2015-07-01,173.00025939941406,0.0,207.5,0.0,208.02999877929688,206.55999755859375,207.72999572753906,0.0,135979900
2015-07-02,172.84178161621094,0.0,207.30999755859375,0.0,208.27000427246094,206.80999755859375,208.07000732421875,0.0,104373700
2015-07-06,172.34988403320312,0.0,206.72000122070312,0.0,207.64999389648438,205.52999877929688,205.77000427246094,0.0,117975400
2015-07-07,173.43374633789062,0.0,208.02000427246094,0.0,208.1699981689453,204.11000061035156,206.9600067138672,0.0,173820200
2015-07-08,170.52398681640625,0.0,204.52999877929688,0.0,206.75999450683594,204.25,206.4199981689453,0.0,164020100
2015-07-09,170.83250427246094,0.0,204.89999389648438,0.0,207.35000610351562,204.77000427246094,207.0399932861328,0.0,144113100
2015-07-10,172.98358154296875,0.0,207.47999572753906,0.0,207.97999572753906,204.9499969482422,207.2899932861328,0.0,129456900
2015-07-13,174.89285278320312,0.0,209.77000427246094,0.0,209.89999389648438,208.94000244140625,208.99000549316406,0.0,106069400
2015-07-14,175.65147399902344,0.0,210.67999267578125,0.0,211.0500030517578,209.64999389648438,209.72000122070312,0.0,81709600
2015-07-15,175.5930938720703,0.0,210.61000061035156,0.0,211.27999877929688,210.0399932861328,210.72999572753906,0.0,97914100
2015-07-16,177.00218200683594,0.0,212.3000030517578,0.0,212.3000030517578,211.5800018310547,211.8699951171875,0.0,106683300
2015-07-17,177.15223693847656,0.0,212.47999572753906,0.0,212.5500030517578,211.8000030517578,212.2899932861328,0.0,89030000
2015-07-20,177.24395751953125,0.0,212.58999633789062,0.0,213.17999267578125,212.2100067138672,212.75,0.0,70446800
2015-07-21,176.54360961914062,0.0,211.75,0.0,212.74000549316406,211.38999938964844,212.42999267578125,0.0,77965000
2015-07-22,176.226806640625,0.0,211.3699951171875,0.0,211.77000427246094,210.88999938964844,210.92999267578125,0.0,88667900
2015-07-23,175.234619140625,0.0,210.17999267578125,0.0,211.64999389648438,209.75,211.52999877929688,0.0,90509100
2015-07-24,173.41708374023438,0.0,208.0,0.0,210.3699951171875,207.60000610351562,210.3000030517578,0.0,117755000
2015-07-27,172.4082489013672,0.0,206.7899932861328,0.0,207.5500030517578,206.25999450683594,206.94000244140625,0.0,132361100
2015-07-28,174.52593994140625,0.0,209.3300018310547,0.0,209.5,206.8000030517578,207.7899932861328,0.0,123544800
2015-07-29,175.72654724121094,0.0,210.77000427246094,0.0,211.0399932861328,209.30999755859375,209.47999572753906,0.0,105791300
2015-07-30,175.76828002929688,0.0,210.82000732421875,0.0,211.02000427246094,209.4199981689453,210.16000366210938,0.0,91304400
2015-07-31,175.50144958496094,0.0,210.5,0.0,211.4499969482422,210.16000366210938,211.4199981689453,0.0,103266900
2015-08-03,174.90948486328125,0.0,209.7899932861328,0.0,210.52999877929688,208.64999389648438,210.4600067138672,0.0,113965700
2015-08-04,174.56764221191406,0.0,209.3800048828125,0.0,210.25,208.8000030517578,209.6999969482422,0.0,81820800
2015-08-05,175.14291381835938,0.0,210.07000732421875,0.0,211.30999755859375,209.72999572753906,210.4499969482422,0.0,85786800
2015-08-06,173.70884704589844,0.0,208.35000610351562,0.0,210.4199981689453,207.64999389648438,210.2899932861328,0.0,116030800
2015-08-07,173.3754119873047,0.0,207.9499969482422,0.0,208.33999633789062,206.8699951171875,208.16000366210938,0.0,117858000
2015-08-10,175.559814453125,0.0,210.57000732421875,0.0,210.6699981689453,209.27999877929688,209.27999877929688,0.0,80270700
2015-08-11,173.9757080078125,0.0,208.6699981689453,0.0,209.47000122070312,207.75999450683594,208.97000122070312,0.0,126081400
2015-08-12,174.18411254882812,0.0,208.9199981689453,0.0,209.13999938964844,205.36000061035156,207.11000061035156,0.0,172123700
2015-08-13,173.96737670898438,0.0,208.66000366210938,0.0,209.5500030517578,208.00999450683594,208.72999572753906,0.0,89383300
2015-08-14,174.60098266601562,0.0,209.4199981689453,0.0,209.50999450683594,208.25999450683594,208.42999267578125,0.0,72786500
2015-08-17,175.57644653320312,0.0,210.58999633789062,0.0,210.58999633789062,208.16000366210938,208.7100067138672,0.0,79072600
2015-08-18,175.06785583496094,0.0,209.97999572753906,0.0,210.67999267578125,209.6999969482422,210.25999450683594,0.0,71692700
2015-08-19,173.6838836669922,0.0,208.32000732421875,0.0,210.00999450683594,207.35000610351562,209.08999633789062,0.0,172946000
2015-08-20,170.05712890625,0.0,203.97000122070312,0.0,208.2899932861328,203.89999389648438,206.50999450683594,0.0,194327900
2015-08-21,164.93797302246094,0.0,197.8300018310547,0.0,203.94000244140625,197.52000427246094,201.72999572753906,0.0,346588500
2015-08-24,157.99298095703125,0.0,189.5,0.0,197.47999572753906,182.39999389648438,187.49000549316406,0.0,507244300
2015-08-25,156.13368225097656,0.0,187.27000427246094,0.0,195.4499969482422,186.9199981689453,195.42999267578125,0.0,369833100
2015-08-26,162.12832641601562,0.0,194.4600067138672,0.0,194.7899932861328,188.3699951171875,192.0800018310547,0.0,339257000
2015-08-27,166.1385955810547,0.0,199.27000427246094,0.0,199.4199981689453,195.2100067138672,197.02000427246094,0.0,274143900
2015-08-28,166.1469268798828,0.0,199.27999877929688,0.0,199.83999633789062,197.9199981689453,198.5,0.0,160414400
2015-08-31,164.8046112060547,0.0,197.6699981689453,0.0,199.1300048828125,197.00999450683594,198.11000061035156,0.0,163298800
2015-09-01,159.88555908203125,0.0,191.77000427246094,0.0,194.77000427246094,190.72999572753906,193.1199951171875,0.0,256000400
2015-09-02,162.92037963867188,0.0,195.41000366210938,0.0,195.4600067138672,192.4199981689453,194.6199951171875,0.0,160269300
2015-09-03,163.0370330810547,0.0,195.5500030517578,0.0,198.0500030517578,194.9600067138672,196.25999450683594,0.0,152087800
2015-09-04,160.56924438476562,0.0,192.58999633789062,0.0,193.86000061035156,191.61000061035156,192.85000610351562,0.0,207081000
2015-09-08,164.60446166992188,0.0,197.42999267578125,0.0,197.61000061035156,195.1699981689453,195.94000244140625,0.0,116025700
2015-09-09,162.40341186523438,0.0,194.7899932861328,0.0,199.47000122070312,194.35000610351562,199.32000732421875,0.0,149347700
2015-09-10,163.28721618652344,0.0,195.85000610351562,0.0,197.22000122070312,194.25,194.55999755859375,0.0,158611100
2015-09-11,164.02914428710938,0.0,196.74000549316406,0.0,196.82000732421875,194.52999877929688,195.3800048828125,0.0,119691200
2015-09-14,163.4205780029297,0.0,196.00999450683594,0.0,197.00999450683594,195.42999267578125,196.9499969482422,0.0,79452000
2015-09-15,165.4632110595703,0.0,198.4600067138672,0.0,198.99000549316406,195.9600067138672,196.61000061035156,0.0,113806200
2015-09-16,166.8972930908203,0.0,200.17999267578125,0.0,200.41000366210938,198.41000366210938,198.82000732421875,0.0,99581600
2015-09-17,166.5220489501953,0.0,199.72999572753906,0.0,202.88999938964844,199.27999877929688,200.02000427246094,0.0,276046600
2015-09-18,163.80087280273438,0.0,195.4499969482422,1.033,198.67999267578125,194.9600067138672,195.7100067138672,0.0,223657500
2015-09-21,164.6473388671875,0.0,196.4600067138672,0.0,197.67999267578125,195.2100067138672,196.44000244140625,0.0,105726200
2015-09-22,162.51025390625,0.0,193.91000366210938,0.0,194.4600067138672,192.55999755859375,193.8800048828125,0.0,153890900
2015-09-23,162.25050354003906,0.0,193.60000610351562,0.0,194.6699981689453,192.91000366210938,194.11000061035156,0.0,92790600
2015-09-24,161.6637725830078,0.0,192.89999389648438,0.0,193.4499969482422,190.55999755859375,192.14999389648438,0.0,159378800
2015-09-25,161.62188720703125,0.0,192.85000610351562,0.0,195.0,191.80999755859375,194.63999938964844,0.0,155054800
2015-09-28,157.56565856933594,0.0,188.00999450683594,0.0,191.91000366210938,187.63999938964844,191.77999877929688,0.0,178515900
2015-09-29,157.6577606201172,0.0,188.1199951171875,0.0,189.74000549316406,186.92999267578125,188.27000427246094,0.0,159045600
2015-09-30,160.5994110107422,0.0,191.6300048828125,0.0,191.8300018310547,189.44000244140625,190.3699951171875,0.0,163452000
2015-10-01,161.01846313476562,0.0,192.1300048828125,0.0,192.49000549316406,189.82000732421875,192.0800018310547,0.0,131079000
2015-10-02,163.42369079589844,0.0,195.0,0.0,195.02999877929688,189.1199951171875,189.77000427246094,0.0,211003300
2015-10-05,166.33181762695312,0.0,198.47000122070312,0.0,198.74000549316406,196.3300018310547,196.4600067138672,0.0,126320800
2015-10-06,165.7619171142578,0.0,197.7899932861328,0.0,198.97999572753906,197.0,198.30999755859375,0.0,110274500
2015-10-07,167.11965942382812,0.0,199.41000366210938,0.0,199.8300018310547,197.47999572753906,198.89999389648438,0.0,124307300
2015-10-08,168.62814331054688,0.0,201.2100067138672,0.0,201.5500030517578,198.58999633789062,198.9499969482422,0.0,153055200
2015-10-09,168.7287139892578,0.0,201.3300018310547,0.0,201.89999389648438,200.5800018310547,201.3800048828125,0.0,107069200
2015-10-12,168.88800048828125,0.0,201.52000427246094,0.0,201.75999450683594,200.91000366210938,201.4199981689453,0.0,56395600
2015-10-13,167.82359313964844,0.0,200.25,0.0,202.16000366210938,200.0500030517578,200.64999389648438,0.0,88038700
2015-10-14,167.01904296875,0.0,199.2899932861328,0.0,200.8699951171875,198.94000244140625,200.17999267578125,0.0,99106200
2015-10-15,169.58363342285156,0.0,202.35000610351562,0.0,202.36000061035156,199.63999938964844,200.0800018310547,0.0,134142200
2015-10-16,170.3545684814453,0.0,203.27000427246094,0.0,203.2899932861328,201.9199981689453,202.8300018310547,0.0,114580100
2015-10-19,170.43844604492188,0.0,203.3699951171875,0.0,203.3699951171875,202.1300048828125,202.5,0.0,76523900
2015-10-20,170.22047424316406,0.0,203.11000061035156,0.0,203.83999633789062,202.5500030517578,202.85000610351562,0.0,78448500
2015-10-21,169.1645050048828,0.0,201.85000610351562,0.0,203.7899932861328,201.64999389648438,203.61000061035156,0.0,102038000
2015-10-22,172.02230834960938,0.0,205.25999450683594,0.0,205.50999450683594,201.85000610351562,202.97999572753906,0.0,174911700
2015-10-23,173.90802001953125,0.0,207.50999450683594,0.0,207.9499969482422,206.3000030517578,207.25,0.0,144442300
2015-10-26,173.48057556152344,0.0,207.0,0.0,207.3699951171875,206.55999755859375,207.3000030517578,0.0,69033000
2015-10-27,173.14540100097656,0.0,206.60000610351562,0.0,207.0,205.7899932861328,206.1999969482422,0.0,77905800
2015-10-28,175.1147918701172,0.0,208.9499969482422,0.0,208.97999572753906,206.2100067138672,207.0,0.0,135906700
2015-10-29,175.01422119140625,0.0,208.8300018310547,0.0,209.27000427246094,208.2100067138672,208.35000610351562,0.0,90525500
2015-10-30,174.25994873046875,0.0,207.92999267578125,0.0,209.44000244140625,207.74000549316406,209.05999755859375,0.0,131076900
2015-11-02,176.32164001464844,0.0,210.38999938964844,0.0,210.6199951171875,208.1699981689453,208.32000732421875,0.0,86270800
2015-11-03,176.8328399658203,0.0,211.0,0.0,211.66000366210938,209.6999969482422,209.97000122070312,0.0,95246100
2015-11-04,176.29652404785156,0.0,210.36000061035156,0.0,211.5,209.72000122070312,211.35000610351562,0.0,96224500
2015-11-05,176.12049865722656,0.0,210.14999389648438,0.0,210.97999572753906,209.08999633789062,210.42999267578125,0.0,78408700
2015-11-06,176.0283203125,0.0,210.0399932861328,0.0,210.32000732421875,208.4600067138672,209.74000549316406,0.0,110471500
2015-11-09,174.38568115234375,0.0,208.0800018310547,0.0,209.49000549316406,206.9499969482422,209.30999755859375,0.0,131008700
2015-11-10,174.78794860839844,0.0,208.55999755859375,0.0,208.60000610351562,207.19000244140625,207.50999450683594,0.0,75874600
2015-11-11,174.10073852539062,0.0,207.74000549316406,0.0,208.94000244140625,207.66000366210938,208.8800048828125,0.0,67846000
2015-11-12,171.6703338623047,0.0,204.83999633789062,0.0,207.05999755859375,204.82000732421875,206.5,0.0,121315200
2015-11-13,169.7427978515625,0.0,202.5399932861328,0.0,204.6699981689453,202.44000244140625,204.35000610351562,0.0,153577100
2015-11-16,172.3240203857422,0.0,205.6199951171875,0.0,205.69000244140625,202.17999267578125,202.32000732421875,0.0,117645200
2015-11-17,172.19833374023438,0.0,205.47000122070312,0.0,207.0399932861328,204.8800048828125,205.99000549316406,0.0,121123700
2015-11-18,174.93038940429688,0.0,208.72999572753906,0.0,208.89999389648438,205.99000549316406,206.0399932861328,0.0,121342500
2015-11-19,174.77955627441406,0.0,208.5500030517578,0.0,209.0500030517578,208.1999969482422,208.58999633789062,0.0,88220500
2015-11-20,175.4165496826172,0.0,209.30999755859375,0.0,210.1199951171875,208.86000061035156,209.4499969482422,0.0,94011500
2015-11-23,175.2154083251953,0.0,209.07000732421875,0.0,209.97999572753906,208.52000427246094,209.3800048828125,0.0,64931200
2015-11-24,175.44996643066406,0.0,209.35000610351562,0.0,209.8300018310547,207.41000366210938,207.8699951171875,0.0,98874400
2015-11-25,175.4249267578125,0.0,209.32000732421875,0.0,209.74000549316406,209.00999450683594,209.5,0.0,51980100
2015-11-27,175.6260223388672,0.0,209.55999755859375,0.0,209.8000030517578,208.86000061035156,209.42999267578125,0.0,37317800
2015-11-30,174.8969268798828,0.0,208.69000244140625,0.0,209.88999938964844,208.55999755859375,209.75,0.0,112822700
2015-12-01,176.56466674804688,0.0,210.67999267578125,0.0,210.82000732421875,209.11000061035156,209.44000244140625,0.0,97858400
2015-12-02,174.76280212402344,0.0,208.52999877929688,0.0,211.0,208.22999572753906,210.6199951171875,0.0,108441300
2015-12-03,172.315673828125,0.0,205.61000061035156,0.0,209.14999389648438,204.75,208.8300018310547,0.0,166224200
2015-12-04,175.6763458251953,0.0,209.6199951171875,0.0,209.97000122070312,205.61000061035156,205.61000061035156,0.0,192913900
2015-12-07,174.61192321777344,0.0,208.35000610351562,0.0,209.72999572753906,207.1999969482422,209.22999572753906,0.0,102027100
2015-12-08,173.4386749267578,0.0,206.9499969482422,0.0,208.2899932861328,205.77999877929688,206.49000549316406,0.0,103372400
2015-12-09,172.08937072753906,0.0,205.33999633789062,0.0,208.67999267578125,204.17999267578125,206.19000244140625,0.0,162401500
2015-12-10,172.5335235595703,0.0,205.8699951171875,0.0,207.42999267578125,205.13999938964844,205.4199981689453,0.0,116128900
2015-12-11,169.189697265625,0.0,201.8800048828125,0.0,204.13999938964844,201.50999450683594,203.35000610351562,0.0,211173300
2015-12-14,170.04452514648438,0.0,202.89999389648438,0.0,203.0500030517578,199.9499969482422,202.07000732421875,0.0,182385200
2015-12-15,171.82955932617188,0.0,205.02999877929688,0.0,206.11000061035156,202.8699951171875,204.6999969482422,0.0,154069600
2015-12-16,174.3437957763672,0.0,208.02999877929688,0.0,208.38999938964844,204.8000030517578,206.3699951171875,0.0,197017000
2015-12-17,171.6871337890625,0.0,204.86000061035156,0.0,208.47999572753906,204.83999633789062,208.39999389648438,0.0,173092500
2015-12-18,168.62852478027344,0.0,200.02000427246094,1.212,202.92999267578125,199.8300018310547,202.77000427246094,0.0,251393500
2015-12-21,170.01959228515625,0.0,201.6699981689453,0.0,201.8800048828125,200.08999633789062,201.41000366210938,0.0,99094300
2015-12-22,171.5623016357422,0.0,203.5,0.0,203.85000610351562,201.5500030517578,202.72000122070312,0.0,111026200
2015-12-23,173.6868438720703,0.0,206.02000427246094,0.0,206.07000732421875,204.5800018310547,204.69000244140625,0.0,110987200
2015-12-24,173.40020751953125,0.0,205.67999267578125,0.0,206.3300018310547,205.4199981689453,205.72000122070312,0.0,48539600
2015-12-28,173.0039825439453,0.0,205.2100067138672,0.0,205.25999450683594,203.94000244140625,204.86000061035156,0.0,65899900
2015-12-29,174.85025024414062,0.0,207.39999389648438,0.0,207.7899932861328,206.47000122070312,206.50999450683594,0.0,92640700
2015-12-30,173.61094665527344,0.0,205.92999267578125,0.0,207.2100067138672,205.75999450683594,207.11000061035156,0.0,63317700
2015-12-31,171.8742218017578,0.0,203.8699951171875,0.0,205.88999938964844,203.8699951171875,205.1300048828125,0.0,114877900
2016-01-04,169.4715576171875,0.0,201.02000427246094,0.0,201.02999877929688,198.58999633789062,200.49000549316406,0.0,222353500
2016-01-05,169.75819396972656,0.0,201.36000061035156,0.0,201.89999389648438,200.0500030517578,201.39999389648438,0.0,110845800
2016-01-06,167.6168212890625,0.0,198.82000732421875,0.0,200.05999755859375,197.60000610351562,198.33999633789062,0.0,152112600
2016-01-07,163.5954132080078,0.0,194.0500030517578,0.0,197.44000244140625,193.58999633789062,195.3300018310547,0.0,213436100
2016-01-08,161.79974365234375,0.0,191.9199981689453,0.0,195.85000610351562,191.5800018310547,195.19000244140625,0.0,209817200
2016-01-11,161.95989990234375,0.0,192.11000061035156,0.0,193.41000366210938,189.82000732421875,193.00999450683594,0.0,187941300
2016-01-12,163.26658630371094,0.0,193.66000366210938,0.0,194.5500030517578,191.13999938964844,193.82000732421875,0.0,172330500
2016-01-13,159.19471740722656,0.0,188.8300018310547,0.0,194.86000061035156,188.3800048828125,194.4499969482422,0.0,221168900
2016-01-14,161.80812072753906,0.0,191.92999267578125,0.0,193.25999450683594,187.66000366210938,189.5500030517578,0.0,240795600
2016-01-15,158.33470153808594,0.0,187.80999755859375,0.0,188.75999450683594,185.52000427246094,186.77000427246094,0.0,324846400
2016-01-19,158.54550170898438,0.0,188.05999755859375,0.0,190.11000061035156,186.1999969482422,189.9600067138672,0.0,195244400
2016-01-20,156.51377868652344,0.0,185.64999389648438,0.0,187.5,181.02000427246094,185.02999877929688,0.0,286547800
2016-01-21,157.39056396484375,0.0,186.69000244140625,0.0,188.8699951171875,184.63999938964844,186.2100067138672,0.0,195772900
2016-01-22,160.6194305419922,0.0,190.52000427246094,0.0,190.75999450683594,188.8800048828125,189.77999877929688,0.0,168319600
2016-01-25,158.19143676757812,0.0,187.63999938964844,0.0,190.14999389648438,187.41000366210938,189.9199981689453,0.0,130371700
2016-01-26,160.3496551513672,0.0,190.1999969482422,0.0,190.52999877929688,188.02000427246094,188.4199981689453,0.0,141036800
2016-01-27,158.60450744628906,0.0,188.1300048828125,0.0,191.55999755859375,187.05999755859375,189.5800018310547,0.0,185681700
2016-01-28,159.4307098388672,0.0,189.11000061035156,0.0,190.1999969482422,187.16000366210938,189.9600067138672,0.0,143798800
2016-01-29,163.3172607421875,0.0,193.72000122070312,0.0,193.8800048828125,189.8800048828125,190.02000427246094,0.0,210529300
2016-02-01,163.2582244873047,0.0,193.64999389648438,0.0,194.5800018310547,191.83999633789062,192.52999877929688,0.0,136061600
2016-02-02,160.3159637451172,0.0,190.16000366210938,0.0,191.97000122070312,189.5399932861328,191.9600067138672,0.0,182564900
2016-02-03,161.2770233154297,0.0,191.3000030517578,0.0,191.77999877929688,187.10000610351562,191.41000366210938,0.0,205054900
2016-02-04,161.52993774414062,0.0,191.60000610351562,0.0,192.75,189.9600067138672,190.7100067138672,0.0,139531800
2016-02-05,158.45277404785156,0.0,187.9499969482422,0.0,191.6699981689453,187.1999969482422,190.99000549316406,0.0,180788300
2016-02-08,156.31983947753906,0.0,185.4199981689453,0.0,186.1199951171875,182.8000030517578,185.77000427246094,0.0,191526700
2016-02-09,156.3282928466797,0.0,185.42999267578125,0.0,186.94000244140625,183.1999969482422,183.36000061035156,0.0,184513100
2016-02-10,156.19337463378906,0.0,185.27000427246094,0.0,188.33999633789062,185.1199951171875,186.41000366210938,0.0,148214100
2016-02-11,154.16162109375,0.0,182.86000061035156,0.0,184.10000610351562,181.08999633789062,182.33999633789062,0.0,219058900
2016-02-12,157.33993530273438,0.0,186.6300048828125,0.0,186.64999389648438,183.9600067138672,184.9600067138672,0.0,127632400
2016-02-16,159.99559020996094,0.0,189.77999877929688,0.0,189.80999755859375,187.6300048828125,188.77000427246094,0.0,120250700
2016-02-17,162.60906982421875,0.0,192.8800048828125,0.0,193.32000732421875,191.00999450683594,191.16000366210938,0.0,136009500
2016-02-18,161.9430389404297,0.0,192.08999633789062,0.0,193.27000427246094,191.72000122070312,193.1999969482422,0.0,102343000
2016-02-19,161.8671875,0.0,192.0,0.0,192.17999267578125,190.4499969482422,191.1699981689453,0.0,114793000
2016-02-22,164.21087646484375,0.0,194.77999877929688,0.0,194.9499969482422,193.7899932861328,193.8699951171875,0.0,103640300
2016-02-23,162.13694763183594,0.0,192.32000732421875,0.0,194.32000732421875,192.17999267578125,194.0,0.0,111455300
2016-02-24,162.87881469726562,0.0,193.1999969482422,0.0,193.52999877929688,189.32000732421875,190.6300048828125,0.0,150812200
2016-02-25,164.85153198242188,0.0,195.5399932861328,0.0,195.5500030517578,192.8300018310547,193.72999572753906,0.0,110728300
2016-02-26,164.47218322753906,0.0,195.08999633789062,0.0,196.67999267578125,194.89999389648438,196.57000732421875,0.0,129833700
2016-02-29,163.18235778808594,0.0,193.55999755859375,0.0,196.22999572753906,193.3300018310547,195.11000061035156,0.0,125918100
2016-03-01,167.01824951171875,0.0,198.11000061035156,0.0,198.2100067138672,194.4499969482422,195.00999450683594,0.0,141799700
2016-03-02,167.76856994628906,0.0,199.0,0.0,199.05999755859375,197.25,197.74000549316406,0.0,102415000
2016-03-03,168.42613220214844,0.0,199.77999877929688,0.0,199.8000030517578,198.11000061035156,198.7899932861328,0.0,95172200
2016-03-04,168.97415161132812,0.0,200.42999267578125,0.0,201.35000610351562,199.02999877929688,200.00999450683594,0.0,129293600
2016-03-07,169.10894775390625,0.0,200.58999633789062,0.0,201.07000732421875,199.25,199.33999633789062,0.0,100219000
2016-03-08,167.26271057128906,0.0,198.39999389648438,0.0,199.9199981689453,198.2100067138672,199.32000732421875,0.0,123974900
2016-03-09,168.08892822265625,0.0,199.3800048828125,0.0,199.7899932861328,198.42999267578125,199.36000061035156,0.0,94801200
2016-03-10,168.22381591796875,0.0,199.5399932861328,0.0,201.07000732421875,197.3800048828125,199.9600067138672,0.0,156838700
2016-03-11,170.93846130371094,0.0,202.75999450683594,0.0,202.80999755859375,199.52000427246094,201.25999450683594,0.0,137964500
2016-03-14,170.71929931640625,0.0,202.5,0.0,203.0399932861328,201.77000427246094,202.16000366210938,0.0,73612000
2016-03-15,170.44110107421875,0.0,202.1699981689453,0.0,202.52999877929688,201.0500030517578,201.36000061035156,0.0,93169100
2016-03-16,171.42745971679688,0.0,203.33999633789062,0.0,203.82000732421875,201.5500030517578,201.60000610351562,0.0,129303200
2016-03-17,172.5149688720703,0.0,204.6300048828125,0.0,205.22999572753906,202.77000427246094,203.24000549316406,0.0,134278500
2016-03-18,173.19293212890625,0.0,204.3800048828125,1.05,204.77999877929688,203.8000030517578,204.1699981689453,0.0,138372400
2016-03-21,173.43865966796875,0.0,204.6699981689453,0.0,204.94000244140625,203.8000030517578,204.07000732421875,0.0,72926700
2016-03-22,173.34548950195312,0.0,204.55999755859375,0.0,205.22999572753906,203.57000732421875,203.75999450683594,0.0,97471900
2016-03-23,172.201416015625,0.0,203.2100067138672,0.0,204.3300018310547,203.00999450683594,204.11000061035156,0.0,81052500
2016-03-24,172.12518310546875,0.0,203.1199951171875,0.0,203.16000366210938,201.74000549316406,202.0,0.0,84360900
2016-03-28,172.2268829345703,0.0,203.24000549316406,0.0,203.86000061035156,202.7100067138672,203.61000061035156,0.0,62408200
2016-03-29,173.82000732421875,0.0,205.1199951171875,0.0,205.25,202.39999389648438,202.75999450683594,0.0,92922900
2016-03-30,174.58267211914062,0.0,206.02000427246094,0.0,206.8699951171875,205.58999633789062,206.3000030517578,0.0,86365300
2016-03-31,174.1589813232422,0.0,205.52000427246094,0.0,206.41000366210938,205.3300018310547,205.91000366210938,0.0,94584100
2016-04-01,175.34532165527344,0.0,206.9199981689453,0.0,207.13999938964844,203.97999572753906,204.35000610351562,0.0,114423500
2016-04-04,174.777587890625,0.0,206.25,0.0,207.07000732421875,205.88999938964844,206.8300018310547,0.0,63497000
2016-04-05,173.03192138671875,0.0,204.19000244140625,0.0,206.25999450683594,203.88999938964844,204.6699981689453,0.0,99662200
2016-04-06,174.92164611816406,0.0,206.4199981689453,0.0,206.49000549316406,203.97999572753906,204.19000244140625,0.0,91839800
2016-04-07,172.82850646972656,0.0,203.9499969482422,0.0,205.55999755859375,203.08999633789062,205.13999938964844,0.0,113859000
2016-04-08,173.29458618164062,0.0,204.5,0.0,205.85000610351562,203.8699951171875,205.33999633789062,0.0,95040600
2016-04-11,172.88783264160156,0.0,204.02000427246094,0.0,206.07000732421875,203.91000366210938,205.25,0.0,83757500
2016-04-12,174.49789428710938,0.0,205.9199981689453,0.0,206.25,203.6999969482422,204.22000122070312,0.0,115350600
2016-04-13,176.2605438232422,0.0,208.0,0.0,208.10000610351562,206.83999633789062,207.0,0.0,96336400
2016-04-14,176.2689971923828,0.0,208.00999450683594,0.0,208.60000610351562,207.60000610351562,208.07000732421875,0.0,65212900
2016-04-15,176.07408142089844,0.0,207.77999877929688,0.0,208.1699981689453,207.39999389648438,208.00999450683594,0.0,75761600
2016-04-18,177.31130981445312,0.0,209.24000549316406,0.0,209.27999877929688,207.0,207.77999877929688,0.0,82531000
2016-04-19,177.87060546875,0.0,209.89999389648438,0.0,210.1999969482422,208.94000244140625,209.74000549316406,0.0,88316100
2016-04-20,178.0401153564453,0.0,210.10000610351562,0.0,210.9199981689453,209.38999938964844,209.9499969482422,0.0,81100300
2016-04-21,177.08248901367188,0.0,208.97000122070312,0.0,210.25,208.64999389648438,210.1199951171875,0.0,85695000
2016-04-22,177.08248901367188,0.0,208.97000122070312,0.0,209.2899932861328,207.91000366210938,208.5500030517578,0.0,99251700
2016-04-25,176.77749633789062,0.0,208.61000061035156,0.0,208.66000366210938,207.5399932861328,208.25999450683594,0.0,66166500
2016-04-26,177.04013061523438,0.0,208.9199981689453,0.0,209.52000427246094,208.36000061035156,209.0399932861328,0.0,75864200
2016-04-27,177.40451049804688,0.0,209.35000610351562,0.0,209.80999755859375,208.0500030517578,208.47000122070312,0.0,77329400
2016-04-28,175.79444885253906,0.0,207.4499969482422,0.0,209.75999450683594,206.9600067138672,208.4600067138672,0.0,97216200
2016-04-29,174.8453826904297,0.0,206.3300018310547,0.0,207.1300048828125,205.02999877929688,206.72000122070312,0.0,142424100
2016-05-02,176.235107421875,0.0,207.97000122070312,0.0,208.17999267578125,206.41000366210938,206.9199981689453,0.0,62188000
2016-05-03,174.70130920410156,0.0,206.16000366210938,0.0,206.8000030517578,205.27999877929688,206.52000427246094,0.0,106422100
2016-05-04,173.72674560546875,0.0,205.00999450683594,0.0,205.85000610351562,204.4199981689453,204.99000549316406,0.0,92243800
2016-05-05,173.69288635253906,0.0,204.97000122070312,0.0,205.97999572753906,204.47000122070312,205.55999755859375,0.0,67619200
2016-05-06,174.3284149169922,0.0,205.72000122070312,0.0,205.77000427246094,203.8800048828125,204.05999755859375,0.0,89315000
2016-05-09,174.4725341796875,0.0,205.88999938964844,0.0,206.39999389648438,205.36000061035156,205.57000732421875,0.0,74374900
2016-05-10,176.641845703125,0.0,208.4499969482422,0.0,208.47000122070312,206.63999938964844,206.72000122070312,0.0,77472200
2016-05-11,174.98941040039062,0.0,206.5,0.0,208.5399932861328,206.5,207.91000366210938,0.0,81727000
2016-05-12,175.0402069091797,0.0,206.55999755859375,0.0,207.49000549316406,205.3699951171875,207.2899932861328,0.0,89586300
2016-05-13,173.51490783691406,0.0,204.75999450683594,0.0,206.86000061035156,204.3800048828125,206.2100067138672,0.0,96474600
2016-05-16,175.22666931152344,0.0,206.77999877929688,0.0,207.33999633789062,204.88999938964844,204.9600067138672,0.0,77486800
2016-05-17,173.59117126464844,0.0,204.85000610351562,0.0,206.8000030517578,204.22999572753906,206.4600067138672,0.0,114924900
2016-05-18,173.64202880859375,0.0,204.91000366210938,0.0,206.3000030517578,203.6300048828125,204.44000244140625,0.0,120062100
2016-05-19,173.0404052734375,0.0,204.1999969482422,0.0,204.5399932861328,202.77999877929688,204.05999755859375,0.0,115430500
2016-05-20,174.13352966308594,0.0,205.49000549316406,0.0,206.10000610351562,204.86000061035156,204.9199981689453,0.0,104990400
2016-05-23,173.8962860107422,0.0,205.2100067138672,0.0,205.83999633789062,204.99000549316406,205.50999450683594,0.0,58682600
2016-05-24,176.15036010742188,0.0,207.8699951171875,0.0,208.24000549316406,206.13999938964844,206.1699981689453,0.0,93537800
2016-05-25,177.34519958496094,0.0,209.27999877929688,0.0,209.77000427246094,207.8699951171875,208.6699981689453,0.0,76621400
2016-05-26,177.39602661132812,0.0,209.33999633789062,0.0,209.7100067138672,208.97000122070312,209.44000244140625,0.0,55280700
2016-05-27,178.15869140625,0.0,210.24000549316406,0.0,210.25,209.47000122070312,209.52999877929688,0.0,64211200
2016-05-31,177.8197479248047,0.0,209.83999633789062,0.0,210.69000244140625,209.17999267578125,210.55999755859375,0.0,109879400
2016-06-01,178.1841278076172,0.0,210.27000427246094,0.0,210.47999572753906,208.88999938964844,209.1199951171875,0.0,69936200
2016-06-02,178.72650146484375,0.0,210.91000366210938,0.0,210.92999267578125,209.24000549316406,209.8000030517578,0.0,63044700
2016-06-03,178.19265747070312,0.0,210.27999877929688,0.0,210.69000244140625,208.86000061035156,210.25,0.0,101757100
2016-06-06,179.099365234375,0.0,211.35000610351562,0.0,211.77000427246094,210.50999450683594,210.6999969482422,0.0,64887000
2016-06-07,179.37896728515625,0.0,211.67999267578125,0.0,212.33999633789062,211.5,211.52999877929688,0.0,60974800
2016-06-08,179.96363830566406,0.0,212.3699951171875,0.0,212.52000427246094,211.69000244140625,211.83999633789062,0.0,66170900
2016-06-09,179.71795654296875,0.0,212.0800018310547,0.0,212.22000122070312,211.19000244140625,211.50999450683594,0.0,73786900
2016-06-10,178.0146942138672,0.0,210.07000732421875,0.0,210.86000061035156,209.42999267578125,210.4600067138672,0.0,113829200
2016-06-13,176.641845703125,0.0,208.4499969482422,0.0,210.3699951171875,208.35000610351562,209.36000061035156,0.0,117751200
2016-06-14,176.29440307617188,0.0,208.0399932861328,0.0,208.74000549316406,206.9199981689453,208.0,0.0,125059300
2016-06-15,176.04869079589844,0.0,207.75,0.0,209.36000061035156,207.52999877929688,208.0399932861328,0.0,109124500
2016-06-16,176.57408142089844,0.0,208.3699951171875,0.0,208.57000732421875,205.58999633789062,207.75,0.0,149533100
2016-06-17,175.91650390625,0.0,206.52000427246094,1.078,207.1999969482422,205.75,207.1699981689453,0.0,117055700
2016-06-20,177.04934692382812,0.0,207.85000610351562,0.0,209.61000061035156,207.75,208.82000732421875,0.0,82789600
2016-06-21,177.5519256591797,0.0,208.44000244140625,0.0,208.9199981689453,207.77999877929688,208.3000030517578,0.0,72461700
2016-06-22,177.26231384277344,0.0,208.10000610351562,0.0,209.5,207.92999267578125,208.64999389648438,0.0,95560500
2016-06-23,179.5707244873047,0.0,210.80999755859375,0.0,210.8699951171875,209.27000427246094,209.80999755859375,0.0,102731400
2016-06-24,173.1225128173828,0.0,203.24000549316406,0.0,210.85000610351562,202.72000122070312,203.6300048828125,0.0,333444400
2016-06-27,170.02194213867188,0.0,199.60000610351562,0.0,201.60000610351562,198.64999389648438,201.58999633789062,0.0,230775800
2016-06-28,173.08848571777344,0.0,203.1999969482422,0.0,203.22999572753906,201.1199951171875,201.47999572753906,0.0,159382400
2016-06-29,176.03573608398438,0.0,206.66000366210938,0.0,206.92999267578125,204.72000122070312,204.83999633789062,0.0,137328600
2016-06-30,178.43785095214844,0.0,209.47999572753906,0.0,209.5399932861328,206.55999755859375,207.2100067138672,0.0,165021900
2016-07-01,178.8126220703125,0.0,209.9199981689453,0.0,210.49000549316406,209.2899932861328,209.47999572753906,0.0,106055300
2016-07-05,177.5264129638672,0.0,208.41000366210938,0.0,209.0800018310547,207.7100067138672,208.9499969482422,0.0,109803700
2016-07-06,178.59115600585938,0.0,209.66000366210938,0.0,209.8000030517578,207.05999755859375,207.8300018310547,0.0,96021500
2016-07-07,178.48037719726562,0.0,209.52999877929688,0.0,210.64999389648438,208.6300048828125,209.8699951171875,0.0,85593800
2016-07-08,181.13803100585938,0.0,212.64999389648438,0.0,212.94000244140625,210.77999877929688,211.0500030517578,0.0,133971000
2016-07-11,181.7769012451172,0.0,213.39999389648438,0.0,214.07000732421875,212.9499969482422,213.19000244140625,0.0,73633900
2016-07-12,183.0972137451172,0.0,214.9499969482422,0.0,215.3000030517578,213.42999267578125,214.52999877929688,0.0,101275600
2016-07-13,183.07168579101562,0.0,214.9199981689453,0.0,215.4499969482422,214.35000610351562,215.44000244140625,0.0,87324100
2016-07-14,184.0938720703125,0.0,216.1199951171875,0.0,216.6699981689453,215.66000366210938,216.39999389648438,0.0,91230900
2016-07-15,183.84681701660156,0.0,215.8300018310547,0.0,217.00999450683594,215.30999755859375,216.77999877929688,0.0,107155400
2016-07-18,184.34088134765625,0.0,216.41000366210938,0.0,216.60000610351562,215.6699981689453,215.97000122070312,0.0,58725900
2016-07-19,184.15350341796875,0.0,216.19000244140625,0.0,216.22999572753906,215.6300048828125,215.9199981689453,0.0,54345700
2016-07-20,184.9201202392578,0.0,217.08999633789062,0.0,217.3699951171875,216.19000244140625,216.19000244140625,0.0,58159500
2016-07-21,184.22166442871094,0.0,216.27000427246094,0.0,217.22000122070312,215.75,216.9600067138672,0.0,67777300
2016-07-22,185.04788208007812,0.0,217.24000549316406,0.0,217.3000030517578,216.10000610351562,216.41000366210938,0.0,62787500
2016-07-25,184.5453338623047,0.0,216.64999389648438,0.0,217.05999755859375,215.97000122070312,217.0,0.0,55873100
2016-07-26,184.63050842285156,0.0,216.75,0.0,217.1699981689453,215.75999450683594,216.52999877929688,0.0,70080500
2016-07-27,184.43458557128906,0.0,216.52000427246094,0.0,217.27000427246094,215.6199951171875,217.19000244140625,0.0,84083900
2016-07-28,184.6475830078125,0.0,216.77000427246094,0.0,217.11000061035156,215.75,216.2899932861328,0.0,65035700
2016-07-29,184.94566345214844,0.0,217.1199951171875,0.0,217.5399932861328,216.1300048828125,216.4600067138672,0.0,79519400
2016-08-01,184.79238891601562,0.0,216.94000244140625,0.0,217.64999389648438,216.41000366210938,217.19000244140625,0.0,73311400
2016-08-02,183.6083221435547,0.0,215.5500030517578,0.0,216.8300018310547,214.57000732421875,216.64999389648438,0.0,92295500
2016-08-03,184.1449737548828,0.0,216.17999267578125,0.0,216.25,215.1300048828125,215.47999572753906,0.0,53993600
2016-08-04,184.34088134765625,0.0,216.41000366210938,0.0,216.77999877929688,214.25,216.30999755859375,0.0,46585500
2016-08-05,185.84857177734375,0.0,218.17999267578125,0.0,218.22999572753906,216.41000366210938,216.41000366210938,0.0,71892200
2016-08-08,185.7378692626953,0.0,218.0500030517578,0.0,218.52000427246094,217.74000549316406,218.39999389648438,0.0,39906500
2016-08-09,185.84857177734375,0.0,218.17999267578125,0.0,218.75999450683594,217.8000030517578,218.1300048828125,0.0,51251700
2016-08-10,185.38864135742188,0.0,217.63999938964844,0.0,218.39999389648438,217.22999572753906,218.30999755859375,0.0,57941100
2016-08-11,186.24891662597656,0.0,218.64999389648438,0.0,218.94000244140625,217.9499969482422,218.25999450683594,0.0,72504300
2016-08-12,186.0871124267578,0.0,218.4600067138672,0.0,218.7100067138672,217.99000549316406,218.2899932861328,0.0,61313500
2016-08-15,186.62374877929688,0.0,219.08999633789062,0.0,219.5,218.8800048828125,218.88999938964844,0.0,49813500
2016-08-16,185.6612091064453,0.0,217.9600067138672,0.0,218.67999267578125,217.9600067138672,218.60000610351562,0.0,53213600
2016-08-17,186.0104522705078,0.0,218.3699951171875,0.0,218.52999877929688,217.02000427246094,218.0,0.0,75134300
2016-08-18,186.42784118652344,0.0,218.86000061035156,0.0,218.89999389648438,218.2100067138672,218.33999633789062,0.0,52989300
2016-08-19,186.1552734375,0.0,218.5399932861328,0.0,218.75,217.74000549316406,218.30999755859375,0.0,75443000
2016-08-22,186.146728515625,0.0,218.52999877929688,0.0,218.8000030517578,217.8300018310547,218.25999450683594,0.0,61368800
2016-08-23,186.52154541015625,0.0,218.97000122070312,0.0,219.60000610351562,218.89999389648438,219.25,0.0,53399200
2016-08-24,185.5675048828125,0.0,217.85000610351562,0.0,218.91000366210938,217.36000061035156,218.8000030517578,0.0,71728900
2016-08-25,185.439697265625,0.0,217.6999969482422,0.0,218.19000244140625,217.22000122070312,217.39999389648438,0.0,69224800
2016-08-26,185.09043884277344,0.0,217.2899932861328,0.0,219.1199951171875,216.25,217.9199981689453,0.0,122506300
2016-08-29,186.00189208984375,0.0,218.36000061035156,0.0,218.6699981689453,217.39999389648438,217.44000244140625,0.0,70502200
2016-08-30,185.69528198242188,0.0,218.0,0.0,218.58999633789062,217.35000610351562,218.25999450683594,0.0,58114500
2016-08-31,185.16714477539062,0.0,217.3800048828125,0.0,217.75,216.47000122070312,217.61000061035156,0.0,85269500
2016-09-01,185.17567443847656,0.0,217.38999938964844,0.0,217.72999572753906,216.02999877929688,217.3699951171875,0.0,97844200
2016-09-02,186.0104522705078,0.0,218.3699951171875,0.0,218.8699951171875,217.6999969482422,218.38999938964844,0.0,79293900
2016-09-06,186.57264709472656,0.0,219.02999877929688,0.0,219.1199951171875,217.86000061035156,218.6999969482422,0.0,56702100
2016-09-07,186.55557250976562,0.0,219.00999450683594,0.0,219.22000122070312,218.3000030517578,218.83999633789062,0.0,76554900
2016-09-08,186.1296844482422,0.0,218.50999450683594,0.0,218.94000244140625,218.14999389648438,218.6199951171875,0.0,74102900
2016-09-09,181.67477416992188,0.0,213.27999877929688,0.0,217.02999877929688,213.25,216.97000122070312,0.0,221589100
2016-09-12,184.2813262939453,0.0,216.33999633789062,0.0,216.80999755859375,212.30999755859375,212.38999938964844,0.0,168110900
2016-09-13,181.63211059570312,0.0,213.22999572753906,0.0,215.14999389648438,212.5,214.83999633789062,0.0,182828800
2016-09-14,181.56396484375,0.0,213.14999389648438,0.0,214.6999969482422,212.5,213.2899932861328,0.0,134185500
2016-09-15,183.37835693359375,0.0,215.27999877929688,0.0,215.72999572753906,212.75,212.9600067138672,0.0,134427900
2016-09-16,182.66944885253906,0.0,213.3699951171875,1.082,213.69000244140625,212.57000732421875,213.47999572753906,0.0,155236400
2016-09-19,182.70372009277344,0.0,213.41000366210938,0.0,214.8800048828125,213.02999877929688,214.1300048828125,0.0,80250500
2016-09-20,182.71226501464844,0.0,213.4199981689453,0.0,214.58999633789062,213.3800048828125,214.41000366210938,0.0,69665300
2016-09-21,184.76695251464844,0.0,215.82000732421875,0.0,216.02999877929688,213.44000244140625,214.24000549316406,0.0,110284400
2016-09-22,185.93128967285156,0.0,217.17999267578125,0.0,217.52999877929688,216.7100067138672,217.0,0.0,76678700
2016-09-23,184.91253662109375,0.0,215.99000549316406,0.0,216.8800048828125,215.8800048828125,216.72000122070312,0.0,73630900
2016-09-26,183.41429138183594,0.0,214.24000549316406,0.0,215.22999572753906,214.00999450683594,215.02000427246094,0.0,89827300
2016-09-27,184.55294799804688,0.0,215.57000732421875,0.0,215.67999267578125,213.6199951171875,214.0500030517578,0.0,78494800
2016-09-28,185.46900939941406,0.0,216.63999938964844,0.0,216.82000732421875,214.7100067138672,215.8300018310547,0.0,87411000
2016-09-29,183.7909698486328,0.0,214.67999267578125,0.0,216.8699951171875,214.0399932861328,216.39999389648438,0.0,128070600
2016-09-30,185.177978515625,0.0,216.3000030517578,0.0,217.1199951171875,215.36000061035156,215.64999389648438,0.0,117202900
2016-10-03,184.7327117919922,0.0,215.77999877929688,0.0,216.0399932861328,215.0399932861328,215.82000732421875,0.0,83512100
2016-10-04,183.7909698486328,0.0,214.67999267578125,0.0,216.1699981689453,213.99000549316406,215.91000366210938,0.0,119948100
2016-10-05,184.60430908203125,0.0,215.6300048828125,0.0,216.1300048828125,215.3300018310547,215.41000366210938,0.0,72816000
2016-10-06,184.7327117919922,0.0,215.77999877929688,0.0,216.0399932861328,214.74000549316406,215.3699951171875,0.0,62927400
2016-10-07,184.09922790527344,0.0,215.0399932861328,0.0,216.3000030517578,214.19000244140625,216.10000610351562,0.0,89788300
2016-10-10,185.05801391601562,0.0,216.16000366210938,0.0,216.6999969482422,215.99000549316406,216.16000366210938,0.0,51855000
2016-10-11,182.7208709716797,0.0,213.42999267578125,0.0,215.74000549316406,212.5800018310547,215.66000366210938,0.0,130367400
2016-10-12,182.9605712890625,0.0,213.7100067138672,0.0,214.32000732421875,213.00999450683594,213.58999633789062,0.0,73866100
2016-10-13,182.3612823486328,0.0,213.00999450683594,0.0,213.58999633789062,211.2100067138672,212.16000366210938,0.0,101357000
2016-10-14,182.45545959472656,0.0,213.1199951171875,0.0,214.69000244140625,213.02999877929688,214.14999389648438,0.0,93346200
2016-10-17,181.8218994140625,0.0,212.3800048828125,0.0,213.38999938964844,212.1699981689453,213.08999633789062,0.0,58275700
2016-10-18,182.9605712890625,0.0,213.7100067138672,0.0,214.30999755859375,213.27000427246094,214.24000549316406,0.0,76869700
2016-10-19,183.4485321044922,0.0,214.27999877929688,0.0,214.63999938964844,213.60000610351562,214.02000427246094,0.0,66519200
2016-10-20,183.1061248779297,0.0,213.8800048828125,0.0,214.52999877929688,213.11000061035156,213.8699951171875,0.0,73639800
2016-10-21,183.1917266845703,0.0,213.97999572753906,0.0,214.0800018310547,212.75999450683594,213.8800048828125,0.0,89089100
2016-10-24,183.97080993652344,0.0,214.88999938964844,0.0,215.32000732421875,214.47999572753906,215.0,0.0,60146600
2016-10-25,183.35438537597656,0.0,214.1699981689453,0.0,214.97999572753906,213.97999572753906,214.67999267578125,0.0,66542300
2016-10-26,182.9862823486328,0.0,213.74000549316406,0.0,214.4199981689453,212.92999267578125,213.2100067138672,0.0,75705500
2016-10-27,182.49826049804688,0.0,213.1699981689453,0.0,214.6199951171875,213.0800018310547,214.5800018310547,0.0,77220200
2016-10-28,181.9589080810547,0.0,212.5399932861328,0.0,213.92999267578125,211.7100067138672,213.13999938964844,0.0,140623200
2016-10-31,181.96743774414062,0.0,212.5500030517578,0.0,213.19000244140625,212.36000061035156,212.92999267578125,0.0,61272500
2016-11-01,180.6490478515625,0.0,211.00999450683594,0.0,212.99000549316406,209.60000610351562,212.92999267578125,0.0,122781800
2016-11-02,179.56178283691406,0.0,209.74000549316406,0.0,211.10000610351562,209.22999572753906,210.64999389648438,0.0,103330800
2016-11-03,178.73989868164062,0.0,208.77999877929688,0.0,210.24000549316406,208.4600067138672,209.99000549316406,0.0,88939300
2016-11-04,178.54293823242188,0.0,208.5500030517578,0.0,209.88999938964844,208.3800048828125,208.91000366210938,0.0,109122100
2016-11-07,182.48114013671875,0.0,213.14999389648438,0.0,213.19000244140625,208.5500030517578,208.5500030517578,0.0,109794900
2016-11-08,183.30303955078125,0.0,214.11000061035156,0.0,214.77000427246094,212.3800048828125,212.69000244140625,0.0,106772100
2016-11-09,185.24639892578125,0.0,216.3800048828125,0.0,217.10000610351562,212.33999633789062,212.3699951171875,0.0,258429000
2016-11-10,185.7086639404297,0.0,216.9199981689453,0.0,218.30999755859375,215.22000122070312,217.3000030517578,0.0,172113300
2016-11-11,185.28062438964844,0.0,216.4199981689453,0.0,216.6999969482422,215.32000732421875,216.0800018310547,0.0,100552700
2016-11-14,185.4261474609375,0.0,216.58999633789062,0.0,217.27000427246094,215.72000122070312,217.02999877929688,0.0,94580000
2016-11-15,186.8730010986328,0.0,218.27999877929688,0.0,218.27999877929688,216.8000030517578,217.0399932861328,0.0,91652600
2016-11-16,186.5220489501953,0.0,217.8699951171875,0.0,218.13999938964844,217.4199981689453,217.55999755859375,0.0,65617700
2016-11-17,187.4808807373047,0.0,218.99000549316406,0.0,219.05999755859375,217.9199981689453,218.0500030517578,0.0,69797200
2016-11-18,187.06137084960938,0.0,218.5,0.0,219.27000427246094,218.2899932861328,219.07000732421875,0.0,86265800
2016-11-21,188.47393798828125,0.0,220.14999389648438,0.0,220.17999267578125,219.0,219.1699981689453,0.0,72402600
2016-11-22,188.84207153320312,0.0,220.5800018310547,0.0,220.7899932861328,219.72999572753906,220.50999450683594,0.0,67429000
2016-11-23,188.94482421875,0.0,220.6999969482422,0.0,220.75999450683594,219.75,219.97999572753906,0.0,56620200
2016-11-25,189.64678955078125,0.0,221.52000427246094,0.0,221.55999755859375,221.00999450683594,221.10000610351562,0.0,37872300
2016-11-28,188.7564239501953,0.0,220.47999572753906,0.0,221.47999572753906,220.36000061035156,221.16000366210938,0.0,76572500
2016-11-29,189.12460327148438,0.0,220.91000366210938,0.0,221.44000244140625,220.1699981689453,220.52000427246094,0.0,69886700
2016-11-30,188.67088317871094,0.0,220.3800048828125,0.0,221.82000732421875,220.30999755859375,221.6300048828125,0.0,113291800
2016-12-01,187.97738647460938,0.0,219.57000732421875,0.0,220.72999572753906,219.14999389648438,220.72999572753906,0.0,79040500
2016-12-02,188.0715789794922,0.0,219.67999267578125,0.0,220.25,219.25999450683594,219.6699981689453,0.0,74840300
2016-12-05,189.20166015625,0.0,221.0,0.0,221.39999389648438,220.4199981689453,220.64999389648438,0.0,67837800
2016-12-06,189.80091857910156,0.0,221.6999969482422,0.0,221.74000549316406,220.66000366210938,221.22000122070312,0.0,59877400
2016-12-07,192.2836456298828,0.0,224.60000610351562,0.0,224.6699981689453,221.3800048828125,221.52000427246094,0.0,110738100
2016-12-08,192.7545166015625,0.0,225.14999389648438,0.0,225.6999969482422,224.25999450683594,224.57000732421875,0.0,99714400
2016-12-09,193.9188232421875,0.0,226.50999450683594,0.0,226.52999877929688,225.3699951171875,225.41000366210938,0.0,88005800
2016-12-12,193.69625854492188,0.0,226.25,0.0,226.9600067138672,225.75999450683594,226.39999389648438,0.0,102016100
2016-12-13,194.9889373779297,0.0,227.75999450683594,0.0,228.33999633789062,227.0,227.02000427246094,0.0,110477500
2016-12-14,193.37950134277344,0.0,225.8800048828125,0.0,228.22999572753906,225.3699951171875,227.41000366210938,0.0,142501800
2016-12-15,194.17575073242188,0.0,226.80999755859375,0.0,227.80999755859375,225.88999938964844,226.16000366210938,0.0,124972600
2016-12-16,193.79595947265625,0.0,225.0399932861328,1.329,226.0800018310547,224.6699981689453,226.00999450683594,0.0,156420200
2016-12-19,194.2178955078125,0.0,225.52999877929688,0.0,226.02000427246094,225.0800018310547,225.25,0.0,90341100
2016-12-20,194.96705627441406,0.0,226.39999389648438,0.0,226.57000732421875,225.8800048828125,226.14999389648438,0.0,89838800
2016-12-21,194.42454528808594,0.0,225.77000427246094,0.0,226.4499969482422,225.77000427246094,226.25,0.0,67909000
2016-12-22,194.08871459960938,0.0,225.3800048828125,0.0,225.74000549316406,224.9199981689453,225.60000610351562,0.0,56219100
2016-12-23,194.37290954589844,0.0,225.7100067138672,0.0,225.72000122070312,225.2100067138672,225.42999267578125,0.0,36697800
2016-12-27,194.85513305664062,0.0,226.27000427246094,0.0,226.72999572753906,226.0,226.02000427246094,0.0,42672500
2016-12-28,193.2447509765625,0.0,224.39999389648438,0.0,226.58999633789062,224.27000427246094,226.57000732421875,0.0,64095000
2016-12-29,193.2017364501953,0.0,224.35000610351562,0.0,224.88999938964844,223.83999633789062,224.47999572753906,0.0,48696100
2016-12-30,192.49557495117188,0.0,223.52999877929688,0.0,224.8300018310547,222.72999572753906,224.72999572753906,0.0,108998300
2017-01-03,193.9681854248047,0.0,225.24000549316406,0.0,225.8300018310547,223.8800048828125,225.0399932861328,0.0,91366500
2017-01-04,195.12210083007812,0.0,226.5800018310547,0.0,226.75,225.61000061035156,225.6199951171875,0.0,78744400
2017-01-05,194.96705627441406,0.0,226.39999389648438,0.0,226.5800018310547,225.47999572753906,226.27000427246094,0.0,78379000
2017-01-06,195.66461181640625,0.0,227.2100067138672,0.0,227.75,225.89999389648438,226.52999877929688,0.0,71559900
2017-01-09,195.01876831054688,0.0,226.4600067138672,0.0,227.07000732421875,226.4199981689453,226.91000366210938,0.0,46939700
2017-01-10,195.01876831054688,0.0,226.4600067138672,0.0,227.4499969482422,226.00999450683594,226.47999572753906,0.0,63771900
2017-01-11,195.56991577148438,0.0,227.10000610351562,0.0,227.10000610351562,225.58999633789062,226.36000061035156,0.0,74650000
2017-01-12,195.0790557861328,0.0,226.52999877929688,0.0,226.75,224.9600067138672,226.5,0.0,72113200
2017-01-13,195.52685546875,0.0,227.0500030517578,0.0,227.39999389648438,226.69000244140625,226.72999572753906,0.0,62717900
2017-01-17,194.837890625,0.0,226.25,0.0,226.77999877929688,225.8000030517578,226.30999755859375,0.0,61240800
2017-01-18,195.26849365234375,0.0,226.75,0.0,226.8000030517578,225.89999389648438,226.5399932861328,0.0,54793300
2017-01-19,194.5451202392578,0.0,225.91000366210938,0.0,227.0,225.41000366210938,226.83999633789062,0.0,66608800
2017-01-20,195.25987243652344,0.0,226.74000549316406,0.0,227.30999755859375,225.97000122070312,226.6999969482422,0.0,129168600
2017-01-23,194.75181579589844,0.0,226.14999389648438,0.0,226.80999755859375,225.27000427246094,226.74000549316406,0.0,75061600
2017-01-24,196.00054931640625,0.0,227.60000610351562,0.0,228.0800018310547,226.27000427246094,226.39999389648438,0.0,95555300
2017-01-25,197.6969757080078,0.0,229.57000732421875,0.0,229.57000732421875,228.50999450683594,228.6999969482422,0.0,84437700
2017-01-26,197.4903106689453,0.0,229.3300018310547,0.0,229.7100067138672,229.00999450683594,229.39999389648438,0.0,59970700
2017-01-27,197.18028259277344,0.0,228.97000122070312,0.0,229.58999633789062,228.75999450683594,229.4199981689453,0.0,59711100
2017-01-30,195.95742797851562,0.0,227.5500030517578,0.0,228.1999969482422,226.41000366210938,228.1699981689453,0.0,79737300
2017-01-31,195.9402313232422,0.0,227.52999877929688,0.0,227.60000610351562,226.32000732421875,226.97999572753906,0.0,75880800
2017-02-01,196.0177001953125,0.0,227.6199951171875,0.0,228.58999633789062,226.94000244140625,227.52999877929688,0.0,79117700
2017-02-02,196.1468505859375,0.0,227.77000427246094,0.0,228.10000610351562,226.82000732421875,227.6199951171875,0.0,69657600
2017-02-03,197.49888610839844,0.0,229.33999633789062,0.0,229.5500030517578,228.4600067138672,228.82000732421875,0.0,80563200
2017-02-06,197.1458282470703,0.0,228.92999267578125,0.0,229.3300018310547,228.5399932861328,228.8699951171875,0.0,57790100
2017-02-07,197.1544647216797,0.0,228.94000244140625,0.0,229.66000366210938,228.72000122070312,229.3800048828125,0.0,57931200
2017-02-08,197.41282653808594,0.0,229.24000549316406,0.0,229.38999938964844,228.30999755859375,228.94000244140625,0.0,51566200
2017-02-09,198.5839385986328,0.0,230.60000610351562,0.0,230.9499969482422,229.24000549316406,229.24000549316406,0.0,65955200
2017-02-10,199.3676300048828,0.0,231.50999450683594,0.0,231.77000427246094,230.6199951171875,231.0,0.0,66015900
2017-02-13,200.4527130126953,0.0,232.77000427246094,0.0,233.07000732421875,232.0500030517578,232.0800018310547,0.0,55182100
2017-02-14,201.25355529785156,0.0,233.6999969482422,0.0,233.7100067138672,232.16000366210938,232.55999755859375,0.0,71109000
2017-02-15,202.30418395996094,0.0,234.9199981689453,0.0,235.13999938964844,233.38999938964844,233.4499969482422,0.0,86785800
2017-02-16,202.13198852539062,0.0,234.72000122070312,0.0,235.16000366210938,233.85000610351562,234.9499969482422,0.0,84722400
2017-02-17,202.45054626464844,0.0,235.08999633789062,0.0,235.08999633789062,233.92999267578125,233.9499969482422,0.0,77204100
2017-02-21,203.65623474121094,0.0,236.49000549316406,0.0,236.69000244140625,235.50999450683594,235.52000427246094,0.0,88946100
2017-02-22,203.47535705566406,0.0,236.27999877929688,0.0,236.5399932861328,235.8300018310547,236.02000427246094,0.0,62115200
2017-02-23,203.61317443847656,0.0,236.44000244140625,0.0,236.89999389648438,235.55999755859375,236.8800048828125,0.0,74615900
2017-02-24,203.87155151367188,0.0,236.74000549316406,0.0,236.7899932861328,235.41000366210938,235.4600067138672,0.0,82381600
2017-02-27,204.19017028808594,0.0,237.11000061035156,0.0,237.30999755859375,236.35000610351562,236.63999938964844,0.0,56515400
2017-02-28,203.6389923095703,0.0,236.47000122070312,0.0,236.9499969482422,236.02000427246094,236.6699981689453,0.0,96961900
2017-03-01,206.48939514160156,0.0,239.77999877929688,0.0,240.32000732421875,238.3699951171875,238.38999938964844,0.0,149158200
2017-03-02,205.1890869140625,0.0,238.27000427246094,0.0,239.57000732421875,238.2100067138672,239.55999755859375,0.0,70246000
2017-03-03,205.31829833984375,0.0,238.4199981689453,0.0,238.61000061035156,237.72999572753906,238.1699981689453,0.0,81974300
2017-03-06,204.70681762695312,0.0,237.7100067138672,0.0,238.1199951171875,237.00999450683594,237.5,0.0,55391500
2017-03-07,204.09544372558594,0.0,237.0,0.0,237.77000427246094,236.75999450683594,237.36000061035156,0.0,65103700
2017-03-08,203.7165069580078,0.0,236.55999755859375,0.0,237.63999938964844,236.39999389648438,237.33999633789062,0.0,78168800
2017-03-09,203.974853515625,0.0,236.86000061035156,0.0,237.24000549316406,235.74000549316406,236.6999969482422,0.0,90683900
2017-03-10,204.6896209716797,0.0,237.69000244140625,0.0,238.02000427246094,236.58999633789062,237.97000122070312,0.0,81991700
2017-03-13,204.79295349121094,0.0,237.80999755859375,0.0,237.86000061035156,237.24000549316406,237.6199951171875,0.0,57256800
2017-03-14,204.00927734375,0.0,236.89999389648438,0.0,237.24000549316406,236.19000244140625,237.17999267578125,0.0,59880800
2017-03-15,205.7747039794922,0.0,238.9499969482422,0.0,239.44000244140625,237.2899932861328,237.55999755859375,0.0,96081800
2017-03-16,205.3699493408203,0.0,238.47999572753906,0.0,239.1999969482422,238.10000610351562,239.11000061035156,0.0,78344000
2017-03-17,205.00930786132812,0.0,237.02999877929688,1.033,237.97000122070312,237.02999877929688,237.75,0.0,89002100
2017-03-20,204.78439331054688,0.0,236.77000427246094,0.0,237.36000061035156,236.32000732421875,237.02999877929688,0.0,52537000
2017-03-21,202.1550750732422,0.0,233.72999572753906,0.0,237.61000061035156,233.5800018310547,237.47000122070312,0.0,131809300
2017-03-22,202.63076782226562,0.0,234.27999877929688,0.0,234.61000061035156,233.0500030517578,233.77000427246094,0.0,97569200
2017-03-23,202.41453552246094,0.0,234.02999877929688,0.0,235.33999633789062,233.60000610351562,234.27999877929688,0.0,100410300
2017-03-24,202.2674560546875,0.0,233.86000061035156,0.0,235.0399932861328,232.9600067138672,234.3800048828125,0.0,112504900
2017-03-27,202.05996704101562,0.0,233.6199951171875,0.0,233.9199981689453,231.61000061035156,231.92999267578125,0.0,87454500
2017-03-28,203.53028869628906,0.0,235.32000732421875,0.0,235.80999755859375,233.13999938964844,233.27000427246094,0.0,93483900
2017-03-29,203.7205352783203,0.0,235.5399932861328,0.0,235.80999755859375,234.72999572753906,234.99000549316406,0.0,61950400
2017-03-30,204.3692169189453,0.0,236.2899932861328,0.0,236.52000427246094,235.27000427246094,235.47000122070312,0.0,56737900
2017-03-31,203.89353942871094,0.0,235.74000549316406,0.0,236.50999450683594,235.67999267578125,235.89999389648438,0.0,73733100
2017-04-03,203.53892517089844,0.0,235.3300018310547,0.0,236.02999877929688,233.91000366210938,235.8000030517578,0.0,85546500
2017-04-04,203.66868591308594,0.0,235.47999572753906,0.0,235.5800018310547,234.55999755859375,235.0,0.0,56466200
2017-04-05,203.063232421875,0.0,234.77999877929688,0.0,237.38999938964844,234.5399932861328,236.25999450683594,0.0,108800600
2017-04-06,203.6340789794922,0.0,235.44000244140625,0.0,236.0399932861328,234.42999267578125,234.94000244140625,0.0,69135800
2017-04-07,203.42648315429688,0.0,235.1999969482422,0.0,236.0,234.63999938964844,235.14999389648438,0.0,74412300
2017-04-10,203.5475616455078,0.0,235.33999633789062,0.0,236.25999450683594,234.72999572753906,235.36000061035156,0.0,67615300
2017-04-11,203.305419921875,0.0,235.05999755859375,0.0,235.17999267578125,233.33999633789062,234.89999389648438,0.0,88045300
2017-04-12,202.41453552246094,0.0,234.02999877929688,0.0,234.9600067138672,233.77000427246094,234.74000549316406,0.0,81864400
2017-04-13,201.09986877441406,0.0,232.50999450683594,0.0,234.49000549316406,232.50999450683594,233.63999938964844,0.0,92880400
2017-04-17,202.88156127929688,0.0,234.57000732421875,0.0,234.57000732421875,232.8800048828125,233.11000061035156,0.0,68405400
2017-04-18,202.2761688232422,0.0,233.8699951171875,0.0,234.49000549316406,233.0800018310547,233.72000122070312,0.0,83225800
2017-04-19,201.9042205810547,0.0,233.44000244140625,0.0,234.9499969482422,233.17999267578125,234.52000427246094,0.0,68699900
2017-04-20,203.5475616455078,0.0,235.33999633789062,0.0,235.85000610351562,233.77999877929688,234.14999389648438,0.0,92572200
2017-04-21,202.89891052246094,0.0,234.58999633789062,0.0,235.30999755859375,234.1300048828125,235.25,0.0,110389800
2017-04-24,205.13034057617188,0.0,237.1699981689453,0.0,237.41000366210938,234.55999755859375,237.17999267578125,0.0,119209900
2017-04-25,206.32394409179688,0.0,238.5500030517578,0.0,238.9499969482422,237.80999755859375,237.91000366210938,0.0,76698300
2017-04-26,206.19415283203125,0.0,238.39999389648438,0.0,239.52999877929688,238.35000610351562,238.50999450683594,0.0,84702500
2017-04-27,206.36720275878906,0.0,238.60000610351562,0.0,238.9499969482422,237.97999572753906,238.77000427246094,0.0,57410300
2017-04-28,205.91741943359375,0.0,238.0800018310547,0.0,238.92999267578125,237.92999267578125,238.89999389648438,0.0,63532800
2017-05-01,206.4363555908203,0.0,238.67999267578125,0.0,239.1699981689453,238.1999969482422,238.67999267578125,0.0,66882500
2017-05-02,206.5142364501953,0.0,238.77000427246094,0.0,238.97999572753906,238.3000030517578,238.83999633789062,0.0,57375700
2017-05-03,206.26339721679688,0.0,238.47999572753906,0.0,238.8800048828125,237.6999969482422,238.77000427246094,0.0,73137700
2017-05-04,206.50555419921875,0.0,238.75999450683594,0.0,238.9199981689453,237.77999877929688,238.8300018310547,0.0,61462700
2017-05-05,207.31857299804688,0.0,239.6999969482422,0.0,239.72000122070312,238.67999267578125,239.19000244140625,0.0,62001300
2017-05-08,207.28402709960938,0.0,239.66000366210938,0.0,239.9199981689453,239.1699981689453,239.75,0.0,48385700
2017-05-09,207.0936737060547,0.0,239.44000244140625,0.0,240.19000244140625,239.0399932861328,239.9600067138672,0.0,51363200
2017-05-10,207.4656219482422,0.0,239.8699951171875,0.0,239.8699951171875,239.14999389648438,239.38999938964844,0.0,54293800
2017-05-11,207.04176330566406,0.0,239.3800048828125,0.0,239.57000732421875,238.1300048828125,239.35000610351562,0.0,62358300
2017-05-12,206.69583129882812,0.0,238.97999572753906,0.0,239.42999267578125,238.6699981689453,239.08999633789062,0.0,53912700
2017-05-15,207.83755493164062,0.0,240.3000030517578,0.0,240.44000244140625,239.4499969482422,239.47000122070312,0.0,61918900
2017-05-16,207.64724731445312,0.0,240.0800018310547,0.0,240.6699981689453,239.6300048828125,240.63999938964844,0.0,51241800
2017-05-17,203.9627685546875,0.0,235.82000732421875,0.0,240.0800018310547,235.75,240.0800018310547,0.0,172174100
2017-05-18,204.78439331054688,0.0,236.77000427246094,0.0,237.75,235.42999267578125,235.72999572753906,0.0,107047700
2017-05-19,206.11636352539062,0.0,238.30999755859375,0.0,239.0800018310547,237.27000427246094,237.3300018310547,0.0,115011400
2017-05-22,207.16293334960938,0.0,239.52000427246094,0.0,239.7100067138672,238.82000732421875,238.89999389648438,0.0,61010600
2017-05-23,207.62127685546875,0.0,240.0500030517578,0.0,240.24000549316406,239.50999450683594,239.9499969482422,0.0,48341700
2017-05-24,208.1056365966797,0.0,240.61000061035156,0.0,240.72999572753906,239.92999267578125,240.32000732421875,0.0,46927700
2017-05-25,209.10028076171875,0.0,241.75999450683594,0.0,242.0800018310547,240.9600067138672,241.1999969482422,0.0,64071700
2017-05-26,209.05703735351562,0.0,241.7100067138672,0.0,241.89999389648438,241.4499969482422,241.5399932861328,0.0,46629900
2017-05-30,208.87545776367188,0.0,241.5,0.0,241.7899932861328,241.16000366210938,241.33999633789062,0.0,35201900
2017-05-31,208.82351684570312,0.0,241.44000244140625,0.0,241.8800048828125,240.63999938964844,241.83999633789062,0.0,91796000
2017-06-01,210.484130859375,0.0,243.36000061035156,0.0,243.3800048828125,241.63999938964844,241.97000122070312,0.0,68962000
2017-06-02,211.18470764160156,0.0,244.1699981689453,0.0,244.35000610351562,243.0800018310547,243.4199981689453,0.0,88666100
2017-06-05,211.02903747558594,0.0,243.99000549316406,0.0,244.3000030517578,243.75999450683594,243.97000122070312,0.0,44698800
2017-06-06,210.35440063476562,0.0,243.2100067138672,0.0,243.97999572753906,243.1199951171875,243.33999633789062,0.0,50375400
2017-06-07,210.7436065673828,0.0,243.66000366210938,0.0,243.9199981689453,242.8300018310547,243.60000610351562,0.0,54144300
2017-06-08,210.84739685058594,0.0,243.77999877929688,0.0,244.3300018310547,243.1699981689453,243.77000427246094,0.0,65950700
2017-06-09,210.5273895263672,0.0,243.41000366210938,0.0,245.00999450683594,241.9499969482422,244.08999633789062,0.0,132256400
2017-06-12,210.484130859375,0.0,243.36000061035156,0.0,243.4199981689453,242.3800048828125,243.1300048828125,0.0,86108100
2017-06-13,211.5133819580078,0.0,244.5500030517578,0.0,244.61000061035156,243.5800018310547,243.97999572753906,0.0,60067000
2017-06-14,211.24522399902344,0.0,244.24000549316406,0.0,244.8699951171875,243.2899932861328,244.86000061035156,0.0,78602300
2017-06-15,210.8387451171875,0.0,243.77000427246094,0.0,243.91000366210938,242.36000061035156,242.67999267578125,0.0,66464900
2017-06-16,210.88487243652344,0.0,242.63999938964844,1.183,242.8300018310547,241.6300048828125,242.77000427246094,0.0,84553100
2017-06-19,212.6404571533203,0.0,244.66000366210938,0.0,244.72999572753906,243.47999572753906,243.58999633789062,0.0,65123800
2017-06-20,211.20639038085938,0.0,243.00999450683594,0.0,244.25999450683594,242.99000549316406,244.25,0.0,56906400
2017-06-21,211.15428161621094,0.0,242.9499969482422,0.0,243.58999633789062,242.41000366210938,243.4600067138672,0.0,55977600
2017-06-22,211.0586700439453,0.0,242.83999633789062,0.0,243.52999877929688,242.63999938964844,242.9600067138672,0.0,44148100
2017-06-23,211.31068420410156,0.0,243.1300048828125,0.0,243.50999450683594,242.47000122070312,242.91000366210938,0.0,66986800
2017-06-26,211.4497528076172,0.0,243.2899932861328,0.0,244.3800048828125,243.0500030517578,243.89999389648438,0.0,56700500
2017-06-27,209.7462921142578,0.0,241.3300018310547,0.0,243.3800048828125,241.30999755859375,243.0399932861328,0.0,82247700
2017-06-28,211.6235809326172,0.0,243.49000549316406,0.0,243.72000122070312,242.22999572753906,242.5,0.0,70042600
2017-06-29,209.76370239257812,0.0,241.35000610351562,0.0,243.72000122070312,239.9600067138672,243.66000366210938,0.0,106949700
2017-06-30,210.1547088623047,0.0,241.8000030517578,0.0,242.7100067138672,241.5800018310547,242.27999877929688,0.0,86820700
2017-07-03,210.51112365722656,0.0,242.2100067138672,0.0,243.3800048828125,242.2100067138672,242.8800048828125,0.0,39153800
2017-07-05,210.997802734375,0.0,242.77000427246094,0.0,243.00999450683594,241.6999969482422,242.6300048828125,0.0,54427600
2017-07-06,209.06837463378906,0.0,240.5500030517578,0.0,242.02999877929688,240.33999633789062,241.88999938964844,0.0,65400800
2017-07-07,210.42420959472656,0.0,242.11000061035156,0.0,242.27999877929688,240.55999755859375,241.2100067138672,0.0,57972300
2017-07-10,210.6501007080078,0.0,242.3699951171875,0.0,242.8000030517578,241.75999450683594,242.11000061035156,0.0,36663300
2017-07-11,210.49371337890625,0.0,242.19000244140625,0.0,242.5500030517578,240.85000610351562,242.3699951171875,0.0,50354600
2017-07-12,212.07553100585938,0.0,244.00999450683594,0.0,244.1999969482422,243.3000030517578,243.3000030517578,0.0,59610400
2017-07-13,212.43186950683594,0.0,244.4199981689453,0.0,244.5500030517578,243.75999450683594,244.02000427246094,0.0,39471600
2017-07-14,213.42269897460938,0.0,245.55999755859375,0.0,245.97000122070312,244.30999755859375,244.4199981689453,0.0,60262700
2017-07-17,213.39659118652344,0.0,245.52999877929688,0.0,245.91000366210938,245.3300018310547,245.47000122070312,0.0,33531900
2017-07-18,213.50958251953125,0.0,245.66000366210938,0.0,245.72000122070312,244.6699981689453,245.05999755859375,0.0,42742500
2017-07-19,214.66552734375,0.0,246.99000549316406,0.0,247.0,246.00999450683594,246.02000427246094,0.0,51034300
2017-07-20,214.76113891601562,0.0,247.10000610351562,0.0,247.4199981689453,246.47000122070312,247.27999877929688,0.0,47135200
2017-07-21,214.56991577148438,0.0,246.8800048828125,0.0,246.91000366210938,246.17999267578125,246.44000244140625,0.0,82340800
2017-07-24,214.51776123046875,0.0,246.82000732421875,0.0,246.97999572753906,246.27999877929688,246.7899932861328,0.0,46622300
2017-07-25,215.03927612304688,0.0,247.4199981689453,0.0,247.8000030517578,247.16000366210938,247.67999267578125,0.0,54915600
2017-07-26,215.0479278564453,0.0,247.42999267578125,0.0,247.7899932861328,247.1300048828125,247.75,0.0,47575400
2017-07-27,214.8480224609375,0.0,247.1999969482422,0.0,248.0,245.67999267578125,247.9600067138672,0.0,70766600
2017-07-28,214.5959930419922,0.0,246.91000366210938,0.0,247.05999755859375,246.1300048828125,246.64999389648438,0.0,50088400
2017-07-31,214.47433471679688,0.0,246.77000427246094,0.0,247.47999572753906,246.52999877929688,247.3699951171875,0.0,65838700
2017-08-01,214.9523162841797,0.0,247.32000732421875,0.0,247.5,246.72000122070312,247.4600067138672,0.0,55050400
2017-08-02,215.05657958984375,0.0,247.44000244140625,0.0,247.60000610351562,246.3699951171875,247.47000122070312,0.0,47211200
2017-08-03,214.63946533203125,0.0,246.9600067138672,0.0,247.33999633789062,246.63999938964844,247.30999755859375,0.0,40856000
2017-08-04,215.03053283691406,0.0,247.41000366210938,0.0,247.7899932861328,246.97000122070312,247.52000427246094,0.0,60191800
2017-08-07,215.43035888671875,0.0,247.8699951171875,0.0,247.8699951171875,247.3699951171875,247.49000549316406,0.0,31995000
2017-08-08,214.90017700195312,0.0,247.25999450683594,0.0,248.91000366210938,246.8300018310547,247.50999450683594,0.0,61719400
2017-08-09,214.8914794921875,0.0,247.25,0.0,247.30999755859375,246.05999755859375,246.47000122070312,0.0,62632600
2017-08-10,211.8582305908203,0.0,243.75999450683594,0.0,246.44000244140625,243.6999969482422,246.2899932861328,0.0,120479500
2017-08-11,212.171142578125,0.0,244.1199951171875,0.0,244.8000030517578,243.75,244.02000427246094,0.0,74869900
2017-08-14,214.27439880371094,0.0,246.5399932861328,0.0,246.7899932861328,245.5500030517578,245.58999633789062,0.0,73291900
2017-08-15,214.2483367919922,0.0,246.50999450683594,0.0,247.0,246.16000366210938,246.97999572753906,0.0,55242700
2017-08-16,214.62205505371094,0.0,246.94000244140625,0.0,247.57000732421875,246.4499969482422,247.11000061035156,0.0,56715500
2017-08-17,211.2759552001953,0.0,243.08999633789062,0.0,246.60000610351562,243.08999633789062,246.24000549316406,0.0,128490400
2017-08-18,210.94564819335938,0.0,242.7100067138672,0.0,244.19000244140625,242.1999969482422,242.89999389648438,0.0,136748000
2017-08-21,211.1107940673828,0.0,242.89999389648438,0.0,243.1999969482422,241.8300018310547,242.63999938964844,0.0,65469700
2017-08-22,213.31838989257812,0.0,245.44000244140625,0.0,245.6199951171875,243.5500030517578,243.57000732421875,0.0,63140100
2017-08-23,212.55352783203125,0.0,244.55999755859375,0.0,245.0500030517578,244.16000366210938,244.3300018310547,0.0,50203800
2017-08-24,212.05813598632812,0.0,243.99000549316406,0.0,245.17999267578125,243.75,245.0,0.0,50741700
2017-08-25,212.55352783203125,0.0,244.55999755859375,0.0,245.61000061035156,244.38999938964844,244.89999389648438,0.0,64445900
2017-08-28,212.562255859375,0.0,244.57000732421875,0.0,245.1999969482422,244.08999633789062,245.1699981689453,0.0,40565600
2017-08-29,212.8055877685547,0.0,244.85000610351562,0.0,245.14999389648438,242.92999267578125,243.05999755859375,0.0,51135700
2017-08-30,213.8137969970703,0.0,246.00999450683594,0.0,246.32000732421875,244.6199951171875,244.8300018310547,0.0,62030800
2017-08-31,215.10008239746094,0.0,247.49000549316406,0.0,247.77000427246094,246.0500030517578,246.72000122070312,0.0,103803900
2017-09-01,215.40428161621094,0.0,247.83999633789062,0.0,248.3300018310547,247.6699981689453,247.9199981689453,0.0,62007000
2017-09-05,213.8572235107422,0.0,246.05999755859375,0.0,247.52000427246094,244.9499969482422,247.25999450683594,0.0,91398800
2017-09-06,214.58729553222656,0.0,246.89999389648438,0.0,247.27999877929688,246.22999572753906,246.83999633789062,0.0,57916900
2017-09-07,214.5612030029297,0.0,246.8699951171875,0.0,247.27000427246094,246.39999389648438,247.25,0.0,58034700
2017-09-08,214.3091583251953,0.0,246.5800018310547,0.0,247.11000061035156,246.3000030517578,246.5399932861328,0.0,63832800
2017-09-11,216.59494018554688,0.0,249.2100067138672,0.0,249.3000030517578,248.02000427246094,248.0399932861328,0.0,71364800
2017-09-12,217.3250274658203,0.0,250.0500030517578,0.0,250.08999633789062,249.4199981689453,249.6300048828125,0.0,56896000
2017-09-13,217.42933654785156,0.0,250.1699981689453,0.0,250.2100067138672,249.58999633789062,249.72000122070312,0.0,59228000
2017-09-14,217.35980224609375,0.0,250.08999633789062,0.0,250.32000732421875,249.60000610351562,249.8000030517578,0.0,95446300
2017-09-15,217.65240478515625,0.0,249.19000244140625,1.235,249.2899932861328,248.57000732421875,248.69000244140625,0.0,95432400
2017-09-18,218.11537170410156,0.0,249.72000122070312,0.0,250.1199951171875,249.27999877929688,249.61000061035156,0.0,46235200
2017-09-19,218.3336944580078,0.0,249.97000122070312,0.0,250.07000732421875,249.60000610351562,250.0,0.0,47108100
2017-09-20,218.41226196289062,0.0,250.05999755859375,0.0,250.19000244140625,248.9199981689453,250.07000732421875,0.0,59574100
2017-09-21,217.8270721435547,0.0,249.38999938964844,0.0,249.97999572753906,249.19000244140625,249.8800048828125,0.0,48211400
2017-09-22,217.87075805664062,0.0,249.44000244140625,0.0,249.6300048828125,249.02000427246094,249.0500030517578,0.0,51214000
2017-09-25,217.42530822753906,0.0,248.92999267578125,0.0,249.5500030517578,248.0800018310547,249.14999389648438,0.0,57064400
2017-09-26,217.55630493164062,0.0,249.0800018310547,0.0,249.6999969482422,248.80999755859375,249.4199981689453,0.0,54082000
2017-09-27,218.40353393554688,0.0,250.0500030517578,0.0,250.49000549316406,248.8699951171875,249.8800048828125,0.0,81001400
2017-09-28,218.6655731201172,0.0,250.35000610351562,0.0,250.44000244140625,249.6300048828125,249.72999572753906,0.0,44778800
2017-09-29,219.4342041015625,0.0,251.22999572753906,0.0,251.32000732421875,250.1300048828125,250.33999633789062,0.0,85578000
2017-10-02,220.38629150390625,0.0,252.32000732421875,0.0,252.32000732421875,251.2899932861328,251.49000549316406,0.0,59023000
2017-10-03,220.85797119140625,0.0,252.86000061035156,0.0,252.88999938964844,252.22999572753906,252.32000732421875,0.0,66810200
2017-10-04,221.11996459960938,0.0,253.16000366210938,0.0,253.44000244140625,252.55999755859375,252.69000244140625,0.0,55953600
2017-10-05,222.43014526367188,0.0,254.66000366210938,0.0,254.67999267578125,253.1999969482422,253.5399932861328,0.0,63522800
2017-10-06,222.1768798828125,0.0,254.3699951171875,0.0,254.6999969482422,253.85000610351562,254.14999389648438,0.0,80646000
2017-10-09,221.8100128173828,0.0,253.9499969482422,0.0,254.6999969482422,253.64999389648438,254.6300048828125,0.0,35803100
2017-10-10,222.3951416015625,0.0,254.6199951171875,0.0,255.0500030517578,253.97999572753906,254.60000610351562,0.0,43057400
2017-10-11,222.7445526123047,0.0,255.02000427246094,0.0,255.02000427246094,254.32000732421875,254.50999450683594,0.0,47674300
2017-10-12,222.41262817382812,0.0,254.63999938964844,0.0,255.05999755859375,254.3699951171875,254.66000366210938,0.0,47065100
2017-10-13,222.68341064453125,0.0,254.9499969482422,0.0,255.27000427246094,254.63999938964844,255.13999938964844,0.0,54800400
2017-10-16,222.98040771484375,0.0,255.2899932861328,0.0,255.50999450683594,254.82000732421875,255.2100067138672,0.0,38221700
2017-10-17,223.13760375976562,0.0,255.47000122070312,0.0,255.52000427246094,254.97999572753906,255.22999572753906,0.0,31561000
2017-10-18,223.3560028076172,0.0,255.72000122070312,0.0,255.9499969482422,255.5,255.89999389648438,0.0,40888300
2017-10-19,223.4171142578125,0.0,255.7899932861328,0.0,255.8300018310547,254.35000610351562,254.8300018310547,0.0,61903800
2017-10-20,224.57005310058594,0.0,257.1099853515625,0.0,257.1400146484375,255.77000427246094,256.70001220703125,0.0,89176400
2017-10-23,223.6966094970703,0.0,256.1099853515625,0.0,257.510009765625,256.0199890136719,257.4800109863281,0.0,63915300
2017-10-24,224.0896453857422,0.0,256.55999755859375,0.0,256.8299865722656,256.1499938964844,256.6000061035156,0.0,66935900
2017-10-25,222.98040771484375,0.0,255.2899932861328,0.0,256.30999755859375,254.0,256.17999267578125,0.0,103715300
2017-10-26,223.26861572265625,0.0,255.6199951171875,0.0,256.29998779296875,255.47999572753906,255.99000549316406,0.0,69798000
2017-10-27,225.0941162109375,0.0,257.7099914550781,0.0,257.8900146484375,255.6300048828125,256.4700012207031,0.0,85562500
2017-10-30,224.25558471679688,0.0,256.75,0.0,257.6000061035156,256.4100036621094,256.4700012207031,0.0,54285700
2017-10-31,224.60496520996094,0.0,257.1499938964844,0.0,257.44000244140625,256.80999755859375,257.17999267578125,0.0,60304800
2017-11-01,224.90194702148438,0.0,257.489990234375,0.0,258.42999267578125,257.07000732421875,258.0400085449219,0.0,54202700
2017-11-02,224.9893035888672,0.0,257.5899963378906,0.0,257.75,256.19000244140625,257.4100036621094,0.0,56449500
2017-11-03,225.74046325683594,0.0,258.45001220703125,0.0,258.5,257.29998779296875,257.7699890136719,0.0,59589700
2017-11-06,226.08984375,0.0,258.8500061035156,0.0,259.0,258.2200012207031,258.29998779296875,0.0,49652600
2017-11-07,225.9326171875,0.0,258.6700134277344,0.0,259.3500061035156,258.0899963378906,258.9700012207031,0.0,57502200
2017-11-08,226.31692504882812,0.0,259.1099853515625,0.0,259.2200012207031,258.1499938964844,258.4700012207031,0.0,50469600
2017-11-09,225.49594116210938,0.0,258.1700134277344,0.0,258.3900146484375,256.3599853515625,257.7300109863281,0.0,95085500
2017-11-10,225.42601013183594,0.0,258.0899963378906,0.0,258.2900085449219,257.3699951171875,257.7300109863281,0.0,59984700
2017-11-13,225.63563537597656,0.0,258.3299865722656,0.0,258.5899963378906,257.2699890136719,257.30999755859375,0.0,50228600
2017-11-14,225.11158752441406,0.0,257.7300109863281,0.0,257.8500061035156,256.5199890136719,257.4100036621094,0.0,61315200
2017-11-15,223.98489379882812,0.0,256.44000244140625,0.0,257.2200012207031,255.6300048828125,256.6199951171875,0.0,80811500
2017-11-16,225.88897705078125,0.0,258.6199951171875,0.0,259.0400085449219,257.4700012207031,257.5199890136719,0.0,67777000
2017-11-17,225.22512817382812,0.0,257.8599853515625,0.0,258.5899963378906,257.7699890136719,258.2200012207031,0.0,75756800
2017-11-20,225.6094512939453,0.0,258.29998779296875,0.0,258.5199890136719,257.8599853515625,258.1400146484375,0.0,48075500
2017-11-21,227.0855712890625,0.0,259.989990234375,0.0,260.20001220703125,258.260009765625,259.17999267578125,0.0,69176800
2017-11-22,226.8847198486328,0.0,259.760009765625,0.0,260.1499938964844,259.57000732421875,260.0,0.0,45033400
2017-11-24,227.40870666503906,0.0,260.3599853515625,0.0,260.4800109863281,260.1600036621094,260.32000732421875,0.0,27856500
2017-11-27,227.29515075683594,0.0,260.2300109863281,0.0,260.75,260.0,260.4100036621094,0.0,52274900
2017-11-28,229.60104370117188,0.0,262.8699951171875,0.0,262.8999938964844,260.6499938964844,260.760009765625,0.0,98971700
2017-11-29,229.46128845214844,0.0,262.7099914550781,0.0,263.6300048828125,262.20001220703125,263.0199890136719,0.0,77512100
2017-11-30,231.47024536132812,0.0,265.010009765625,0.0,266.04998779296875,263.6700134277344,263.760009765625,0.0,127894400
2017-12-01,230.98985290527344,0.0,264.4599914550781,0.0,265.30999755859375,260.760009765625,264.760009765625,0.0,164390900
2017-12-04,230.7103729248047,0.0,264.1400146484375,0.0,266.79998779296875,264.0799865722656,266.30999755859375,0.0,94040600
2017-12-05,229.8805389404297,0.0,263.19000244140625,0.0,265.1499938964844,263.0400085449219,263.19000244140625,0.0,77994500
2017-12-06,229.92420959472656,0.0,263.239990234375,0.0,263.7300109863281,262.7099914550781,263.29998779296875,0.0,75898600
2017-12-07,230.64920043945312,0.0,264.07000732421875,0.0,264.42999267578125,262.94000244140625,264.07000732421875,0.0,77218600
2017-12-08,231.90696716308594,0.0,265.510009765625,0.0,265.5199890136719,264.0299987792969,265.1600036621094,0.0,76563900
2017-12-11,232.60568237304688,0.0,266.30999755859375,0.0,266.3800048828125,265.4800109863281,266.30999755859375,0.0,83077500
2017-12-12,233.0161895751953,0.0,266.7799987792969,0.0,267.32000732421875,266.3500061035156,267.2099914550781,0.0,85195800
2017-12-13,232.98997497558594,0.0,266.75,0.0,267.55999755859375,266.6499938964844,267.05999755859375,0.0,102905400
2017-12-14,232.03790283203125,0.0,265.6600036621094,0.0,267.2200012207031,265.6000061035156,267.0899963378906,0.0,100666700
2017-12-15,233.97027587890625,0.0,266.510009765625,1.351,267.0400085449219,265.3900146484375,265.45001220703125,0.0,144610300
2017-12-18,235.4539337158203,0.0,268.20001220703125,0.0,268.6000061035156,267.9800109863281,268.1000061035156,0.0,83653600
2017-12-19,234.54965209960938,0.0,267.1700134277344,0.0,268.5299987792969,267.0899963378906,268.4800109863281,0.0,82382900
2017-12-20,234.42678833007812,0.0,267.0299987792969,0.0,268.3299865722656,266.69000244140625,268.2699890136719,0.0,76751500
2017-12-21,234.9095916748047,0.0,267.5799865722656,0.0,268.3900146484375,267.29998779296875,267.739990234375,0.0,67032300
2017-12-22,234.84814453125,0.0,267.510009765625,0.0,267.6400146484375,266.8999938964844,267.6000061035156,0.0,78720900
2017-12-26,234.56724548339844,0.0,267.19000244140625,0.0,267.44000244140625,266.8900146484375,267.04998779296875,0.0,45244400
2017-12-27,234.68133544921875,0.0,267.32000732421875,0.0,267.7300109863281,267.010009765625,267.3800048828125,0.0,57751000
2017-12-28,235.16419982910156,0.0,267.8699951171875,0.0,267.9200134277344,267.45001220703125,267.8900146484375,0.0,45116100
2017-12-29,234.2774658203125,0.0,266.8599853515625,0.0,268.54998779296875,266.6400146484375,268.5299987792969,0.0,96007400
2018-01-02,235.95433044433594,0.0,268.7699890136719,0.0,268.80999755859375,267.3999938964844,267.8399963378906,0.0,86655700
2018-01-03,237.44679260253906,0.0,270.4700012207031,0.0,270.6400146484375,268.9599914550781,268.9599914550781,0.0,90070400
2018-01-04,238.44754028320312,0.0,271.6099853515625,0.0,272.1600036621094,270.5400085449219,271.20001220703125,0.0,80636400
2018-01-05,240.0365753173828,0.0,273.4200134277344,0.0,273.55999755859375,271.95001220703125,272.510009765625,0.0,83524000
2018-01-08,240.4755096435547,0.0,273.9200134277344,0.0,274.1000061035156,272.9800109863281,273.30999755859375,0.0,57319200
2018-01-09,241.01976013183594,0.0,274.5400085449219,0.0,275.25,274.0799865722656,274.3999938964844,0.0,57254000
2018-01-10,240.6510772705078,0.0,274.1199951171875,0.0,274.4200134277344,272.9200134277344,273.67999267578125,0.0,69574300
2018-01-11,242.40687561035156,0.0,276.1199951171875,0.0,276.1199951171875,274.55999755859375,274.75,0.0,62361500
2018-01-12,243.9871826171875,0.0,277.9200134277344,0.0,278.1099853515625,276.0799865722656,276.4200134277344,0.0,90816100
2018-01-16,243.1531219482422,0.0,276.9700012207031,0.0,280.0899963378906,276.17999267578125,279.3500061035156,0.0,106555100
2018-01-17,245.47071838378906,0.0,279.6099853515625,0.0,280.04998779296875,276.9700012207031,278.0299987792969,0.0,113258800
2018-01-18,245.05819702148438,0.0,279.1400146484375,0.0,279.9599914550781,278.5799865722656,279.4800109863281,0.0,100728000
2018-01-19,246.1730194091797,0.0,280.4100036621094,0.0,280.4100036621094,279.1400146484375,279.79998779296875,0.0,140920100
2018-01-22,248.1746826171875,0.0,282.69000244140625,0.0,282.69000244140625,280.1099853515625,280.1700134277344,0.0,91322400
2018-01-23,248.7014617919922,0.0,283.2900085449219,0.0,283.6199951171875,282.3699951171875,282.739990234375,0.0,97084700
2018-01-24,248.60479736328125,0.0,283.17999267578125,0.0,284.70001220703125,281.8399963378906,284.0199890136719,0.0,134816100
2018-01-25,248.71022033691406,0.0,283.29998779296875,0.0,284.2699890136719,282.3999938964844,284.1600036621094,0.0,84587300
2018-01-26,251.58969116210938,0.0,286.5799865722656,0.0,286.6300048828125,283.9599914550781,284.25,0.0,107743100
2018-01-29,249.9217529296875,0.0,284.67999267578125,0.0,286.42999267578125,284.5,285.92999267578125,0.0,90118300
2018-01-30,247.35830688476562,0.0,281.760009765625,0.0,284.739990234375,281.2200012207031,282.6000061035156,0.0,131796400
2018-01-31,247.48117065429688,0.0,281.8999938964844,0.0,283.29998779296875,280.67999267578125,282.7300109863281,0.0,108364800
2018-02-01,247.2002410888672,0.0,281.5799865722656,0.0,283.05999755859375,280.67999267578125,281.07000732421875,0.0,90102500
2018-02-02,241.8187255859375,0.0,275.45001220703125,0.0,280.2300109863281,275.4100036621094,280.0799865722656,0.0,173174800
2018-02-05,231.70523071289062,0.0,263.92999267578125,0.0,275.8500061035156,263.30999755859375,273.45001220703125,0.0,294681800
2018-02-06,236.27040100097656,0.0,269.1300048828125,0.0,269.70001220703125,258.70001220703125,259.94000244140625,0.0,355026800
2018-02-07,234.9886016845703,0.0,267.6700134277344,0.0,272.3599853515625,267.5799865722656,268.5,0.0,167376100
2018-02-08,226.17442321777344,0.0,257.6300048828125,0.0,268.1700134277344,257.5899963378906,268.010009765625,0.0,246449500
2018-02-09,229.5719757080078,0.0,261.5,0.0,263.6099853515625,252.9199981689453,260.79998779296875,0.0,283565300
2018-02-12,232.9430694580078,0.0,265.3399963378906,0.0,267.010009765625,261.6600036621094,263.8299865722656,0.0,143736000
2018-02-13,233.52256774902344,0.0,266.0,0.0,266.6199951171875,263.30999755859375,263.9700012207031,0.0,81223600
2018-02-14,236.67417907714844,0.0,269.5899963378906,0.0,270.0,264.29998779296875,264.30999755859375,0.0,120735700
2018-02-15,239.69412231445312,0.0,273.0299987792969,0.0,273.0400085449219,268.7699890136719,271.57000732421875,0.0,111200300
2018-02-16,239.76434326171875,0.0,273.1099853515625,0.0,275.32000732421875,272.2699890136719,272.32000732421875,0.0,160420100
2018-02-20,238.26319885253906,0.0,271.3999938964844,0.0,273.6700134277344,270.5,272.0299987792969,0.0,86369700
2018-02-21,237.0779571533203,0.0,270.04998779296875,0.0,274.7200012207031,269.94000244140625,271.8999938964844,0.0,98883700
2018-02-22,237.38525390625,0.0,270.3999938964844,0.0,273.04998779296875,269.6400146484375,271.1000061035156,0.0,110511300
2018-02-23,241.16903686523438,0.0,274.7099914550781,0.0,274.7099914550781,271.25,271.7900085449219,0.0,92766400
2018-02-26,243.9696044921875,0.0,277.8999938964844,0.0,278.010009765625,275.260009765625,275.92999267578125,0.0,86491400
2018-02-27,240.92320251464844,0.0,274.42999267578125,0.0,278.9200134277344,274.3599853515625,278.1099853515625,0.0,99099200
2018-02-28,238.48269653320312,0.0,271.6499938964844,0.0,276.19000244140625,271.2900085449219,275.67999267578125,0.0,121907800
2018-03-01,235.0149383544922,0.0,267.70001220703125,0.0,273.1700134277344,266.0,271.4100036621094,0.0,176855100
2018-03-02,236.2263946533203,0.0,269.0799865722656,0.0,269.7200012207031,264.82000732421875,265.79998779296875,0.0,139083200
2018-03-05,238.9568328857422,0.0,272.19000244140625,0.0,272.8900146484375,267.6099853515625,267.7300109863281,0.0,97307400
2018-03-06,239.56243896484375,0.0,272.8800048828125,0.0,273.3900146484375,271.17999267578125,273.29998779296875,0.0,79213200
2018-03-07,239.4746856689453,0.0,272.7799987792969,0.0,273.17999267578125,270.20001220703125,270.4200134277344,0.0,87063500
2018-03-08,240.633544921875,0.0,274.1000061035156,0.0,274.239990234375,272.4200134277344,273.54998779296875,0.0,66901200
2018-03-09,244.82107543945312,0.0,278.8699951171875,0.0,278.8699951171875,275.3399963378906,275.70001220703125,0.0,113625300
2018-03-12,244.51382446289062,0.0,278.5199890136719,0.0,279.9100036621094,278.0799865722656,279.20001220703125,0.0,71924800
2018-03-13,242.9336395263672,0.0,276.7200012207031,0.0,280.4100036621094,276.0299987792969,279.8399963378906,0.0,91968900
2018-03-14,241.68698120117188,0.0,275.29998779296875,0.0,278.0199890136719,274.6700134277344,277.80999755859375,0.0,105895100
2018-03-15,241.42356872558594,0.0,275.0,0.0,276.6099853515625,274.42999267578125,275.8800048828125,0.0,83433000
2018-03-16,241.68545532226562,0.0,274.20001220703125,1.097,275.3900146484375,274.1400146484375,274.5,0.0,100343700
2018-03-19,238.41539001464844,0.0,270.489990234375,0.0,274.3999938964844,268.6199951171875,273.3500061035156,0.0,109208400
2018-03-20,238.82089233398438,0.0,270.95001220703125,0.0,271.6700134277344,270.17999267578125,270.94000244140625,0.0,59757300
2018-03-21,238.36245727539062,0.0,270.42999267578125,0.0,273.2699890136719,270.19000244140625,270.8999938964844,0.0,78709600
2018-03-22,232.40406799316406,0.0,263.6700134277344,0.0,268.8699951171875,263.3599853515625,267.9100036621094,0.0,148785900
2018-03-23,227.450439453125,0.0,258.04998779296875,0.0,264.5400085449219,257.8299865722656,264.1700134277344,0.0,183534800
2018-03-26,233.67330932617188,0.0,265.1099853515625,0.0,265.42999267578125,259.4100036621094,262.1300048828125,0.0,141956100
2018-03-27,229.69808959960938,0.0,260.6000061035156,0.0,266.7699890136719,258.8399963378906,266.1700134277344,0.0,129941400
2018-03-28,229.0193634033203,0.0,259.8299865722656,0.0,262.6400146484375,258.5799865722656,260.75,0.0,146452300
2018-03-29,231.9457244873047,0.0,263.1499938964844,0.0,265.260009765625,259.8399963378906,261.1199951171875,0.0,111601600
2018-04-02,226.9392852783203,0.0,257.4700012207031,0.0,263.1300048828125,254.6699981689453,262.54998779296875,0.0,186286300
2018-04-03,229.8479766845703,0.0,260.7699890136719,0.0,261.30999755859375,256.8399963378906,258.8699951171875,0.0,119956900
2018-04-04,232.30711364746094,0.0,263.55999755859375,0.0,264.3599853515625,256.6000061035156,256.75,0.0,123715300
2018-04-05,234.14051818847656,0.0,265.6400146484375,0.0,266.6400146484375,264.32000732421875,265.54998779296875,0.0,82652600
2018-04-06,228.92250061035156,0.0,259.7200012207031,0.0,265.1099853515625,258.0,263.4200134277344,0.0,179521200
2018-04-09,230.0506591796875,0.0,261.0,0.0,264.8399963378906,259.94000244140625,261.3699951171875,0.0,105442900
2018-04-10,233.70855712890625,0.0,265.1499938964844,0.0,266.0400085449219,262.9800109863281,264.2699890136719,0.0,103529000
2018-04-11,232.4833984375,0.0,263.760009765625,0.0,265.6400146484375,263.3900146484375,263.4700012207031,0.0,91140200
2018-04-12,234.3960723876953,0.0,265.92999267578125,0.0,267.0,265.05999755859375,265.260009765625,0.0,68890500
2018-04-13,233.70855712890625,0.0,265.1499938964844,0.0,267.5400085449219,264.010009765625,267.4100036621094,0.0,85079200
2018-04-16,235.6300048828125,0.0,267.3299865722656,0.0,268.20001220703125,266.07000732421875,267.0,0.0,63405300
2018-04-17,238.15101623535156,0.0,270.19000244140625,0.0,270.8699951171875,268.75,269.3299865722656,0.0,64682000
2018-04-18,238.3271942138672,0.0,270.3900146484375,0.0,271.29998779296875,269.8699951171875,270.69000244140625,0.0,57303900
2018-04-19,237.00502014160156,0.0,268.8900146484375,0.0,269.8800048828125,267.7200012207031,269.6499938964844,0.0,77655900
2018-04-20,234.9954071044922,0.0,266.6099853515625,0.0,269.05999755859375,265.6099853515625,268.80999755859375,0.0,99953100
2018-04-23,234.96018981933594,0.0,266.57000732421875,0.0,267.8900146484375,265.3500061035156,267.260009765625,0.0,65558000
2018-04-24,231.79591369628906,0.0,262.9800109863281,0.0,267.9800109863281,261.2799987792969,267.7300109863281,0.0,112885500
2018-04-25,232.36880493164062,0.0,263.6300048828125,0.0,264.1300048828125,260.8500061035156,262.9100036621094,0.0,103840900
2018-04-26,234.73097229003906,0.0,266.30999755859375,0.0,267.25,264.2900085449219,264.7900085449219,0.0,67731900
2018-04-27,234.95138549804688,0.0,266.55999755859375,0.0,267.3399963378906,265.5,267.0,0.0,57053600
2018-04-30,233.14443969726562,0.0,264.510009765625,0.0,267.8900146484375,264.42999267578125,267.260009765625,0.0,82182300
2018-05-01,233.55874633789062,0.0,264.9800109863281,0.0,265.1000061035156,262.1099853515625,263.8699951171875,0.0,74203400
2018-05-02,231.98983764648438,0.0,263.20001220703125,0.0,265.67999267578125,262.760009765625,264.760009765625,0.0,86368900
2018-05-03,231.4785919189453,0.0,262.6199951171875,0.0,263.3599853515625,259.04998779296875,262.260009765625,0.0,136311500
2018-05-04,234.47543334960938,0.0,266.0199890136719,0.0,266.7900085449219,261.1499938964844,261.5199890136719,0.0,91222100
2018-05-07,235.26870727539062,0.0,266.9200134277344,0.0,268.0199890136719,266.1099853515625,266.8900146484375,0.0,55304900
2018-05-08,235.26870727539062,0.0,266.9200134277344,0.0,267.3299865722656,265.1499938964844,266.5,0.0,67499200
2018-05-09,237.5428009033203,0.0,269.5,0.0,269.8699951171875,267.0899963378906,267.67999267578125,0.0,59666100
2018-05-10,239.76390075683594,0.0,272.0199890136719,0.0,272.3900146484375,270.2200012207031,270.3399963378906,0.0,72063900
2018-05-11,240.49549865722656,0.0,272.8500061035156,0.0,273.1499938964844,271.5799865722656,272.1600036621094,0.0,59871500
2018-05-14,240.61009216308594,0.0,272.9800109863281,0.0,274.0799865722656,272.3599853515625,273.3399963378906,0.0,54790600
2018-05-15,238.95306396484375,0.0,271.1000061035156,0.0,271.6099853515625,270.0299987792969,271.5899963378906,0.0,87036100
2018-05-16,239.95785522460938,0.0,272.239990234375,0.0,272.760009765625,271.1099853515625,271.1400146484375,0.0,53942600
2018-05-17,239.75515747070312,0.0,272.010009765625,0.0,273.2300109863281,271.1300048828125,271.94000244140625,0.0,56536400
2018-05-18,239.1557159423828,0.0,271.3299865722656,0.0,272.0299987792969,270.92999267578125,271.6199951171875,0.0,64368000
2018-05-21,240.95384216308594,0.0,273.3699951171875,0.0,273.9800109863281,272.57000732421875,273.010009765625,0.0,58025900
2018-05-22,240.2838897705078,0.0,272.6099853515625,0.0,274.25,272.239990234375,273.9599914550781,0.0,52966400
2018-05-23,240.94503784179688,0.0,273.3599853515625,0.0,273.3900146484375,270.989990234375,271.1700134277344,0.0,64694200
2018-05-24,240.45143127441406,0.0,272.79998779296875,0.0,273.2200012207031,270.7799987792969,272.9100036621094,0.0,76043800
2018-05-25,239.87855529785156,0.0,272.1499938964844,0.0,272.8599853515625,271.5799865722656,272.1499938964844,0.0,56374800
2018-05-29,237.11964416503906,0.0,269.0199890136719,0.0,271.1700134277344,267.760009765625,270.30999755859375,0.0,115908600
2018-05-30,240.2838897705078,0.0,272.6099853515625,0.0,273.1099853515625,270.4200134277344,270.5,0.0,69678400
2018-05-31,238.8119659423828,0.0,270.94000244140625,0.0,272.489990234375,270.260009765625,272.1499938964844,0.0,93519900
2018-06-01,241.1565399169922,0.0,273.6000061035156,0.0,273.94000244140625,272.3299865722656,272.4100036621094,0.0,71258400
2018-06-04,242.30242919921875,0.0,274.8999938964844,0.0,275.19000244140625,274.260009765625,274.5299987792969,0.0,45385200
2018-06-05,242.4787139892578,0.0,275.1000061035156,0.0,275.5299987792969,274.17999267578125,275.04998779296875,0.0,51135000
2018-06-06,244.50599670410156,0.0,277.3999938964844,0.0,277.5199890136719,275.0899963378906,275.7900085449219,0.0,62732200
2018-06-07,244.47950744628906,0.0,277.3699951171875,0.0,278.2799987792969,276.3399963378906,277.95001220703125,0.0,72969400
2018-06-08,245.2023468017578,0.0,278.19000244140625,0.0,278.25,276.6600036621094,276.8500061035156,0.0,72139700
2018-06-11,245.52838134765625,0.0,278.55999755859375,0.0,279.3699951171875,278.30999755859375,278.44000244140625,0.0,58892500
2018-06-12,245.8457489013672,0.0,278.9200134277344,0.0,279.3299865722656,278.19000244140625,279.0299987792969,0.0,72329000
2018-06-13,245.06124877929688,0.0,278.0299987792969,0.0,279.4800109863281,277.79998779296875,279.19000244140625,0.0,79070600
2018-06-14,245.67825317382812,0.0,278.7300109863281,0.0,279.3299865722656,278.05999755859375,279.010009765625,0.0,77097600
2018-06-15,245.3648681640625,0.0,277.1300048828125,1.246,277.510009765625,275.3500061035156,276.6000061035156,0.0,120041600
2018-06-18,244.8601531982422,0.0,276.55999755859375,0.0,276.70001220703125,274.95001220703125,275.489990234375,0.0,52917600
2018-06-19,243.9217071533203,0.0,275.5,0.0,275.75,273.5299987792969,274.0,0.0,97531500
2018-06-20,244.33779907226562,0.0,275.9700012207031,0.0,276.7200012207031,275.5899963378906,276.2699890136719,0.0,53785500
2018-06-21,242.80609130859375,0.0,274.239990234375,0.0,275.9800109863281,273.67999267578125,275.9599914550781,0.0,71061400
2018-06-22,243.24871826171875,0.0,274.739990234375,0.0,275.7900085449219,274.489990234375,275.6600036621094,0.0,54898500
2018-06-25,239.93748474121094,0.0,271.0,0.0,273.6199951171875,269.1000061035156,273.44000244140625,0.0,137854200
2018-06-26,240.46873474121094,0.0,271.6000061035156,0.0,272.55999755859375,270.7900085449219,271.6400146484375,0.0,68547400
2018-06-27,238.47659301757812,0.0,269.3500061035156,0.0,273.8699951171875,269.17999267578125,272.260009765625,0.0,105110700
2018-06-28,239.8400421142578,0.0,270.8900146484375,0.0,271.75,268.489990234375,269.2900085449219,0.0,76650500
2018-06-29,240.18540954589844,0.0,271.2799987792969,0.0,273.6600036621094,271.1499938964844,272.1199951171875,0.0,97592500
2018-07-02,240.69883728027344,0.0,271.8599853515625,0.0,272.0400085449219,269.239990234375,269.510009765625,0.0,63554800
2018-07-03,239.84889221191406,0.0,270.8999938964844,0.0,272.9800109863281,270.4200134277344,272.8699951171875,0.0,42187100
2018-07-05,241.80555725097656,0.0,273.1099853515625,0.0,273.17999267578125,270.9599914550781,272.1700134277344,0.0,56925900
2018-07-06,243.8508758544922,0.0,275.4200134277344,0.0,275.8399963378906,272.7099914550781,273.1400146484375,0.0,66493700
2018-07-09,246.0465545654297,0.0,277.8999938964844,0.0,277.9599914550781,276.5,276.54998779296875,0.0,50550400
2018-07-10,246.9320068359375,0.0,278.8999938964844,0.0,279.010009765625,278.0799865722656,278.4100036621094,0.0,51966800
2018-07-11,245.12582397460938,0.0,276.8599853515625,0.0,278.0400085449219,276.5199890136719,277.1499938964844,0.0,77054700
2018-07-12,247.34808349609375,0.0,279.3699951171875,0.0,279.42999267578125,277.6000061035156,278.2799987792969,0.0,60124700
2018-07-13,247.54283142089844,0.0,279.5899963378906,0.0,279.92999267578125,278.6600036621094,279.1700134277344,0.0,48216000
2018-07-16,247.3214569091797,0.0,279.3399963378906,0.0,279.79998779296875,278.8399963378906,279.6400146484375,0.0,48201000
2018-07-17,248.322021484375,0.0,280.4700012207031,0.0,280.9100036621094,278.4100036621094,278.4700012207031,0.0,52315500
2018-07-18,248.84434509277344,0.0,281.05999755859375,0.0,281.17999267578125,280.05999755859375,280.55999755859375,0.0,44593500
2018-07-19,247.9058837890625,0.0,280.0,0.0,280.739990234375,279.4599914550781,280.30999755859375,0.0,61412100
2018-07-20,247.62257385253906,0.0,279.67999267578125,0.0,280.4800109863281,279.5,279.7699890136719,0.0,82337700
2018-07-23,248.0830078125,0.0,280.20001220703125,0.0,280.42999267578125,279.05999755859375,279.45001220703125,0.0,47047600
2018-07-24,249.33128356933594,0.0,281.6099853515625,0.0,282.55999755859375,280.6300048828125,281.7900085449219,0.0,68026900
2018-07-25,251.45623779296875,0.0,284.010009765625,0.0,284.3699951171875,281.2799987792969,281.3299865722656,0.0,78882900
2018-07-26,250.86297607421875,0.0,283.3399963378906,0.0,284.1099853515625,283.0899963378906,283.20001220703125,0.0,57919500
2018-07-27,249.16314697265625,0.0,281.4200134277344,0.0,283.82000732421875,280.3800048828125,283.7099914550781,0.0,76768700
2018-07-30,247.8616485595703,0.0,279.95001220703125,0.0,281.69000244140625,279.3599853515625,281.510009765625,0.0,63742500
2018-07-31,249.08335876464844,0.0,281.3299865722656,0.0,282.0199890136719,280.3800048828125,280.80999755859375,0.0,68570500
2018-08-01,248.66729736328125,0.0,280.8599853515625,0.0,282.1300048828125,280.1300048828125,281.55999755859375,0.0,53853300
2018-08-02,250.02195739746094,0.0,282.3900146484375,0.0,282.5799865722656,279.1600036621094,279.3900146484375,0.0,63426400
2018-08-03,251.09320068359375,0.0,283.6000061035156,0.0,283.6600036621094,282.3299865722656,282.5299987792969,0.0,53935400
2018-08-06,252.01402282714844,0.0,284.6400146484375,0.0,284.989990234375,283.20001220703125,283.6400146484375,0.0,39400900
2018-08-07,252.84620666503906,0.0,285.5799865722656,0.0,286.010009765625,285.239990234375,285.3900146484375,0.0,43196600
2018-08-08,252.74000549316406,0.0,285.4599914550781,0.0,285.9100036621094,284.94000244140625,285.3900146484375,0.0,42114600
2018-08-09,252.39480590820312,0.0,285.07000732421875,0.0,285.9700012207031,284.9200134277344,285.5299987792969,0.0,35717000
2018-08-10,250.70362854003906,0.0,283.1600036621094,0.0,284.05999755859375,282.3599853515625,283.45001220703125,0.0,77076000
2018-08-13,249.7652130126953,0.0,282.1000061035156,0.0,284.1600036621094,281.7699890136719,283.4700012207031,0.0,65732900
2018-08-14,251.35879516601562,0.0,283.8999938964844,0.0,284.1700134277344,282.4800109863281,282.9200134277344,0.0,43842000
2018-08-15,249.4818115234375,0.0,281.7799987792969,0.0,282.5400085449219,280.1600036621094,282.3800048828125,0.0,102925400
2018-08-16,251.50048828125,0.0,284.05999755859375,0.0,285.0400085449219,283.3599853515625,283.3999938964844,0.0,69967900
2018-08-17,252.385986328125,0.0,285.05999755859375,0.0,285.55999755859375,283.3699951171875,283.8299865722656,0.0,65618500
2018-08-20,252.92593383789062,0.0,285.6700134277344,0.0,285.9700012207031,285.05999755859375,285.57000732421875,0.0,39807500
2018-08-21,253.51913452148438,0.0,286.3399963378906,0.0,287.30999755859375,285.7099914550781,286.25,0.0,67272000
2018-08-22,253.36865234375,0.0,286.1700134277344,0.0,286.760009765625,285.5799865722656,285.8800048828125,0.0,44993300
2018-08-23,253.0322265625,0.0,285.7900085449219,0.0,286.94000244140625,285.42999267578125,285.9700012207031,0.0,49204900
2018-08-24,254.55503845214844,0.0,287.510009765625,0.0,287.6700134277344,286.3800048828125,286.44000244140625,0.0,57487400
2018-08-27,256.56488037109375,0.0,289.7799987792969,0.0,289.8999938964844,288.67999267578125,288.8599853515625,0.0,57072400
2018-08-28,256.6888122558594,0.0,289.9200134277344,0.0,290.4200134277344,289.3999938964844,290.29998779296875,0.0,46943500
2018-08-29,258.07000732421875,0.0,291.4800109863281,0.0,291.739990234375,289.8900146484375,290.1600036621094,0.0,61485500
2018-08-30,257.0252685546875,0.0,290.29998779296875,0.0,291.3599853515625,289.6300048828125,290.94000244140625,0.0,61229500
2018-08-31,257.0341491699219,0.0,290.30999755859375,0.0,290.80999755859375,289.2900085449219,289.8399963378906,0.0,66140800
2018-09-04,256.59149169921875,0.0,289.80999755859375,0.0,290.2099914550781,288.67999267578125,289.8399963378906,0.0,57594400
2018-09-05,255.9008331298828,0.0,289.0299987792969,0.0,289.6400146484375,287.8900146484375,289.4100036621094,0.0,72452400
2018-09-06,255.1306610107422,0.0,288.1600036621094,0.0,289.489990234375,287.0,289.1499938964844,0.0,65909900
2018-09-07,254.63479614257812,0.0,287.6000061035156,0.0,288.70001220703125,286.7099914550781,286.9800109863281,0.0,73524800
2018-09-10,255.07740783691406,0.0,288.1000061035156,0.0,289.0400085449219,287.8800048828125,288.739990234375,0.0,50210900
2018-09-11,255.91854858398438,0.0,289.04998779296875,0.0,289.54998779296875,286.9800109863281,287.3699951171875,0.0,50530500
2018-09-12,255.98046875,0.0,289.1199951171875,0.0,289.79998779296875,288.2300109863281,289.05999755859375,0.0,59810800
2018-09-13,257.4945983886719,0.0,290.8299865722656,0.0,291.0400085449219,290.0,290.32000732421875,0.0,51034200
2018-09-14,257.538818359375,0.0,290.8800048828125,0.0,291.2699890136719,290.0,291.05999755859375,0.0,55079900
2018-09-17,256.17529296875,0.0,289.3399963378906,0.0,290.8599853515625,289.0299987792969,290.82000732421875,0.0,68244000
2018-09-18,257.5653381347656,0.0,290.9100036621094,0.0,291.5799865722656,289.54998779296875,289.5799865722656,0.0,61930400
2018-09-19,257.83984375,0.0,291.2200012207031,0.0,291.69000244140625,290.8299865722656,290.9700012207031,0.0,49080600
2018-09-20,259.92926025390625,0.0,293.5799865722656,0.0,293.94000244140625,291.239990234375,292.6400146484375,0.0,100360600
2018-09-21,259.6917724609375,0.0,291.989990234375,1.323,293.2200012207031,291.80999755859375,293.0899963378906,0.0,105479700
2018-09-24,258.82916259765625,0.0,291.0199890136719,0.0,291.5,290.3699951171875,291.3399963378906,0.0,53409600
2018-09-25,258.5889892578125,0.0,290.75,0.0,291.6499938964844,290.4800109863281,291.5299987792969,0.0,44370000
2018-09-26,257.8152770996094,0.0,289.8800048828125,0.0,292.239990234375,289.4100036621094,290.9100036621094,0.0,79739700
2018-09-27,258.5356140136719,0.0,290.69000244140625,0.0,291.9100036621094,290.1000061035156,290.4100036621094,0.0,59249500
2018-09-28,258.5623474121094,0.0,290.7200012207031,0.0,291.2799987792969,289.95001220703125,289.989990234375,0.0,70091400
2018-10-01,259.46063232421875,0.0,291.7300109863281,0.0,292.92999267578125,290.9800109863281,292.1099853515625,0.0,62078900
2018-10-02,259.30938720703125,0.0,291.55999755859375,0.0,292.3599853515625,291.1400146484375,291.55999755859375,0.0,47258200
2018-10-03,259.45166015625,0.0,291.7200012207031,0.0,293.2099914550781,291.32000732421875,292.739990234375,0.0,64694600
2018-10-04,257.42388916015625,0.0,289.44000244140625,0.0,291.239990234375,287.6600036621094,291.17999267578125,0.0,111545900
2018-10-05,255.9831085205078,0.0,287.82000732421875,0.0,290.2699890136719,286.2200012207031,289.69000244140625,0.0,105951700
2018-10-08,255.9831085205078,0.0,287.82000732421875,0.0,288.2200012207031,285.5,287.04998779296875,0.0,87742200
2018-10-09,255.60952758789062,0.0,287.3999938964844,0.0,288.8599853515625,286.7699890136719,287.3900146484375,0.0,74339000
2018-10-10,247.51612854003906,0.0,278.29998779296875,0.0,286.9100036621094,277.8800048828125,286.8299865722656,0.0,214731000
2018-10-11,242.06422424316406,0.0,272.1700134277344,0.0,278.8999938964844,270.3599853515625,277.0799865722656,0.0,274840500
2018-10-12,245.42605590820312,0.0,275.95001220703125,0.0,277.0899963378906,272.3699951171875,276.7699890136719,0.0,183186500
2018-10-15,244.0475616455078,0.0,274.3999938964844,0.0,277.0400085449219,274.29998779296875,275.54998779296875,0.0,102263700
2018-10-16,249.3838653564453,0.0,280.3999938964844,0.0,280.82000732421875,276.07000732421875,276.6000061035156,0.0,118255800
2018-10-17,249.4282684326172,0.0,280.45001220703125,0.0,281.1499938964844,277.55999755859375,280.44000244140625,0.0,110626000
2018-10-18,245.82635498046875,0.0,276.3999938964844,0.0,280.07000732421875,274.9700012207031,279.3999938964844,0.0,134557500
2018-10-19,245.69290161132812,0.0,276.25,0.0,279.29998779296875,275.4700012207031,277.1300048828125,0.0,139901600
2018-10-22,244.59002685546875,0.0,275.010009765625,0.0,277.3599853515625,274.4100036621094,277.0,0.0,82415800
2018-10-23,243.34487915039062,0.0,273.6099853515625,0.0,274.8699951171875,268.6099853515625,270.95001220703125,0.0,146352700
2018-10-24,235.97193908691406,0.0,265.32000732421875,0.0,273.760009765625,264.70001220703125,273.3299865722656,0.0,177806700
2018-10-25,240.2053985595703,0.0,270.0799865722656,0.0,271.80999755859375,266.2300109863281,267.3800048828125,0.0,138061500
2018-10-26,235.98081970214844,0.0,265.3299865722656,0.0,271.0,262.2900085449219,265.9200134277344,0.0,201574600
2018-10-29,234.67340087890625,0.0,263.8599853515625,0.0,270.25,259.8500061035156,268.79998779296875,0.0,160749100
2018-10-30,238.15089416503906,0.0,267.7699890136719,0.0,268.1199951171875,263.1199951171875,263.6700134277344,0.0,157116000
2018-10-31,240.69451904296875,0.0,270.6300048828125,0.0,273.2300109863281,270.1199951171875,270.6499938964844,0.0,128296300
2018-11-01,243.2559356689453,0.0,273.510009765625,0.0,273.7300109863281,270.3800048828125,271.6000061035156,0.0,99495000
2018-11-02,241.81520080566406,0.0,271.8900146484375,0.0,275.2300109863281,269.5899963378906,274.75,0.0,122634100
2018-11-05,243.1492919921875,0.0,273.3900146484375,0.0,274.010009765625,271.3500061035156,272.44000244140625,0.0,65622500
2018-11-06,244.68783569335938,0.0,275.1199951171875,0.0,275.29998779296875,273.25,273.32000732421875,0.0,60085900
2018-11-07,249.9263916015625,0.0,281.010009765625,0.0,281.1000061035156,277.0799865722656,277.55999755859375,0.0,102752100
2018-11-08,249.47279357910156,0.0,280.5,0.0,281.2200012207031,279.2200012207031,280.1099853515625,0.0,65584900
2018-11-09,247.03590393066406,0.0,277.760009765625,0.0,279.239990234375,276.17999267578125,279.0299987792969,0.0,98812600
2018-11-12,242.41995239257812,0.0,272.57000732421875,0.0,277.4599914550781,271.989990234375,277.19000244140625,0.0,99673600
2018-11-13,241.96633911132812,0.0,272.05999755859375,0.0,275.3299865722656,271.25,273.0899963378906,0.0,98176600
2018-11-14,240.3121337890625,0.0,270.20001220703125,0.0,274.6099853515625,268.45001220703125,274.1600036621094,0.0,125335900
2018-11-15,242.8201904296875,0.0,273.0199890136719,0.0,273.5400085449219,267.010009765625,268.7799987792969,0.0,135101400
2018-11-16,243.45164489746094,0.0,273.7300109863281,0.0,274.75,271.2099914550781,271.7900085449219,0.0,126668000
2018-11-19,239.33377075195312,0.0,269.1000061035156,0.0,273.3800048828125,268.07000732421875,273.04998779296875,0.0,103061700
2018-11-20,234.90464782714844,0.0,264.1199951171875,0.0,267.0,263.1499938964844,265.3599853515625,0.0,136021300
2018-11-21,235.70506286621094,0.0,265.0199890136719,0.0,267.1499938964844,265.010009765625,265.8599853515625,0.0,75563700
2018-11-23,234.13087463378906,0.0,263.25,0.0,264.82000732421875,263.07000732421875,263.17999267578125,0.0,42807900
2018-11-26,237.9108123779297,0.0,267.5,0.0,267.75,265.3399963378906,265.7799987792969,0.0,79981400
2018-11-27,238.71124267578125,0.0,268.3999938964844,0.0,268.3999938964844,265.6600036621094,266.3399963378906,0.0,75502400
2018-11-28,244.20761108398438,0.0,274.5799865722656,0.0,274.5799865722656,268.3299865722656,269.6000061035156,0.0,127629600
2018-11-29,243.67401123046875,0.0,273.9800109863281,0.0,275.54998779296875,272.42999267578125,273.7099914550781,0.0,82346400
2018-11-30,245.1593017578125,0.0,275.6499938964844,0.0,276.2799987792969,273.45001220703125,273.80999755859375,0.0,98204200
2018-12-03,248.40557861328125,0.0,279.29998779296875,0.0,280.3999938964844,277.510009765625,280.2799987792969,0.0,103176300
2018-12-04,240.35658264160156,0.0,270.25,0.0,278.8500061035156,269.8999938964844,278.3699951171875,0.0,177986000
2018-12-06,239.99191284179688,0.0,269.8399963378906,0.0,269.9700012207031,262.44000244140625,265.9200134277344,0.0,204185400
2018-12-07,234.41549682617188,0.0,263.57000732421875,0.0,271.2200012207031,262.6300048828125,269.4599914550781,0.0,161018900
2018-12-10,234.8601531982422,0.0,264.07000732421875,0.0,265.1600036621094,258.6199951171875,263.3699951171875,0.0,151445900
2018-12-11,234.91355895996094,0.0,264.1300048828125,0.0,267.8699951171875,262.4800109863281,267.6600036621094,0.0,121504400
2018-12-12,236.09646606445312,0.0,265.4599914550781,0.0,269.0,265.3699951171875,267.4700012207031,0.0,97976700
2018-12-13,236.01632690429688,0.0,265.3699951171875,0.0,267.489990234375,264.1199951171875,266.5199890136719,0.0,96662700
2018-12-14,231.65841674804688,0.0,260.4700012207031,0.0,264.0299987792969,259.8500061035156,262.9599914550781,0.0,116961100
2018-12-17,227.11361694335938,0.0,255.36000061035156,0.0,260.6499938964844,253.52999877929688,259.3999938964844,0.0,165492300
2018-12-18,226.86456298828125,0.0,255.0800018310547,0.0,257.95001220703125,253.27999877929688,257.20001220703125,0.0,134515100
2018-12-19,223.4671630859375,0.0,251.25999450683594,0.0,259.3999938964844,249.35000610351562,255.1699981689453,0.0,214992800
2018-12-20,219.8295440673828,0.0,247.1699981689453,0.0,251.6199951171875,244.64999389648438,249.86000061035156,0.0,252053400
2018-12-21,215.32534790039062,0.0,240.6999969482422,1.435,249.7100067138672,239.97999572753906,246.74000549316406,0.0,255345600
2018-12-24,209.6358184814453,0.0,234.33999633789062,0.0,240.83999633789062,234.27000427246094,239.0399932861328,0.0,147311600
2018-12-26,220.2276153564453,0.0,246.17999267578125,0.0,246.17999267578125,233.75999450683594,235.97000122070312,0.0,218485400
2018-12-27,221.91839599609375,0.0,248.07000732421875,0.0,248.2899932861328,238.9600067138672,242.57000732421875,0.0,186267300
2018-12-28,221.63217163085938,0.0,247.75,0.0,251.39999389648438,246.4499969482422,249.5800018310547,0.0,153100200
2018-12-31,223.57333374023438,0.0,249.9199981689453,0.0,250.19000244140625,247.47000122070312,249.55999755859375,0.0,144299400
2019-01-02,223.8059539794922,0.0,250.17999267578125,0.0,251.2100067138672,245.9499969482422,245.97999572753906,0.0,126925200
2019-01-03,218.46533203125,0.0,244.2100067138672,0.0,248.57000732421875,243.6699981689453,248.22999572753906,0.0,144140700
2019-01-04,225.78305053710938,0.0,252.38999938964844,0.0,253.11000061035156,247.1699981689453,247.58999633789062,0.0,142628800
2019-01-07,227.563232421875,0.0,254.3800048828125,0.0,255.9499969482422,251.69000244140625,252.69000244140625,0.0,103139100
2019-01-08,229.7012481689453,0.0,256.7699890136719,0.0,257.30999755859375,254.0,256.82000732421875,0.0,102512600
2019-01-09,230.77476501464844,0.0,257.9700012207031,0.0,258.9100036621094,256.19000244140625,257.55999755859375,0.0,95006600
2019-01-10,231.58880615234375,0.0,258.8800048828125,0.0,259.1600036621094,255.5,256.260009765625,0.0,96823900
2019-01-11,231.67822265625,0.0,258.9800109863281,0.0,259.010009765625,257.0299987792969,257.67999267578125,0.0,73858100
2019-01-14,230.2648162841797,0.0,257.3999938964844,0.0,258.29998779296875,256.4100036621094,256.8599853515625,0.0,70908200
2019-01-15,232.90382385253906,0.0,260.3500061035156,0.0,260.70001220703125,257.80999755859375,257.82000732421875,0.0,85208300
2019-01-16,233.4674530029297,0.0,260.9800109863281,0.0,261.9700012207031,260.6000061035156,260.8299865722656,0.0,77636700
2019-01-17,235.23866271972656,0.0,262.9599914550781,0.0,263.9200134277344,259.9599914550781,260.010009765625,0.0,96118400
2019-01-18,238.36973571777344,0.0,266.4599914550781,0.0,266.9800109863281,263.0,264.9800109863281,0.0,127900300
2019-01-22,235.14918518066406,0.0,262.8599853515625,0.0,265.05999755859375,261.05999755859375,264.82000732421875,0.0,115531200
2019-01-23,235.64125061035156,0.0,263.4100036621094,0.0,264.7900085449219,260.6600036621094,264.010009765625,0.0,86030300
2019-01-24,235.76646423339844,0.0,263.54998779296875,0.0,264.20001220703125,262.0799865722656,263.2099914550781,0.0,59204100
2019-01-25,237.76138305664062,0.0,265.7799987792969,0.0,266.70001220703125,263.6600036621094,265.6099853515625,0.0,96883400
2019-01-28,235.9543914794922,0.0,263.760009765625,0.0,263.8299865722656,261.7900085449219,263.3900146484375,0.0,85613700
2019-01-29,235.64125061035156,0.0,263.4100036621094,0.0,264.54998779296875,262.4800109863281,263.9200134277344,0.0,66136300
2019-01-30,239.37167358398438,0.0,267.5799865722656,0.0,268.5199890136719,264.25,265.1000061035156,0.0,92473700
2019-01-31,241.4739227294922,0.0,269.92999267578125,0.0,270.4700012207031,267.2699890136719,267.510009765625,0.0,104012100
2019-02-01,241.59022521972656,0.0,270.05999755859375,0.0,271.20001220703125,269.17999267578125,270.1499938964844,0.0,85782500
2019-02-04,243.2899169921875,0.0,271.9599914550781,0.0,272.0299987792969,269.3599853515625,270.1099853515625,0.0,60744800
2019-02-05,244.30972290039062,0.0,273.1000061035156,0.0,273.44000244140625,271.8800048828125,272.44000244140625,0.0,79552800
2019-02-06,243.9876708984375,0.0,272.739990234375,0.0,273.3399963378906,271.9200134277344,272.7900085449219,0.0,58347800
2019-02-07,241.66184997558594,0.0,270.1400146484375,0.0,271.54998779296875,268.2900085449219,270.94000244140625,0.0,95482000
2019-02-08,241.95692443847656,0.0,270.4700012207031,0.0,270.5799865722656,267.8299865722656,268.75,0.0,75788900
2019-02-11,242.09115600585938,0.0,270.6199951171875,0.0,271.489990234375,270.0299987792969,271.20001220703125,0.0,68021400
2019-02-12,245.20436096191406,0.0,274.1000061035156,0.0,274.5199890136719,272.3399963378906,272.4200134277344,0.0,72270200
2019-02-13,246.00050354003906,0.0,274.989990234375,0.0,275.92999267578125,274.55999755859375,275.0299987792969,0.0,65277200
2019-02-14,245.45481872558594,0.0,274.3800048828125,0.0,275.6400146484375,272.8699951171875,273.7799987792969,0.0,83234400
2019-02-15,248.1295928955078,0.0,277.3699951171875,0.0,277.4100036621094,276.1300048828125,276.3599853515625,0.0,97088700
2019-02-19,248.55897521972656,0.0,277.8500061035156,0.0,278.5799865722656,276.4700012207031,276.4800109863281,0.0,59120800
2019-02-20,249.0598907470703,0.0,278.4100036621094,0.0,278.9200134277344,277.25,277.80999755859375,0.0,76610800
2019-02-21,248.17434692382812,0.0,277.4200134277344,0.0,278.1000061035156,276.3500061035156,277.70001220703125,0.0,64214700
2019-02-22,249.71295166015625,0.0,279.1400146484375,0.0,279.3599853515625,277.3999938964844,278.1099853515625,0.0,78114600
2019-02-25,250.05300903320312,0.0,279.5199890136719,0.0,281.30999755859375,279.42999267578125,280.7300109863281,0.0,69030700
2019-02-26,249.87405395507812,0.0,279.32000732421875,0.0,280.29998779296875,278.8999938964844,279.1300048828125,0.0,56844100
2019-02-27,249.76669311523438,0.0,279.20001220703125,0.0,279.5899963378906,277.4800109863281,278.5199890136719,0.0,56921600
2019-02-28,249.30154418945312,0.0,278.67999267578125,0.0,279.45001220703125,278.32000732421875,278.9599914550781,0.0,69268300
2019-03-01,250.8580322265625,0.0,280.4200134277344,0.0,280.8800048828125,278.82000732421875,280.44000244140625,0.0,78880500
2019-03-04,249.9456024169922,0.0,279.3999938964844,0.0,281.8699951171875,276.8399963378906,281.6000061035156,0.0,106494600
2019-03-05,249.60562133789062,0.0,279.0199890136719,0.0,279.760009765625,278.4100036621094,279.5400085449219,0.0,59114600
2019-03-06,248.09376525878906,0.0,277.3299865722656,0.0,279.1600036621094,276.9700012207031,279.1499938964844,0.0,75039800
2019-03-07,246.01837158203125,0.0,275.010009765625,0.0,276.989990234375,274.07000732421875,276.8299865722656,0.0,94885100
2019-03-08,245.5263214111328,0.0,274.4599914550781,0.0,274.6499938964844,272.4200134277344,272.94000244140625,0.0,85795800
2019-03-11,249.0867462158203,0.0,278.44000244140625,0.0,278.6199951171875,275.2300109863281,275.260009765625,0.0,65098900
2019-03-12,250.02613830566406,0.0,279.489990234375,0.0,280.07000732421875,278.8500061035156,279.05999755859375,0.0,79667500
2019-03-13,251.6809844970703,0.0,281.3399963378906,0.0,282.3800048828125,280.29998779296875,280.4800109863281,0.0,80639200
2019-03-14,251.52000427246094,0.0,281.1600036621094,0.0,281.8399963378906,280.6700134277344,281.3699951171875,0.0,67518400
2019-03-15,252.76268005371094,0.0,281.30999755859375,1.233,282.2099914550781,280.3299865722656,280.5400085449219,0.0,81309000
2019-03-18,253.67918395996094,0.0,282.3299865722656,0.0,282.6600036621094,281.29998779296875,281.54998779296875,0.0,62199800
2019-03-19,253.7421112060547,0.0,282.3999938964844,0.0,284.3599853515625,281.4100036621094,283.510009765625,0.0,90268100
2019-03-20,252.97830200195312,0.0,281.54998779296875,0.0,283.5,280.32000732421875,282.1600036621094,0.0,84609200
2019-03-21,255.8355712890625,0.0,284.7300109863281,0.0,285.17999267578125,280.5899963378906,280.6400146484375,0.0,79550400
2019-03-22,250.9117431640625,0.0,279.25,0.0,283.79998779296875,279.17999267578125,283.2200012207031,0.0,122659300
2019-03-25,250.72300720214844,0.0,279.0400085449219,0.0,280.19000244140625,277.6400146484375,278.8699951171875,0.0,85575200
2019-03-26,252.5919647216797,0.0,281.1199951171875,0.0,282.17999267578125,279.55999755859375,280.989990234375,0.0,68125900
2019-03-27,251.2711181640625,0.0,279.6499938964844,0.0,281.760009765625,277.92999267578125,281.1099853515625,0.0,72224700
2019-03-28,252.2235565185547,0.0,280.7099914550781,0.0,281.2099914550781,279.07000732421875,280.3500061035156,0.0,56238500
2019-03-29,253.8138885498047,0.0,282.4800109863281,0.0,282.8399963378906,281.1400146484375,282.3900146484375,0.0,82186800
2019-04-01,256.8240661621094,0.0,285.8299865722656,0.0,286.1600036621094,284.3999938964844,284.70001220703125,0.0,77617900
2019-04-02,256.94976806640625,0.0,285.9700012207031,0.0,286.2300109863281,285.0899963378906,286.0400085449219,0.0,40070400
2019-04-03,257.35406494140625,0.0,286.4200134277344,0.0,287.760009765625,285.75,287.32000732421875,0.0,68243200
2019-04-04,258.03704833984375,0.0,287.17999267578125,0.0,287.4599914550781,286.010009765625,286.7799987792969,0.0,48997500
2019-04-05,259.28594970703125,0.0,288.57000732421875,0.0,288.6300048828125,287.6000061035156,287.9200134277344,0.0,58621700
2019-04-08,259.483642578125,0.0,288.7900085449219,0.0,288.9100036621094,287.3699951171875,288.1000061035156,0.0,53566300
2019-04-09,258.15386962890625,0.0,287.30999755859375,0.0,288.0799865722656,286.70001220703125,287.7200012207031,0.0,66142300
2019-04-10,259.03436279296875,0.0,288.2900085449219,0.0,288.3900146484375,287.30999755859375,287.7699890136719,0.0,52601500
2019-04-11,258.96258544921875,0.0,288.2099914550781,0.0,288.8399963378906,287.5799865722656,288.8299865722656,0.0,55093100
2019-04-12,260.7145690917969,0.0,290.1600036621094,0.0,290.4700012207031,288.260009765625,290.0,0.0,69727800
2019-04-15,260.5438537597656,0.0,289.9700012207031,0.0,290.3500061035156,289.0799865722656,290.239990234375,0.0,49596700
2019-04-16,260.7145690917969,0.0,290.1600036621094,0.0,291.010009765625,289.5,290.95001220703125,0.0,52153200
2019-04-17,260.0766906738281,0.0,289.45001220703125,0.0,291.42999267578125,288.989990234375,291.3999938964844,0.0,58268300
2019-04-18,260.5888366699219,0.0,290.0199890136719,0.0,290.32000732421875,288.6600036621094,290.1000061035156,0.0,68708500
2019-04-22,260.8134460449219,0.0,290.2699890136719,0.0,290.44000244140625,289.07000732421875,289.1700134277344,0.0,40160100
2019-04-23,263.1585693359375,0.0,292.8800048828125,0.0,293.1400146484375,290.4200134277344,290.67999267578125,0.0,52246600
2019-04-24,262.57452392578125,0.0,292.2300109863281,0.0,293.1600036621094,292.07000732421875,292.7900085449219,0.0,50392900
2019-04-25,262.412841796875,0.0,292.04998779296875,0.0,292.7799987792969,290.7300109863281,292.1199951171875,0.0,57770900
2019-04-26,263.634765625,0.0,293.4100036621094,0.0,293.489990234375,291.239990234375,292.1000061035156,0.0,50916400
2019-04-29,264.0481262207031,0.0,293.8699951171875,0.0,294.45001220703125,293.4100036621094,293.510009765625,0.0,57197700
2019-04-30,264.18280029296875,0.0,294.0199890136719,0.0,294.3399963378906,291.9200134277344,293.489990234375,0.0,81111700
2019-05-01,262.19720458984375,0.0,291.80999755859375,0.0,294.95001220703125,291.79998779296875,294.7200012207031,0.0,71671900
2019-05-02,261.63104248046875,0.0,291.17999267578125,0.0,292.70001220703125,289.5199890136719,291.67999267578125,0.0,65030200
2019-05-03,264.19183349609375,0.0,294.0299987792969,0.0,294.3399963378906,291.29998779296875,292.82000732421875,0.0,56543700
2019-05-06,263.10467529296875,0.0,292.82000732421875,0.0,293.30999755859375,288.8999938964844,289.25,0.0,107198100
2019-05-07,258.7109375,0.0,287.92999267578125,0.0,290.80999755859375,285.80999755859375,290.1499938964844,0.0,144729900
2019-05-08,258.35150146484375,0.0,287.5299987792969,0.0,289.42999267578125,286.8699951171875,287.5299987792969,0.0,91568300
2019-05-09,257.5697326660156,0.0,286.6600036621094,0.0,287.3299865722656,283.29998779296875,285.2300109863281,0.0,103471100
2019-05-10,258.8636474609375,0.0,288.1000061035156,0.0,288.94000244140625,282.29998779296875,285.6199951171875,0.0,112429300
2019-05-13,252.35838317871094,0.0,280.8599853515625,0.0,283.489990234375,279.92999267578125,282.4200134277344,0.0,127290500
2019-05-14,254.640625,0.0,283.3999938964844,0.0,285.1000061035156,281.8500061035156,281.989990234375,0.0,77003200
2019-05-15,256.1321716308594,0.0,285.05999755859375,0.0,285.7699890136719,281.3599853515625,281.5899963378906,0.0,73956400
2019-05-16,258.5042724609375,0.0,287.70001220703125,0.0,289.2099914550781,285.760009765625,285.8399963378906,0.0,76749600
2019-05-17,256.8329772949219,0.0,285.8399963378906,0.0,288.6000061035156,285.1199951171875,285.1400146484375,0.0,100353000
2019-05-20,255.13479614257812,0.0,283.95001220703125,0.0,285.9599914550781,283.1199951171875,284.05999755859375,0.0,62877600
2019-05-21,257.43499755859375,0.0,286.510009765625,0.0,286.92999267578125,285.54998779296875,285.8299865722656,0.0,46847100
2019-05-22,256.6443176269531,0.0,285.6300048828125,0.0,286.69000244140625,285.1000061035156,285.45001220703125,0.0,49482500
2019-05-23,253.50843811035156,0.0,282.1400146484375,0.0,283.2099914550781,280.57000732421875,283.1600036621094,0.0,98733800
2019-05-24,254.0834503173828,0.0,282.7799987792969,0.0,284.20001220703125,282.0899963378906,283.739990234375,0.0,55268100
2019-05-28,251.7204132080078,0.0,280.1499938964844,0.0,284.1499938964844,280.1300048828125,283.0899963378906,0.0,70029400
2019-05-29,250.03118896484375,0.0,278.2699890136719,0.0,279.3599853515625,276.7099914550781,278.9100036621094,0.0,104972900
2019-05-30,250.7139892578125,0.0,279.0299987792969,0.0,280.0400085449219,277.80999755859375,279.1099853515625,0.0,62523800
2019-05-31,247.3356170654297,0.0,275.2699890136719,0.0,277.1199951171875,275.239990234375,276.20001220703125,0.0,86862800
2019-06-03,246.70668029785156,0.0,274.57000732421875,0.0,276.54998779296875,273.0899963378906,275.30999755859375,0.0,96428000
2019-06-04,252.06179809570312,0.0,280.5299987792969,0.0,280.67999267578125,276.6199951171875,277.1199951171875,0.0,77231900
2019-06-05,254.24526977539062,0.0,282.9599914550781,0.0,282.989990234375,280.32000732421875,282.3299865722656,0.0,71169700
2019-06-06,255.8985137939453,0.0,284.79998779296875,0.0,285.54998779296875,282.57000732421875,283.2900085449219,0.0,69430400
2019-06-07,258.4591979980469,0.0,287.6499938964844,0.0,288.8500061035156,285.739990234375,285.92999267578125,0.0,74272200
2019-06-10,259.6453857421875,0.0,288.9700012207031,0.0,290.82000732421875,288.8699951171875,289.3699951171875,0.0,60799100
2019-06-11,259.58245849609375,0.0,288.8999938964844,0.0,291.3999938964844,288.17999267578125,290.989990234375,0.0,58641300
2019-06-12,259.1242370605469,0.0,288.3900146484375,0.0,289.260009765625,287.82000732421875,288.6400146484375,0.0,47096300
2019-06-13,260.19342041015625,0.0,289.5799865722656,0.0,289.9800109863281,288.6199951171875,289.3999938964844,0.0,48945200
2019-06-14,259.90594482421875,0.0,289.260009765625,0.0,289.92999267578125,288.4100036621094,289.260009765625,0.0,52324700
2019-06-17,260.0047607421875,0.0,289.3699951171875,0.0,290.2200012207031,289.17999267578125,289.5199890136719,0.0,39205700
2019-06-18,262.7272033691406,0.0,292.3999938964844,0.0,293.57000732421875,290.989990234375,291.3900146484375,0.0,85434800
2019-06-19,263.3203125,0.0,293.05999755859375,0.0,293.6499938964844,291.4700012207031,292.54998779296875,0.0,78674400
2019-06-20,265.83612060546875,0.0,295.8599853515625,0.0,296.30999755859375,293.1300048828125,296.0400085449219,0.0,116570000
2019-06-21,265.44976806640625,0.0,294.0,1.432,295.5199890136719,293.760009765625,294.1300048828125,0.0,83309500
2019-06-24,265.12469482421875,0.0,293.6400146484375,0.0,294.5799865722656,293.4700012207031,294.2300109863281,0.0,47582700
2019-06-25,262.52435302734375,0.0,290.760009765625,0.0,293.7300109863281,290.6400146484375,293.70001220703125,0.0,82028700
2019-06-26,262.2625427246094,0.0,290.4700012207031,0.0,292.30999755859375,290.3500061035156,291.75,0.0,51584900
2019-06-27,263.19244384765625,0.0,291.5,0.0,292.05999755859375,290.8900146484375,291.30999755859375,0.0,40355200
2019-06-28,264.546875,0.0,293.0,0.0,293.54998779296875,292.010009765625,292.5799865722656,0.0,59350900
2019-07-01,266.9484558105469,0.0,295.6600036621094,0.0,296.9200134277344,294.3299865722656,296.67999267578125,0.0,78705600
2019-07-02,267.64373779296875,0.0,296.42999267578125,0.0,296.489990234375,294.67999267578125,295.6099853515625,0.0,61504500
2019-07-03,269.7835998535156,0.0,298.79998779296875,0.0,298.82000732421875,297.0199890136719,297.17999267578125,0.0,40898900
2019-07-05,269.47662353515625,0.0,298.4599914550781,0.0,298.6400146484375,296.010009765625,297.44000244140625,0.0,51677300
2019-07-08,267.99591064453125,0.0,296.82000732421875,0.0,298.260009765625,296.2200012207031,297.010009765625,0.0,45841800
2019-07-09,268.3299865722656,0.0,297.19000244140625,0.0,297.5199890136719,295.4800109863281,295.5400085449219,0.0,41101300
2019-07-10,269.6120910644531,0.0,298.6099853515625,0.0,299.6600036621094,297.7799987792969,298.3699951171875,0.0,58448500
2019-07-11,270.24407958984375,0.0,299.30999755859375,0.0,299.5799865722656,298.20001220703125,299.32000732421875,0.0,50826100
2019-07-12,271.4540100097656,0.0,300.6499938964844,0.0,300.7300109863281,299.510009765625,299.8500061035156,0.0,40326000
2019-07-15,271.54425048828125,0.0,300.75,0.0,301.1300048828125,300.19000244140625,301.1300048828125,0.0,33900000
2019-07-16,270.66845703125,0.0,299.7799987792969,0.0,300.8800048828125,299.44000244140625,300.6499938964844,0.0,36650100
2019-07-17,268.8265380859375,0.0,297.739990234375,0.0,299.92999267578125,297.739990234375,299.75,0.0,36036300
2019-07-18,269.8106689453125,0.0,298.8299865722656,0.0,299.25,296.70001220703125,297.19000244140625,0.0,51392600
2019-07-19,268.3118896484375,0.0,297.1700134277344,0.0,300.07000732421875,296.9800109863281,300.0400085449219,0.0,58678600
2019-07-22,268.9709777832031,0.0,297.8999938964844,0.0,298.5,297.0400085449219,297.6099853515625,0.0,43638100
2019-07-23,270.89410400390625,0.0,300.0299987792969,0.0,300.0299987792969,298.2200012207031,299.1400146484375,0.0,44564500
2019-07-24,272.16717529296875,0.0,301.44000244140625,0.0,301.44000244140625,299.0899963378906,299.19000244140625,0.0,47213200
2019-07-25,270.8670654296875,0.0,300.0,0.0,301.0,299.1099853515625,300.94000244140625,0.0,55394100
2019-07-26,272.681884765625,0.0,302.010009765625,0.0,302.2300109863281,300.6199951171875,300.760009765625,0.0,45084100
2019-07-29,272.1852722167969,0.0,301.4599914550781,0.0,302.010009765625,300.8500061035156,301.8800048828125,0.0,38126500
2019-07-30,271.51715087890625,0.0,300.7200012207031,0.0,301.1700134277344,299.489990234375,299.9100036621094,0.0,45849000
2019-07-31,268.54656982421875,0.0,297.42999267578125,0.0,301.20001220703125,295.20001220703125,300.989990234375,0.0,104245200
2019-08-01,266.2081298828125,0.0,294.8399963378906,0.0,300.8699951171875,293.9599914550781,297.6000061035156,0.0,142646600
2019-08-02,264.20367431640625,0.0,292.6199951171875,0.0,294.1199951171875,290.8999938964844,293.8500061035156,0.0,116749700
2019-08-05,256.2583923339844,0.0,283.82000732421875,0.0,288.2099914550781,281.7200012207031,288.0899963378906,0.0,178745400
2019-08-06,259.8518371582031,0.0,287.79998779296875,0.0,288.0400085449219,284.2799987792969,285.9100036621094,0.0,120711700
2019-08-07,260.00537109375,0.0,287.9700012207031,0.0,288.82000732421875,282.0400085449219,284.3999938964844,0.0,140572300
2019-08-08,265.1065979003906,0.0,293.6199951171875,0.0,293.6199951171875,289.010009765625,289.6199951171875,0.0,87713900
2019-08-09,263.3008728027344,0.0,291.6199951171875,0.0,293.239990234375,289.6499938964844,292.5799865722656,0.0,93730000
2019-08-12,260.0956726074219,0.0,288.07000732421875,0.0,291.6099853515625,287.0199890136719,289.9599914550781,0.0,65527600
2019-08-13,264.1405944824219,0.0,292.54998779296875,0.0,294.1499938964844,287.3599853515625,287.739990234375,0.0,94299800
2019-08-14,256.3304138183594,0.0,283.8999938964844,0.0,288.739990234375,283.760009765625,288.07000732421875,0.0,135622100
2019-08-15,257.00762939453125,0.0,284.6499938964844,0.0,285.6400146484375,282.3900146484375,284.8800048828125,0.0,99556600
2019-08-16,260.7998962402344,0.0,288.8500061035156,0.0,289.3299865722656,284.7099914550781,286.4800109863281,0.0,83018300
2019-08-19,263.9418640136719,0.0,292.3299865722656,0.0,293.0799865722656,291.44000244140625,292.19000244140625,0.0,53571800
2019-08-20,261.91949462890625,0.0,290.0899963378906,0.0,292.3599853515625,289.95001220703125,291.7699890136719,0.0,51596400
2019-08-21,264.0503234863281,0.0,292.45001220703125,0.0,292.8599853515625,291.7200012207031,292.4800109863281,0.0,49524700
2019-08-22,263.9689636230469,0.0,292.3599853515625,0.0,293.92999267578125,290.3999938964844,293.2300109863281,0.0,51666400
2019-08-23,257.1882019042969,0.0,284.8500061035156,0.0,292.760009765625,283.4700012207031,290.9200134277344,0.0,149161500
2019-08-26,260.0323181152344,0.0,288.0,0.0,288.0,285.5799865722656,287.2699890136719,0.0,72423800
2019-08-27,259.0120544433594,0.0,286.8699951171875,0.0,289.95001220703125,286.0299987792969,289.5400085449219,0.0,66668900
2019-08-28,260.8359680175781,0.0,288.8900146484375,0.0,289.07000732421875,285.25,286.1400146484375,0.0,59696700
2019-08-29,264.1676330566406,0.0,292.5799865722656,0.0,293.1600036621094,290.6099853515625,291.7200012207031,0.0,57899400
2019-08-30,264.0503234863281,0.0,292.45001220703125,0.0,294.239990234375,291.4200134277344,294.2200012207031,0.0,62901200
2019-09-03,262.5062561035156,0.0,290.739990234375,0.0,291.5799865722656,289.2699890136719,290.57000732421875,0.0,69101400
2019-09-04,265.4858093261719,0.0,294.0400085449219,0.0,294.05999755859375,292.30999755859375,293.1400146484375,0.0,46887300
2019-09-05,268.8987121582031,0.0,297.82000732421875,0.0,298.8299865722656,294.0,296.7900085449219,0.0,83258100
2019-09-06,269.1064758300781,0.0,298.04998779296875,0.0,298.760009765625,297.4200134277344,298.1700134277344,0.0,49584300
2019-09-09,269.24188232421875,0.0,298.20001220703125,0.0,299.239990234375,297.1600036621094,299.1400146484375,0.0,51260300
2019-09-10,269.1786804199219,0.0,298.1300048828125,0.0,298.20001220703125,295.9700012207031,297.3599853515625,0.0,57947100
2019-09-11,271.0928039550781,0.0,300.25,0.0,300.3399963378906,297.75,298.4700012207031,0.0,68821100
2019-09-12,272.0317687988281,0.0,301.2900085449219,0.0,302.4599914550781,300.4100036621094,301.25,0.0,72908700
2019-09-13,271.8512878417969,0.0,301.0899963378906,0.0,302.1700134277344,300.67999267578125,301.7799987792969,0.0,62104800
2019-09-16,271.01153564453125,0.0,300.1600036621094,0.0,301.1400146484375,299.45001220703125,299.8399963378906,0.0,58191200
2019-09-17,271.6977233886719,0.0,300.9200134277344,0.0,301.0199890136719,299.75,299.94000244140625,0.0,41475500
2019-09-18,271.86029052734375,0.0,301.1000061035156,0.0,301.2200012207031,298.239990234375,300.489990234375,0.0,73375800
2019-09-19,271.8421630859375,0.0,301.0799865722656,0.0,302.6300048828125,300.7099914550781,301.5299987792969,0.0,76560500
2019-09-20,270.55792236328125,0.0,298.2799987792969,1.384,300.6700134277344,297.4100036621094,300.3599853515625,0.0,89565000
2019-09-23,270.4942626953125,0.0,298.2099914550781,0.0,299.0,297.2699890136719,297.54998779296875,0.0,43476800
2019-09-24,268.3717956542969,0.0,295.8699951171875,0.0,299.8399963378906,294.80999755859375,299.4100036621094,0.0,94869400
2019-09-25,269.9591369628906,0.0,297.6199951171875,0.0,298.1099853515625,294.3299865722656,295.9599914550781,0.0,71854000
2019-09-26,269.396728515625,0.0,297.0,0.0,297.8599853515625,295.45001220703125,297.6300048828125,0.0,56179700
2019-09-27,267.94537353515625,0.0,295.3999938964844,0.0,297.95001220703125,293.69000244140625,297.8299865722656,0.0,84746600
2019-09-30,269.18817138671875,0.0,296.7699890136719,0.0,297.54998779296875,295.9200134277344,295.9700012207031,0.0,51662400
2019-10-01,265.9862060546875,0.0,293.239990234375,0.0,298.4599914550781,293.0,297.739990234375,0.0,88242400
2019-10-02,261.2876281738281,0.0,288.05999755859375,0.0,291.510009765625,286.6400146484375,291.5,0.0,122539500
2019-10-03,263.4282531738281,0.0,290.4200134277344,0.0,290.45001220703125,284.82000732421875,287.80999755859375,0.0,85278800
2019-10-04,266.9930114746094,0.0,294.3500061035156,0.0,294.6300048828125,291.0799865722656,291.1400146484375,0.0,65091200
2019-10-07,265.8410949707031,0.0,293.0799865722656,0.0,295.260009765625,292.7699890136719,293.4700012207031,0.0,59610500
2019-10-08,261.71392822265625,0.0,288.5299987792969,0.0,291.8500061035156,288.489990234375,291.0400085449219,0.0,95708100
2019-10-09,264.1993103027344,0.0,291.2699890136719,0.0,292.29998779296875,290.05999755859375,290.75,0.0,62359400
2019-10-10,265.9862060546875,0.0,293.239990234375,0.0,294.2099914550781,291.0,291.17999267578125,0.0,55296300
2019-10-11,268.7436828613281,0.0,296.2799987792969,0.0,298.739990234375,296.1400146484375,296.2699890136719,0.0,98720400
2019-10-14,268.4443359375,0.0,295.95001220703125,0.0,296.6700134277344,295.57000732421875,295.92999267578125,0.0,40394800
2019-10-15,271.1020812988281,0.0,298.8800048828125,0.0,299.70001220703125,296.9700012207031,297.1000061035156,0.0,46754500
2019-10-16,270.6667175292969,0.0,298.3999938964844,0.0,299.1600036621094,297.9200134277344,298.3699951171875,0.0,48928200
2019-10-17,271.4648132324219,0.0,299.2799987792969,0.0,300.239990234375,298.5199890136719,299.67999267578125,0.0,45736600
2019-10-18,270.2765808105469,0.0,297.9700012207031,0.0,299.3999938964844,297.0299987792969,298.69000244140625,0.0,64304000
2019-10-21,272.1089172363281,0.0,299.989990234375,0.0,300.2099914550781,298.94000244140625,299.4200134277344,0.0,39048600
2019-10-22,271.2199401855469,0.0,299.010009765625,0.0,300.8999938964844,298.9100036621094,300.5799865722656,0.0,48594700
2019-10-23,272.009033203125,0.0,299.8800048828125,0.0,299.94000244140625,298.5,298.7300109863281,0.0,34352200
2019-10-24,272.45355224609375,0.0,300.3699951171875,0.0,301.07000732421875,299.4599914550781,300.9100036621094,0.0,35453100
2019-10-25,273.56927490234375,0.0,301.6000061035156,0.0,302.20001220703125,299.67999267578125,299.739990234375,0.0,45205400
2019-10-28,275.1112060546875,0.0,303.29998779296875,0.0,303.8500061035156,302.9100036621094,302.94000244140625,0.0,42147000
2019-10-29,275.0296630859375,0.0,303.2099914550781,0.0,304.2300109863281,302.8599853515625,303.0,0.0,44284900
2019-10-30,275.87322998046875,0.0,304.1400146484375,0.0,304.54998779296875,301.989990234375,303.42999267578125,0.0,49643900
2019-10-31,275.138427734375,0.0,303.3299865722656,0.0,304.1300048828125,301.7300109863281,304.1300048828125,0.0,69053800
2019-11-01,277.6873474121094,0.0,306.1400146484375,0.0,306.19000244140625,304.739990234375,304.9200134277344,0.0,71141500
2019-11-04,278.8029479980469,0.0,307.3699951171875,0.0,308.0,306.9599914550781,307.8500061035156,0.0,60606900
2019-11-05,278.4946594238281,0.0,307.0299987792969,0.0,307.9200134277344,306.7099914550781,307.5899963378906,0.0,42933200
2019-11-06,278.5580139160156,0.0,307.1000061035156,0.0,307.3999938964844,306.05999755859375,307.0299987792969,0.0,46487100
2019-11-07,279.53765869140625,0.0,308.17999267578125,0.0,309.6499938964844,307.6600036621094,308.57000732421875,0.0,54272300
2019-11-08,280.22698974609375,0.0,308.94000244140625,0.0,309.0,307.0299987792969,307.79998779296875,0.0,49032100
2019-11-11,279.69189453125,0.0,308.3500061035156,0.0,308.5400085449219,307.2699890136719,307.4200134277344,0.0,35797300
2019-11-12,280.2814025878906,0.0,309.0,0.0,309.989990234375,308.1499938964844,308.75,0.0,46484600
2019-11-13,280.3721618652344,0.0,309.1000061035156,0.0,309.5400085449219,307.6600036621094,307.9100036621094,0.0,53917700
2019-11-14,280.78033447265625,0.0,309.54998779296875,0.0,309.6400146484375,308.0899963378906,308.7900085449219,0.0,51219900
2019-11-15,282.812255859375,0.0,311.7900085449219,0.0,311.8399963378906,310.260009765625,311.0199890136719,0.0,62023600
2019-11-18,283.0207824707031,0.0,312.0199890136719,0.0,312.2799987792969,311.0299987792969,311.5299987792969,0.0,49228000
2019-11-19,282.9390869140625,0.0,311.92999267578125,0.0,312.69000244140625,311.2200012207031,312.67999267578125,0.0,67804700
2019-11-20,281.8869934082031,0.0,310.7699890136719,0.0,311.8500061035156,309.05999755859375,311.2799987792969,0.0,79406200
2019-11-21,281.433349609375,0.0,310.2699890136719,0.0,311.010009765625,309.3900146484375,310.8900146484375,0.0,54664700
2019-11-22,282.05926513671875,0.0,310.9599914550781,0.0,311.239990234375,309.8500061035156,311.0899963378906,0.0,44850200
2019-11-25,284.245361328125,0.0,313.3699951171875,0.0,313.3699951171875,311.9800109863281,311.9800109863281,0.0,48647200
2019-11-26,284.88934326171875,0.0,314.0799865722656,0.0,314.2799987792969,313.05999755859375,313.4100036621094,0.0,37569000
2019-11-27,286.1592102050781,0.0,315.4800109863281,0.0,315.4800109863281,314.3699951171875,314.6099853515625,0.0,44444600
2019-11-29,285.0979309082031,0.0,314.30999755859375,0.0,315.1300048828125,314.05999755859375,314.8599853515625,0.0,36592700
2019-12-02,282.6761169433594,0.0,311.6400146484375,0.0,314.6600036621094,311.1700134277344,314.5899963378906,0.0,75767800
2019-12-03,280.78033447265625,0.0,309.54998779296875,0.0,309.6400146484375,307.1300048828125,308.6499938964844,0.0,73941700
2019-12-04,282.5129089355469,0.0,311.4599914550781,0.0,312.1199951171875,310.32000732421875,310.70001220703125,0.0,49080000
2019-12-05,283.0207824707031,0.0,312.0199890136719,0.0,312.25,310.5799865722656,312.2300109863281,0.0,40709000
2019-12-06,285.6058654785156,0.0,314.8699951171875,0.0,315.30999755859375,314.1099853515625,314.1199951171875,0.0,48927000
2019-12-09,284.7078552246094,0.0,313.8800048828125,0.0,315.17999267578125,313.79998779296875,314.44000244140625,0.0,34838500
2019-12-10,284.3905029296875,0.0,313.5299987792969,0.0,314.54998779296875,312.80999755859375,313.82000732421875,0.0,52649800
2019-12-11,285.19775390625,0.0,314.4200134277344,0.0,314.70001220703125,313.44000244140625,314.0299987792969,0.0,53429100
2019-12-12,287.6558532714844,0.0,317.1300048828125,0.0,317.989990234375,314.1700134277344,314.42999267578125,0.0,96389600
2019-12-13,287.8282470703125,0.0,317.32000732421875,0.0,318.6700134277344,316.0199890136719,316.8699951171875,0.0,81503900
2019-12-16,289.80560302734375,0.0,319.5,0.0,320.1499938964844,317.25,319.2200012207031,0.0,82749700
2019-12-17,289.8690490722656,0.0,319.57000732421875,0.0,320.25,319.4800109863281,319.9200134277344,0.0,61097700
2019-12-18,289.88720703125,0.0,319.5899963378906,0.0,320.25,319.5299987792969,320.0,0.0,48133000
2019-12-19,291.075439453125,0.0,320.8999938964844,0.0,320.9800109863281,319.5199890136719,319.79998779296875,0.0,85310500
2019-12-20,292.3516845703125,0.0,320.7300109863281,1.57,321.9700012207031,319.3900146484375,320.4599914550781,0.0,147142100
2019-12-23,292.7982482910156,0.0,321.2200012207031,0.0,321.6499938964844,321.05999755859375,321.5899963378906,0.0,52990000
2019-12-24,292.80731201171875,0.0,321.2300109863281,0.0,321.5199890136719,320.8999938964844,321.4700012207031,0.0,20270000
2019-12-26,294.3659973144531,0.0,322.94000244140625,0.0,322.95001220703125,321.6400146484375,321.6499938964844,0.0,30911200
2019-12-27,294.2930603027344,0.0,322.8599853515625,0.0,323.79998779296875,322.2799987792969,323.739990234375,0.0,42528800
2019-12-30,292.6706848144531,0.0,321.0799865722656,0.0,323.1000061035156,320.54998779296875,322.95001220703125,0.0,49729100
2019-12-31,293.3816223144531,0.0,321.8599853515625,0.0,322.1300048828125,320.1499938964844,320.5299987792969,0.0,57077300
2020-01-02,296.1253356933594,0.0,324.8699951171875,0.0,324.8900146484375,322.5299987792969,323.5400085449219,0.0,59151200
2020-01-03,293.8829650878906,0.0,322.4100036621094,0.0,323.6400146484375,321.1000061035156,321.1600036621094,0.0,77709700
2020-01-06,295.004150390625,0.0,323.6400146484375,0.0,323.7300109863281,320.3599853515625,320.489990234375,0.0,55653900
2020-01-07,294.1746826171875,0.0,322.7300109863281,0.0,323.5400085449219,322.239990234375,323.0199890136719,0.0,40496400
2020-01-08,295.74249267578125,0.0,324.45001220703125,0.0,325.7799987792969,322.6700134277344,322.94000244140625,0.0,68296000
2020-01-09,297.7478332519531,0.0,326.6499938964844,0.0,326.7300109863281,325.5199890136719,326.1600036621094,0.0,48473300
2020-01-10,296.8909912109375,0.0,325.7099914550781,0.0,327.4599914550781,325.20001220703125,327.2900085449219,0.0,53029300
2020-01-13,298.9327697753906,0.0,327.95001220703125,0.0,327.9599914550781,325.9200134277344,326.3900146484375,0.0,47086800
2020-01-14,298.47698974609375,0.0,327.45001220703125,0.0,328.6199951171875,326.8399963378906,327.4700012207031,0.0,62832800
2020-01-15,299.15155029296875,0.0,328.19000244140625,0.0,329.0199890136719,327.260009765625,327.3500061035156,0.0,72056600
2020-01-16,301.6399841308594,0.0,330.9200134277344,0.0,330.9200134277344,329.45001220703125,329.70001220703125,0.0,54050300
2020-01-17,302.57879638671875,0.0,331.95001220703125,0.0,332.17999267578125,330.8500061035156,331.70001220703125,0.0,95846000
2020-01-21,301.9863586425781,0.0,331.29998779296875,0.0,332.17999267578125,330.82000732421875,330.8999938964844,0.0,77742400
2020-01-22,302.0227966308594,0.0,331.3399963378906,0.0,332.95001220703125,331.1700134277344,332.239990234375,0.0,48914900
2020-01-23,302.369140625,0.0,331.7200012207031,0.0,332.1700134277344,329.4100036621094,330.6300048828125,0.0,51963000
2020-01-24,299.6801452636719,0.0,328.7699890136719,0.0,332.5299987792969,327.3599853515625,332.44000244140625,0.0,87578400
2020-01-27,294.87646484375,0.0,323.5,0.0,325.1199951171875,322.6600036621094,323.0299987792969,0.0,84062500
2020-01-28,297.9665832519531,0.0,326.8900146484375,0.0,327.8500061035156,323.6000061035156,325.05999755859375,0.0,63834000
2020-01-29,297.7204284667969,0.0,326.6199951171875,0.0,328.6300048828125,326.3999938964844,328.3800048828125,0.0,53888900
2020-01-30,298.6866760253906,0.0,327.67999267578125,0.0,327.9100036621094,323.5400085449219,324.3599853515625,0.0,75491800
2020-01-31,293.2632141113281,0.0,321.7300109863281,0.0,327.1700134277344,320.7300109863281,327.0,0.0,113845600
2020-02-03,295.4416198730469,0.0,324.1199951171875,0.0,326.1600036621094,323.2200012207031,323.3500061035156,0.0,69083000
2020-02-04,299.9445495605469,0.0,329.05999755859375,0.0,330.010009765625,327.7200012207031,328.07000732421875,0.0,62573200
2020-02-05,303.4083557128906,0.0,332.8599853515625,0.0,333.0899963378906,330.6700134277344,332.2699890136719,0.0,65951100
2020-02-06,304.42919921875,0.0,333.9800109863281,0.0,334.19000244140625,332.79998779296875,333.9100036621094,0.0,50359700
2020-02-07,302.8067626953125,0.0,332.20001220703125,0.0,333.989990234375,331.6000061035156,332.82000732421875,0.0,64139400
2020-02-10,305.0672607421875,0.0,334.67999267578125,0.0,334.75,331.19000244140625,331.2300109863281,0.0,42070000
2020-02-11,305.595947265625,0.0,335.260009765625,0.0,337.0199890136719,334.67999267578125,336.1600036621094,0.0,54864500
2020-02-12,307.5648193359375,0.0,337.4200134277344,0.0,337.6499938964844,336.42999267578125,336.8299865722656,0.0,43992700
2020-02-13,307.2366943359375,0.0,337.05999755859375,0.0,338.1199951171875,335.55999755859375,335.8599853515625,0.0,54501900
2020-02-14,307.7289123535156,0.0,337.6000061035156,0.0,337.7300109863281,336.20001220703125,337.510009765625,0.0,64582200
2020-02-18,306.9359130859375,0.0,336.7300109863281,0.0,337.6700134277344,335.2099914550781,336.510009765625,0.0,57226200
2020-02-19,308.4034729003906,0.0,338.3399963378906,0.0,339.0799865722656,337.4800109863281,337.7900085449219,0.0,48814700
2020-02-20,307.13641357421875,0.0,336.95001220703125,0.0,338.6400146484375,333.67999267578125,337.739990234375,0.0,74163400
2020-02-21,303.9734802246094,0.0,333.4800109863281,0.0,335.80999755859375,332.5799865722656,335.4700012207031,0.0,113788200
2020-02-24,293.89208984375,0.0,322.4200134277344,0.0,333.55999755859375,321.239990234375,323.1400146484375,0.0,161088400
2020-02-25,284.98651123046875,0.0,312.6499938964844,0.0,324.6099853515625,311.69000244140625,323.94000244140625,0.0,218913200
2020-02-26,283.938232421875,0.0,311.5,0.0,318.1099853515625,310.70001220703125,314.17999267578125,0.0,194773800
2020-02-27,271.1861267089844,0.0,297.510009765625,0.0,311.55999755859375,297.510009765625,305.4599914550781,0.0,284353500
2020-02-28,270.04669189453125,0.0,296.260009765625,0.0,297.8900146484375,285.5400085449219,288.70001220703125,0.0,384975800
2020-03-02,281.741455078125,0.0,309.0899963378906,0.0,309.1600036621094,294.4599914550781,298.2099914550781,0.0,238703600
2020-03-03,273.674560546875,0.0,300.239990234375,0.0,313.8399963378906,297.57000732421875,309.5,0.0,300139100
2020-03-04,285.17791748046875,0.0,312.8599853515625,0.0,313.1000061035156,303.3299865722656,306.1199951171875,0.0,176613400
2020-03-05,275.6980895996094,0.0,302.4599914550781,0.0,308.4700012207031,300.010009765625,304.9800109863281,0.0,186366800
2020-03-06,271.1405334472656,0.0,297.4599914550781,0.0,298.7799987792969,290.2300109863281,293.1499938964844,0.0,228667200
2020-03-09,249.9659881591797,0.0,274.2300109863281,0.0,284.19000244140625,273.45001220703125,275.29998779296875,0.0,309417300
2020-03-10,262.9004211425781,0.0,288.4200134277344,0.0,288.5199890136719,273.5,284.6400146484375,0.0,276444100
2020-03-11,250.08447265625,0.0,274.3599853515625,0.0,281.94000244140625,270.8800048828125,280.70001220703125,0.0,255316300
2020-03-12,226.15707397460938,0.0,248.11000061035156,0.0,266.6600036621094,247.67999267578125,256.0,0.0,392220700
2020-03-13,245.49037170410156,0.0,269.32000732421875,0.0,271.4800109863281,248.52000427246094,263.0899963378906,0.0,329566100
2020-03-16,218.62789916992188,0.0,239.85000610351562,0.0,256.8999938964844,237.36000061035156,241.17999267578125,0.0,297240000
2020-03-17,230.43211364746094,0.0,252.8000030517578,0.0,256.1700134277344,237.07000732421875,245.0399932861328,0.0,262070500
2020-03-18,218.7646026611328,0.0,240.0,0.0,248.3699951171875,228.02000427246094,236.25,0.0,327597100
2020-03-19,219.22950744628906,0.0,240.50999450683594,0.0,247.3800048828125,232.22000122070312,239.25,0.0,289322000
2020-03-20,209.7820281982422,0.0,228.8000030517578,1.406,244.47000122070312,228.5,242.52999877929688,0.0,347158800
2020-03-23,204.41824340820312,0.0,222.9499969482422,0.0,229.67999267578125,218.25999450683594,228.19000244140625,0.0,326025200
2020-03-24,222.939208984375,0.0,243.14999389648438,0.0,244.10000610351562,233.8000030517578,234.4199981689453,0.0,235494500
2020-03-25,226.276611328125,0.0,246.7899932861328,0.0,256.3500061035156,239.75,244.8699951171875,0.0,299430300
2020-03-26,239.48890686035156,0.0,261.20001220703125,0.0,262.79998779296875,249.0500030517578,249.52000427246094,0.0,257632800
2020-03-27,232.3555450439453,0.0,253.4199981689453,0.0,260.80999755859375,251.0500030517578,253.27000427246094,0.0,224341200
2020-03-30,239.90147399902344,0.0,261.6499938964844,0.0,262.42999267578125,253.52999877929688,255.6999969482422,0.0,171369500
2020-03-31,236.3256378173828,0.0,257.75,0.0,263.3299865722656,256.2200012207031,260.55999755859375,0.0,194881100
2020-04-01,225.6898193359375,0.0,246.14999389648438,0.0,257.6600036621094,243.89999389648438,247.97999572753906,0.0,189554600
2020-04-02,230.89772033691406,0.0,251.8300018310547,0.0,252.67999267578125,244.58999633789062,245.19000244140625,0.0,177660400
2020-04-03,227.5602569580078,0.0,248.19000244140625,0.0,253.32000732421875,245.22000122070312,250.75999450683594,0.0,135561200
2020-04-06,242.84469604492188,0.0,264.8599853515625,0.0,267.0,248.1699981689453,257.8399963378906,0.0,188061200
2020-04-07,243.09222412109375,0.0,265.1300048828125,0.0,275.0299987792969,264.8900146484375,274.2099914550781,0.0,201427200
2020-04-08,251.2524871826172,0.0,274.0299987792969,0.0,276.0,265.25,267.9599914550781,0.0,153774500
2020-04-09,255.07589721679688,0.0,278.20001220703125,0.0,281.20001220703125,275.4700012207031,277.5799865722656,0.0,189999200
2020-04-13,252.74700927734375,0.0,275.6600036621094,0.0,277.510009765625,271.4100036621094,277.1400146484375,0.0,114839100
2020-04-14,260.2011413574219,0.0,283.7900085449219,0.0,284.8999938964844,275.510009765625,280.9800109863281,0.0,134143400
2020-04-15,254.67237854003906,0.0,277.760009765625,0.0,283.94000244140625,275.4599914550781,277.57000732421875,0.0,121775000
2020-04-16,255.9010772705078,0.0,279.1000061035156,0.0,280.0299987792969,275.760009765625,279.1499938964844,0.0,131798300
2020-04-17,262.8142395019531,0.0,286.6400146484375,0.0,287.29998779296875,282.3999938964844,285.3800048828125,0.0,146684800
2020-04-20,258.18402099609375,0.0,281.5899963378906,0.0,286.7900085449219,281.3500061035156,282.6099853515625,0.0,100109300
2020-04-21,250.3447723388672,0.0,273.0400085449219,0.0,278.0400085449219,272.0199890136719,276.7300109863281,0.0,126385700
2020-04-22,255.9010772705078,0.0,279.1000061035156,0.0,281.0,276.9100036621094,278.3500061035156,0.0,92951600
2020-04-23,255.88270568847656,0.0,279.0799865722656,0.0,283.94000244140625,278.75,280.489990234375,0.0,104709700
2020-04-24,259.44940185546875,0.0,282.9700012207031,0.0,283.70001220703125,278.5,280.7300109863281,0.0,85063200
2020-04-27,263.1902770996094,0.0,287.04998779296875,0.0,288.2699890136719,284.6199951171875,285.1199951171875,0.0,77896600
2020-04-28,261.97991943359375,0.0,285.7300109863281,0.0,291.3999938964844,285.3999938964844,291.0199890136719,0.0,105270000
2020-04-29,268.8382263183594,0.0,293.2099914550781,0.0,294.8800048828125,290.4100036621094,291.5299987792969,0.0,118745600
2020-04-30,266.33514404296875,0.0,290.4800109863281,0.0,293.32000732421875,288.5899963378906,291.7099914550781,0.0,122901700
2020-05-01,259.28436279296875,0.0,282.7900085449219,0.0,290.6600036621094,281.5199890136719,285.30999755859375,0.0,125180000
2020-05-04,259.99945068359375,0.0,283.57000732421875,0.0,283.8999938964844,279.1300048828125,280.739990234375,0.0,80873200
2020-05-05,262.4017333984375,0.0,286.19000244140625,0.0,289.25,283.7099914550781,286.6400146484375,0.0,79569900
2020-05-06,260.6228942871094,0.0,284.25,0.0,288.4599914550781,283.7799987792969,288.0400085449219,0.0,73632600
2020-05-07,263.7677917480469,0.0,287.67999267578125,0.0,289.7799987792969,287.1300048828125,287.75,0.0,75250400
2020-05-08,268.1322021484375,0.0,292.44000244140625,0.0,292.95001220703125,289.8599853515625,291.0899963378906,0.0,76452400
2020-05-11,268.1871643066406,0.0,292.5,0.0,294.0,289.8800048828125,290.3399963378906,0.0,79514200
2020-05-12,262.8418273925781,0.0,286.6700134277344,0.0,294.239990234375,286.5199890136719,293.7900085449219,0.0,95870800
2020-05-13,258.1932678222656,0.0,281.6000061035156,0.0,287.19000244140625,278.9599914550781,286.05999755859375,0.0,144721100
2020-05-14,261.2831115722656,0.0,284.9700012207031,0.0,285.1099853515625,272.989990234375,278.95001220703125,0.0,121977900
2020-05-15,262.4842224121094,0.0,286.2799987792969,0.0,286.3299865722656,281.3399963378906,282.3699951171875,0.0,111146300
2020-05-18,270.4794006347656,0.0,295.0,0.0,296.75,292.70001220703125,293.04998779296875,0.0,119703800
2020-05-19,267.7012939453125,0.0,291.9700012207031,0.0,296.2099914550781,291.95001220703125,294.3500061035156,0.0,95189300
2020-05-20,272.2489929199219,0.0,296.92999267578125,0.0,297.8699951171875,295.57000732421875,295.82000732421875,0.0,85861700
2020-05-21,270.36944580078125,0.0,294.8800048828125,0.0,297.6700134277344,293.69000244140625,296.7900085449219,0.0,78293900
2020-05-22,270.8828125,0.0,295.44000244140625,0.0,295.6300048828125,293.2200012207031,294.57000732421875,0.0,63958200
2020-05-26,274.2203369140625,0.0,299.0799865722656,0.0,302.19000244140625,295.4599914550781,301.92999267578125,0.0,88951400
2020-05-27,278.3004455566406,0.0,303.5299987792969,0.0,303.57000732421875,296.8699951171875,302.1199951171875,0.0,104817400
2020-05-28,277.7868957519531,0.0,302.9700012207031,0.0,306.8399963378906,302.239990234375,304.6499938964844,0.0,90405200
2020-05-29,279.024658203125,0.0,304.32000732421875,0.0,304.9599914550781,299.4700012207031,302.4599914550781,0.0,119090800
2020-06-01,280.1524658203125,0.0,305.54998779296875,0.0,306.2099914550781,303.05999755859375,303.6199951171875,0.0,55758300
2020-06-02,282.47216796875,0.0,308.0799865722656,0.0,308.1300048828125,305.1000061035156,306.54998779296875,0.0,74267200
2020-06-03,286.23138427734375,0.0,312.17999267578125,0.0,313.2200012207031,309.94000244140625,310.239990234375,0.0,92567600
2020-06-04,285.4795227050781,0.0,311.3599853515625,0.0,313.0,309.0799865722656,311.1099853515625,0.0,75794400
2020-06-05,292.7961730957031,0.0,319.3399963378906,0.0,321.2699890136719,317.1600036621094,317.2300109863281,0.0,150524700
2020-06-08,296.3353271484375,0.0,323.20001220703125,0.0,323.4100036621094,319.6300048828125,320.2200012207031,0.0,73641200
2020-06-09,294.1258239746094,0.0,320.7900085449219,0.0,323.2799987792969,319.3599853515625,320.29998779296875,0.0,77479200
2020-06-10,292.4845275878906,0.0,319.0,0.0,322.3900146484375,318.2200012207031,321.4200134277344,0.0,95000800
2020-06-11,275.6230773925781,0.0,300.6099853515625,0.0,312.1499938964844,300.010009765625,311.4599914550781,0.0,209243600
2020-06-12,278.9238586425781,0.0,304.2099914550781,0.0,309.0799865722656,298.6000061035156,308.239990234375,0.0,194678900
2020-06-15,281.5278015136719,0.0,307.04998779296875,0.0,308.2799987792969,296.739990234375,298.0199890136719,0.0,135782700
2020-06-16,286.9465026855469,0.0,312.9599914550781,0.0,315.6400146484375,307.6700134277344,315.4800109863281,0.0,137627500
2020-06-17,285.754638671875,0.0,311.6600036621094,0.0,314.3900146484375,310.8599853515625,314.07000732421875,0.0,83398900
2020-06-18,285.8646240234375,0.0,311.7799987792969,0.0,312.29998779296875,309.510009765625,310.010009765625,0.0,80828700
2020-06-19,284.23095703125,0.0,308.6400146484375,1.366,314.3800048828125,306.5299987792969,314.1700134277344,0.0,135549600
2020-06-22,286.0542907714844,0.0,310.6199951171875,0.0,311.04998779296875,306.75,307.989990234375,0.0,74649400
2020-06-23,287.3713073730469,0.0,312.04998779296875,0.0,314.5,311.6099853515625,313.489990234375,0.0,68471200
2020-06-24,280.0408935546875,0.0,304.0899963378906,0.0,310.510009765625,302.1000061035156,309.8399963378906,0.0,132813500
2020-06-25,283.0429992675781,0.0,307.3500061035156,0.0,307.6400146484375,301.2799987792969,303.4700012207031,0.0,89468000
2020-06-26,276.3203125,0.0,300.04998779296875,0.0,306.3900146484375,299.4200134277344,306.1600036621094,0.0,127961000
2020-06-29,280.3815612792969,0.0,304.4599914550781,0.0,304.6099853515625,298.92999267578125,301.4100036621094,0.0,79773300
2020-06-30,283.97308349609375,0.0,308.3599853515625,0.0,310.20001220703125,303.82000732421875,303.989990234375,0.0,113394800
2020-07-01,285.9622802734375,0.0,310.5199890136719,0.0,311.8900146484375,309.07000732421875,309.57000732421875,0.0,72396500
2020-07-02,287.5369567871094,0.0,312.2300109863281,0.0,315.70001220703125,311.510009765625,314.239990234375,0.0,69344200
2020-07-06,291.97576904296875,0.0,317.04998779296875,0.0,317.67999267578125,315.55999755859375,316.3699951171875,0.0,61713800
2020-07-07,288.9644775390625,0.0,313.7799987792969,0.0,317.5199890136719,313.3699951171875,315.3800048828125,0.0,82910000
2020-07-08,291.1745910644531,0.0,316.17999267578125,0.0,316.29998779296875,312.70001220703125,314.6099853515625,0.0,54638600
2020-07-09,289.5169677734375,0.0,314.3800048828125,0.0,317.1000061035156,310.67999267578125,316.8399963378906,0.0,83354200
2020-07-10,292.4731750488281,0.0,317.5899963378906,0.0,317.8800048828125,312.760009765625,314.30999755859375,0.0,57550400
2020-07-13,289.9406433105469,0.0,314.8399963378906,0.0,322.7099914550781,314.1300048828125,320.1300048828125,0.0,102997500
2020-07-14,293.697998046875,0.0,318.9200134277344,0.0,319.760009765625,312.0,313.29998779296875,0.0,93657000
2020-07-15,296.396240234375,0.0,321.8500061035156,0.0,323.0400085449219,319.2699890136719,322.4100036621094,0.0,87196500
2020-07-16,295.420166015625,0.0,320.7900085449219,0.0,321.2799987792969,319.0899963378906,319.7900085449219,0.0,54622500
2020-07-17,296.2765197753906,0.0,321.7200012207031,0.0,322.57000732421875,319.739990234375,321.8800048828125,0.0,62774900
2020-07-20,298.6709289550781,0.0,324.32000732421875,0.0,325.1300048828125,320.6199951171875,321.42999267578125,0.0,56308800
2020-07-21,299.30633544921875,0.0,325.010009765625,0.0,326.92999267578125,323.94000244140625,326.45001220703125,0.0,57292200
2020-07-22,301.00994873046875,0.0,326.8599853515625,0.0,327.20001220703125,324.5,324.6199951171875,0.0,57792900
2020-07-23,297.41845703125,0.0,322.9599914550781,0.0,327.2300109863281,321.4800109863281,326.4700012207031,0.0,75738000
2020-07-24,295.5029602050781,0.0,320.8800048828125,0.0,321.989990234375,319.25,320.95001220703125,0.0,73766600
2020-07-27,297.65789794921875,0.0,323.2200012207031,0.0,323.4100036621094,320.7699890136719,321.6300048828125,0.0,48293000
2020-07-28,295.76995849609375,0.0,321.1700134277344,0.0,323.6400146484375,320.8500061035156,322.42999267578125,0.0,57495000
2020-07-29,299.4075927734375,0.0,325.1199951171875,0.0,325.7300109863281,322.0799865722656,322.1199951171875,0.0,48454200
2020-07-30,298.33929443359375,0.0,323.9599914550781,0.0,324.4100036621094,319.6400146484375,321.8999938964844,0.0,61861700
2020-07-31,300.6968994140625,0.0,326.5199890136719,0.0,326.6300048828125,321.3299865722656,325.8999938964844,0.0,84986800
2020-08-03,302.78741455078125,0.0,328.7900085449219,0.0,329.6199951171875,327.7300109863281,328.32000732421875,0.0,53077900
2020-08-04,303.9569396972656,0.0,330.05999755859375,0.0,330.05999755859375,327.8599853515625,327.8599853515625,0.0,41917900
2020-08-05,305.8447265625,0.0,332.1099853515625,0.0,332.3900146484375,331.17999267578125,331.4700012207031,0.0,42697700
2020-08-06,307.88922119140625,0.0,334.3299865722656,0.0,334.4599914550781,331.1300048828125,331.4800109863281,0.0,43679400
2020-08-07,308.11029052734375,0.0,334.57000732421875,0.0,334.8800048828125,332.29998779296875,333.2799987792969,0.0,57308300
2020-08-10,309.0312194824219,0.0,335.57000732421875,0.0,335.7699890136719,332.9599914550781,335.05999755859375,0.0,44282100
2020-08-11,306.4802551269531,0.0,332.79998779296875,0.0,337.5400085449219,332.010009765625,336.8500061035156,0.0,69601100
2020-08-12,310.7532653808594,0.0,337.44000244140625,0.0,338.2799987792969,335.4100036621094,335.44000244140625,0.0,53774400
2020-08-13,310.1914978027344,0.0,336.8299865722656,0.0,338.25,335.8299865722656,336.6099853515625,0.0,41816100
2020-08-14,310.2007141113281,0.0,336.8399963378906,0.0,337.4200134277344,335.6199951171875,336.4100036621094,0.0,47260400
2020-08-17,311.18609619140625,0.0,337.9100036621094,0.0,338.3399963378906,336.8500061035156,337.94000244140625,0.0,35481000
2020-08-18,311.8583984375,0.0,338.6400146484375,0.0,339.1000061035156,336.6099853515625,338.3399963378906,0.0,38733900
2020-08-19,310.5598449707031,0.0,337.2300109863281,0.0,339.6099853515625,336.6199951171875,339.04998779296875,0.0,68054200
2020-08-20,311.52685546875,0.0,338.2799987792969,0.0,338.79998779296875,335.2200012207031,335.3599853515625,0.0,42207800
2020-08-21,312.6319274902344,0.0,339.4800109863281,0.0,339.7200012207031,337.54998779296875,337.9200134277344,0.0,55106600
2020-08-24,315.79986572265625,0.0,342.9200134277344,0.0,343.0,339.45001220703125,342.1199951171875,0.0,48588700
2020-08-25,316.9049072265625,0.0,344.1199951171875,0.0,344.2099914550781,342.2699890136719,343.5299987792969,0.0,38463400
2020-08-26,320.0821838378906,0.0,347.57000732421875,0.0,347.8599853515625,344.1700134277344,344.760009765625,0.0,50790200
2020-08-27,320.7820129394531,0.0,348.3299865722656,0.0,349.8999938964844,346.5299987792969,348.510009765625,0.0,58034100
2020-08-28,322.8541259765625,0.0,350.5799865722656,0.0,350.7200012207031,348.1499938964844,349.44000244140625,0.0,48588900
2020-08-31,321.6845397949219,0.0,349.30999755859375,0.0,351.29998779296875,349.05999755859375,350.3500061035156,0.0,66099200
2020-09-01,324.7143859863281,0.0,352.6000061035156,0.0,352.7099914550781,349.239990234375,350.2099914550781,0.0,54908700
2020-09-02,329.4110107421875,0.0,357.70001220703125,0.0,358.75,353.42999267578125,354.6700134277344,0.0,69540000
2020-09-03,318.074462890625,0.0,345.3900146484375,0.0,356.3800048828125,342.5899963378906,355.8699951171875,0.0,148011100
2020-09-04,315.4775390625,0.0,342.57000732421875,0.0,347.8299865722656,334.8699951171875,346.1300048828125,0.0,139156300
2020-09-08,306.8578186035156,0.0,333.2099914550781,0.0,342.6400146484375,332.8800048828125,336.7099914550781,0.0,114465300
2020-09-09,312.9174499511719,0.0,339.7900085449219,0.0,342.4599914550781,336.6099853515625,337.54998779296875,0.0,91462300
2020-09-10,307.4840393066406,0.0,333.8900146484375,0.0,342.5299987792969,332.8500061035156,341.82000732421875,0.0,90569500
2020-09-11,307.640625,0.0,334.05999755859375,0.0,336.9700012207031,331.0,335.82000732421875,0.0,84680200
2020-09-14,311.69256591796875,0.0,338.4599914550781,0.0,340.3800048828125,334.2200012207031,337.489990234375,0.0,65605700
2020-09-15,313.26739501953125,0.0,340.1700134277344,0.0,342.0199890136719,338.4700012207031,341.1199951171875,0.0,52920900
2020-09-16,312.02423095703125,0.0,338.82000732421875,0.0,343.05999755859375,338.5199890136719,341.510009765625,0.0,82096000
2020-09-17,309.2798156738281,0.0,335.8399963378906,0.0,337.70001220703125,332.989990234375,333.55999755859375,0.0,91523300
2020-09-18,305.71917724609375,0.0,330.6499938964844,1.339,335.489990234375,327.9700012207031,335.3699951171875,0.0,105877900
2020-09-21,302.3166198730469,0.0,326.9700012207031,0.0,327.1300048828125,321.7300109863281,325.70001220703125,0.0,99450800
2020-09-22,305.3955078125,0.0,330.29998779296875,0.0,330.8999938964844,325.8599853515625,328.57000732421875,0.0,63612100
2020-09-23,298.3131408691406,0.0,322.6400146484375,0.0,331.20001220703125,322.1000061035156,330.8999938964844,0.0,93112200
2020-09-24,299.1082763671875,0.0,323.5,0.0,326.79998779296875,319.79998779296875,321.2200012207031,0.0,76681300
2020-09-25,303.9440612792969,0.0,328.7300109863281,0.0,329.5799865722656,321.6400146484375,322.5799865722656,0.0,71069400
2020-09-28,308.9922180175781,0.0,334.19000244140625,0.0,334.9599914550781,332.1499938964844,333.2200012207031,0.0,64584600
2020-09-29,307.3094787597656,0.0,332.3699951171875,0.0,334.7699890136719,331.6199951171875,333.9700012207031,0.0,51304000
2020-09-30,309.6395263671875,0.0,334.8900146484375,0.0,338.2900085449219,332.8800048828125,333.0899963378906,0.0,104081100
2020-10-01,311.62738037109375,0.0,337.0400085449219,0.0,338.739990234375,335.010009765625,337.69000244140625,0.0,88698700
2020-10-02,308.66864013671875,0.0,333.8399963378906,0.0,337.010009765625,331.19000244140625,331.70001220703125,0.0,89431100
2020-10-05,314.14227294921875,0.0,339.760009765625,0.0,339.9599914550781,336.010009765625,336.05999755859375,0.0,45713100
2020-10-06,309.6764831542969,0.0,334.92999267578125,0.0,342.1700134277344,334.3800048828125,339.9100036621094,0.0,90128900
2020-10-07,315.0668640136719,0.0,340.760009765625,0.0,341.6300048828125,338.0899963378906,338.1199951171875,0.0,56999600
2020-10-08,317.85919189453125,0.0,343.7799987792969,0.0,343.8500061035156,341.8599853515625,342.8500061035156,0.0,45242500
2020-10-09,320.6977233886719,0.0,346.8500061035156,0.0,347.3500061035156,344.8900146484375,345.55999755859375,0.0,59528600
2020-10-12,325.8569641113281,0.0,352.42999267578125,0.0,354.0199890136719,349.05999755859375,349.5899963378906,0.0,80388500
2020-10-13,323.7303771972656,0.0,350.1300048828125,0.0,352.4700012207031,349.0899963378906,352.2799987792969,0.0,73255500
2020-10-14,321.6962585449219,0.0,347.92999267578125,0.0,351.92999267578125,347.1400146484375,350.75,0.0,57727900
2020-10-15,321.29876708984375,0.0,347.5,0.0,348.0199890136719,343.1300048828125,343.7099914550781,0.0,60357700
2020-10-16,321.10455322265625,0.0,347.2900085449219,0.0,350.75,347.1000061035156,348.9599914550781,0.0,89501900
2020-10-19,316.22265625,0.0,342.010009765625,0.0,349.3299865722656,341.0400085449219,348.6499938964844,0.0,68425600
2020-10-20,317.4893493652344,0.0,343.3800048828125,0.0,346.8800048828125,342.6400146484375,343.4599914550781,0.0,60051900
2020-10-21,316.8883972167969,0.0,342.7300109863281,0.0,345.6700134277344,342.3999938964844,343.3299865722656,0.0,63575000
2020-10-22,318.6265563964844,0.0,344.6099853515625,0.0,345.239990234375,340.6499938964844,342.9599914550781,0.0,55399300
2020-10-23,319.7083435058594,0.0,345.7799987792969,0.0,345.989990234375,343.1300048828125,345.92999267578125,0.0,49143900
2020-10-26,313.80023193359375,0.0,339.3900146484375,0.0,342.9800109863281,335.6199951171875,342.1300048828125,0.0,91473000
2020-10-27,312.7183532714844,0.0,338.2200012207031,0.0,340.1199951171875,337.989990234375,339.760009765625,0.0,65994100
2020-10-28,302.0299987792969,0.0,326.6600036621094,0.0,338.25,326.1300048828125,332.1000061035156,0.0,127094300
2020-10-29,305.0997314453125,0.0,329.9800109863281,0.0,333.3999938964844,325.0899963378906,326.9100036621094,0.0,90597700
2020-10-30,301.9190673828125,0.0,326.5400085449219,0.0,329.69000244140625,322.6000061035156,328.2799987792969,0.0,120287300
2020-11-02,305.3031311035156,0.0,330.20001220703125,0.0,332.3599853515625,327.239990234375,330.20001220703125,0.0,86068300
2020-11-03,310.6935119628906,0.0,336.0299987792969,0.0,338.25,330.2900085449219,333.69000244140625,0.0,93294200
2020-11-04,317.63726806640625,0.0,343.5400085449219,0.0,347.94000244140625,339.5899963378906,340.8599853515625,0.0,126959700
2020-11-05,323.83203125,0.0,350.239990234375,0.0,352.19000244140625,348.8599853515625,349.239990234375,0.0,82039700
2020-11-06,323.7580871582031,0.0,350.1600036621094,0.0,351.510009765625,347.6499938964844,349.92999267578125,0.0,74973000
2020-11-09,327.82635498046875,0.0,354.55999755859375,0.0,364.3800048828125,354.05999755859375,363.9700012207031,0.0,172304200
2020-11-10,327.3455810546875,0.0,354.0400085449219,0.0,355.17999267578125,350.510009765625,353.489990234375,0.0,85552000
2020-11-11,329.77728271484375,0.0,356.6700134277344,0.0,357.55999755859375,355.05999755859375,356.3999938964844,0.0,58649000
2020-11-12,326.5781555175781,0.0,353.2099914550781,0.0,356.7200012207031,351.260009765625,355.5799865722656,0.0,67546200
2020-11-13,331.09942626953125,0.0,358.1000061035156,0.0,358.8999938964844,354.7099914550781,355.2699890136719,0.0,62892200
2020-11-16,335.2323913574219,0.0,362.57000732421875,0.0,362.7799987792969,359.5899963378906,360.9800109863281,0.0,74541100
2020-11-17,333.42938232421875,0.0,360.6199951171875,0.0,361.9200134277344,358.3399963378906,359.9700012207031,0.0,66111000
2020-11-18,329.41668701171875,0.0,356.2799987792969,0.0,361.5,356.239990234375,360.9100036621094,0.0,70591300
2020-11-19,330.8035583496094,0.0,357.7799987792969,0.0,358.17999267578125,354.1499938964844,355.6000061035156,0.0,59940900
2020-11-20,328.5382995605469,0.0,355.3299865722656,0.0,357.7200012207031,355.25,357.5,0.0,70417300
2020-11-23,330.5076904296875,0.0,357.4599914550781,0.0,358.82000732421875,354.8699951171875,357.2799987792969,0.0,63230600
2020-11-24,335.8333435058594,0.0,363.2200012207031,0.0,363.80999755859375,359.2900085449219,360.2099914550781,0.0,62415900
2020-11-25,335.315673828125,0.0,362.6600036621094,0.0,363.1600036621094,361.4800109863281,363.1300048828125,0.0,45330900
2020-11-27,336.2495422363281,0.0,363.6700134277344,0.0,364.17999267578125,362.5799865722656,363.8399963378906,0.0,28514100
2020-11-30,334.7608947753906,0.0,362.05999755859375,0.0,363.1199951171875,359.1700134277344,362.8299865722656,0.0,83872700
2020-12-01,338.4222412109375,0.0,366.0199890136719,0.0,367.67999267578125,364.92999267578125,365.57000732421875,0.0,74231400
2020-12-02,339.1341857910156,0.0,366.7900085449219,0.0,366.9599914550781,364.20001220703125,364.82000732421875,0.0,45927000
2020-12-03,339.0417785644531,0.0,366.69000244140625,0.0,368.19000244140625,365.5,366.67999267578125,0.0,62882000
2020-12-04,341.96356201171875,0.0,369.8500061035156,0.0,369.8500061035156,367.2200012207031,367.32000732421875,0.0,50749900
2020-12-07,341.26080322265625,0.0,369.0899963378906,0.0,369.6199951171875,367.7200012207031,369.0199890136719,0.0,48944300
2020-12-08,342.2593688964844,0.0,370.1700134277344,0.0,370.7799987792969,367.6700134277344,367.7200012207031,0.0,42458900
2020-12-09,339.1896667480469,0.0,366.8500061035156,0.0,371.04998779296875,365.95001220703125,370.8800048828125,0.0,74098300
2020-12-10,339.0787353515625,0.0,366.7300109863281,0.0,367.8599853515625,364.42999267578125,365.3699951171875,0.0,57735400
2020-12-11,338.6811828613281,0.0,366.29998779296875,0.0,366.739990234375,363.260009765625,364.8999938964844,0.0,57698600
2020-12-14,337.1648254394531,0.0,364.6600036621094,0.0,369.79998779296875,364.4700012207031,368.6400146484375,0.0,69216200
2020-12-15,341.72314453125,0.0,369.5899963378906,0.0,369.5899963378906,365.9200134277344,367.3999938964844,0.0,63865300
2020-12-16,342.2593688964844,0.0,370.1700134277344,0.0,371.1600036621094,368.8699951171875,369.82000732421875,0.0,58420500
2020-12-17,344.17327880859375,0.0,372.239990234375,0.0,372.4599914550781,371.04998779296875,371.94000244140625,0.0,64119500
2020-12-18,342.7990417480469,0.0,369.17999267578125,1.58,371.1499938964844,367.0199890136719,370.9700012207031,0.0,136542300
2020-12-21,341.57342529296875,0.0,367.8599853515625,0.0,378.4599914550781,362.0299987792969,364.9700012207031,0.0,96386700
2020-12-22,340.9976501464844,0.0,367.239990234375,0.0,368.3299865722656,366.0299987792969,368.2099914550781,0.0,47949000
2020-12-23,341.3040771484375,0.0,367.57000732421875,0.0,369.6199951171875,367.2200012207031,368.2799987792969,0.0,46201400
2020-12-24,342.63189697265625,0.0,369.0,0.0,369.0299987792969,367.45001220703125,368.0799865722656,0.0,26457900
2020-12-28,345.575439453125,0.0,372.1700134277344,0.0,372.5899963378906,371.07000732421875,371.739990234375,0.0,39000400
2020-12-29,344.9160461425781,0.0,371.4599914550781,0.0,374.0,370.8299865722656,373.80999755859375,0.0,53680500
2020-12-30,345.4082336425781,0.0,371.989990234375,0.0,373.1000061035156,371.57000732421875,372.3399963378906,0.0,49455300
2020-12-31,347.1632080078125,0.0,373.8800048828125,0.0,374.6600036621094,371.2300109863281,371.7799987792969,0.0,78520700
2021-01-04,342.4368896484375,0.0,368.7900085449219,0.0,375.45001220703125,364.82000732421875,375.30999755859375,0.0,110210800
2021-01-05,344.79534912109375,0.0,371.3299865722656,0.0,372.5,368.04998779296875,368.1000061035156,0.0,66426200
2021-01-06,346.856689453125,0.0,373.54998779296875,0.0,376.9800109863281,369.1199951171875,369.7099914550781,0.0,107997700
2021-01-07,352.0101623535156,0.0,379.1000061035156,0.0,379.8999938964844,375.9100036621094,376.1000061035156,0.0,68766800
2021-01-08,354.01580810546875,0.0,381.260009765625,0.0,381.489990234375,377.1000061035156,380.5899963378906,0.0,71677200
2021-01-11,351.6295166015625,0.0,378.69000244140625,0.0,380.5799865722656,377.7200012207031,377.8500061035156,0.0,51034700
2021-01-12,351.7037658691406,0.0,378.7699890136719,0.0,379.8599853515625,376.3599853515625,378.8900146484375,0.0,52547700
2021-01-13,352.6509094238281,0.0,379.7900085449219,0.0,380.8599853515625,377.8500061035156,378.69000244140625,0.0,45303600
2021-01-14,351.4158630371094,0.0,378.4599914550781,0.0,381.1300048828125,378.1000061035156,380.5899963378906,0.0,49989100
2021-01-15,348.8531188964844,0.0,375.70001220703125,0.0,377.5799865722656,373.70001220703125,376.7200012207031,0.0,107160000
2021-01-19,351.59234619140625,0.0,378.6499938964844,0.0,379.2300109863281,376.75,378.3399963378906,0.0,51233300
2021-01-20,356.45794677734375,0.0,383.8900146484375,0.0,384.7900085449219,380.69000244140625,381.1099853515625,0.0,61836100
2021-01-21,356.7828674316406,0.0,384.239990234375,0.0,384.95001220703125,383.25,384.489990234375,0.0,47840100
2021-01-22,355.5201110839844,0.0,382.8800048828125,0.0,384.1300048828125,381.8399963378906,382.25,0.0,52860500
2021-01-25,356.922119140625,0.0,384.3900146484375,0.0,384.7699890136719,378.4599914550781,383.6700134277344,0.0,70402000
2021-01-26,356.3650207519531,0.0,383.7900085449219,0.0,385.8500061035156,383.5400085449219,385.4100036621094,0.0,42665300
2021-01-27,347.6553039550781,0.0,374.4100036621094,0.0,380.32000732421875,372.010009765625,380.2200012207031,0.0,123351100
2021-01-28,350.6452331542969,0.0,377.6300048828125,0.0,381.92999267578125,375.8900146484375,376.3599853515625,0.0,94198100
2021-01-29,343.6254577636719,0.0,370.07000732421875,0.0,376.6700134277344,368.2699890136719,375.6300048828125,0.0,126765100
2021-02-01,349.3452453613281,0.0,376.2300109863281,0.0,377.3399963378906,370.3800048828125,373.7200012207031,0.0,75817600
2021-02-02,354.28509521484375,0.0,381.54998779296875,0.0,383.2200012207031,376.32000732421875,379.6499938964844,0.0,64450700
2021-02-03,354.563720703125,0.0,381.8500061035156,0.0,383.70001220703125,380.4800109863281,382.44000244140625,0.0,52427100
2021-02-04,358.5935363769531,0.0,386.19000244140625,0.0,386.239990234375,381.9700012207031,382.9599914550781,0.0,47142600
2021-02-05,360.00494384765625,0.0,387.7099914550781,0.0,388.4700012207031,386.1400146484375,388.20001220703125,0.0,48669800
2021-02-08,362.6048583984375,0.0,390.510009765625,0.0,390.55999755859375,388.3500061035156,389.2699890136719,0.0,38365200
2021-02-09,362.3634338378906,0.0,390.25,0.0,390.8900146484375,389.1700134277344,389.6099853515625,0.0,35551100
2021-02-10,362.20562744140625,0.0,390.0799865722656,0.0,392.2799987792969,387.5,392.1199951171875,0.0,59154400
2021-02-11,362.7906188964844,0.0,390.7099914550781,0.0,391.69000244140625,388.1000061035156,391.239990234375,0.0,42913300
2021-02-12,364.5826721191406,0.0,392.6400146484375,0.0,392.8999938964844,389.7699890136719,389.8500061035156,0.0,50593300
2021-02-16,364.26690673828125,0.0,392.29998779296875,0.0,394.1700134277344,391.5299987792969,393.9599914550781,0.0,50972400
2021-02-17,364.35052490234375,0.0,392.3900146484375,0.0,392.6600036621094,389.3299865722656,390.4200134277344,0.0,52290600
2021-02-18,362.7998352050781,0.0,390.7200012207031,0.0,391.5199890136719,387.739990234375,389.5899963378906,0.0,59712800
2021-02-19,362.15911865234375,0.0,390.0299987792969,0.0,392.3800048828125,389.54998779296875,392.07000732421875,0.0,83241000
2021-02-22,359.3735046386719,0.0,387.0299987792969,0.0,389.6199951171875,386.739990234375,387.05999755859375,0.0,67414200
2021-02-23,359.8099670410156,0.0,387.5,0.0,388.95001220703125,380.20001220703125,384.6600036621094,0.0,107284100
2021-02-24,363.7748107910156,0.0,391.7699890136719,0.0,392.2300109863281,385.2699890136719,386.3299865722656,0.0,72433900
2021-02-25,355.00933837890625,0.0,382.3299865722656,0.0,391.8800048828125,380.7799987792969,390.4100036621094,0.0,146670500
2021-02-26,353.1801452636719,0.0,380.3599853515625,0.0,385.5799865722656,378.2300109863281,384.3500061035156,0.0,152701600
2021-03-01,361.7413330078125,0.0,389.5799865722656,0.0,390.9200134277344,380.57000732421875,385.5899963378906,0.0,105348800
2021-03-02,358.9186096191406,0.0,386.5400085449219,0.0,390.07000732421875,386.0,389.82000732421875,0.0,79595300
2021-03-03,354.1644287109375,0.0,381.4200134277344,0.0,386.8299865722656,381.30999755859375,385.7900085449219,0.0,119940200
2021-03-04,349.78167724609375,0.0,376.70001220703125,0.0,384.0,371.8800048828125,381.2200012207031,0.0,183433000
2021-03-05,356.2164611816406,0.0,383.6300048828125,0.0,384.760009765625,372.6400146484375,380.4599914550781,0.0,152039600
2021-03-08,354.4430236816406,0.0,381.7200012207031,0.0,387.67999267578125,381.4200134277344,384.6600036621094,0.0,123149200
2021-03-09,359.5035400390625,0.0,387.1700134277344,0.0,389.9100036621094,385.30999755859375,385.8500061035156,0.0,113633600
2021-03-10,361.7413330078125,0.0,389.5799865722656,0.0,391.3999938964844,388.1700134277344,389.69000244140625,0.0,109899400
2021-03-11,365.4090576171875,0.0,393.5299987792969,0.0,395.6499938964844,391.739990234375,392.2300109863281,0.0,86245000
2021-03-12,365.90118408203125,0.0,394.05999755859375,0.0,394.2099914550781,391.20001220703125,392.07000732421875,0.0,64653600
2021-03-15,368.083251953125,0.0,396.4100036621094,0.0,396.69000244140625,392.0299987792969,394.3299865722656,0.0,73427200
2021-03-16,367.6189880371094,0.0,395.9100036621094,0.0,397.8299865722656,395.0799865722656,397.07000732421875,0.0,73722500
2021-03-17,368.8725280761719,0.0,397.260009765625,0.0,398.1199951171875,393.29998779296875,394.5299987792969,0.0,97959300
2021-03-18,363.5054931640625,0.0,391.4800109863281,0.0,396.7200012207031,390.75,394.4800109863281,0.0,115349100
2021-03-19,362.83294677734375,0.0,389.4800109863281,1.278,391.57000732421875,387.1499938964844,389.8800048828125,0.0,113624500
2021-03-22,365.7301940917969,0.0,392.5899963378906,0.0,394.07000732421875,389.9700012207031,390.0299987792969,0.0,73778600
2021-03-23,362.8515625,0.0,389.5,0.0,393.4599914550781,388.6600036621094,391.9100036621094,0.0,90686600
2021-03-24,361.0070495605469,0.0,387.5199890136719,0.0,392.75,387.4700012207031,391.0,0.0,97588600
2021-03-25,363.03790283203125,0.0,389.70001220703125,0.0,390.54998779296875,383.8999938964844,385.9800109863281,0.0,116128600
2021-03-26,368.8882141113281,0.0,395.9800109863281,0.0,396.4100036621094,390.2900085449219,390.92999267578125,0.0,114409100
2021-03-29,368.7019348144531,0.0,395.7799987792969,0.0,396.75,392.80999755859375,394.3999938964844,0.0,108107600
2021-03-30,367.7237854003906,0.0,394.7300109863281,0.0,395.45001220703125,393.0199890136719,394.4200134277344,0.0,76262200
2021-03-31,369.2142333984375,0.0,396.3299865722656,0.0,398.0,395.30999755859375,395.3399963378906,0.0,112734200
2021-04-01,373.2014465332031,0.0,400.6099853515625,0.0,400.6700134277344,398.17999267578125,398.3999938964844,0.0,99682900
2021-04-05,378.55804443359375,0.0,406.3599853515625,0.0,406.94000244140625,403.3800048828125,403.4599914550781,0.0,91684800
2021-04-06,378.3345642089844,0.0,406.1199951171875,0.0,407.239990234375,405.3999938964844,405.760009765625,0.0,62021000
2021-04-07,378.7723083496094,0.0,406.5899963378906,0.0,406.9599914550781,405.45001220703125,405.94000244140625,0.0,55836300
2021-04-08,380.5702819824219,0.0,408.5199890136719,0.0,408.5799865722656,406.92999267578125,407.92999267578125,0.0,57863100
2021-04-09,383.3370056152344,0.0,411.489990234375,0.0,411.6700134277344,408.260009765625,408.3900146484375,0.0,61104600
2021-04-12,383.4768371582031,0.0,411.6400146484375,0.0,411.92999267578125,410.20001220703125,410.8500061035156,0.0,56704900
2021-04-13,384.61334228515625,0.0,412.8599853515625,0.0,413.5299987792969,411.1199951171875,411.5299987792969,0.0,56551000
2021-04-14,383.2998352050781,0.0,411.45001220703125,0.0,413.9599914550781,410.8699951171875,412.8299865722656,0.0,61659900
2021-04-15,387.4174499511719,0.0,415.8699951171875,0.0,416.1600036621094,413.69000244140625,413.739990234375,0.0,60229800
2021-04-16,388.71240234375,0.0,417.260009765625,0.0,417.9100036621094,415.7300109863281,417.25,0.0,82037300
2021-04-19,386.8026123046875,0.0,415.2099914550781,0.0,416.739990234375,413.7900085449219,416.260009765625,0.0,78498500
2021-04-20,383.9706115722656,0.0,412.1700134277344,0.0,415.0899963378906,410.5899963378906,413.9100036621094,0.0,81851800
2021-04-21,387.603759765625,0.0,416.07000732421875,0.0,416.2900085449219,411.3599853515625,411.510009765625,0.0,66793000
2021-04-22,384.0637512207031,0.0,412.2699890136719,0.0,416.7799987792969,411.1300048828125,415.8900146484375,0.0,97582800
2021-04-23,388.2278137207031,0.0,416.739990234375,0.0,418.25,412.7900085449219,412.8699951171875,0.0,73209200
2021-04-26,389.03839111328125,0.0,417.6099853515625,0.0,418.2200012207031,416.80999755859375,417.44000244140625,0.0,52182400
2021-04-27,388.95452880859375,0.0,417.5199890136719,0.0,418.1400146484375,416.29998779296875,417.92999267578125,0.0,51303100
2021-04-28,388.8426818847656,0.0,417.3999938964844,0.0,419.010009765625,416.8999938964844,417.80999755859375,0.0,51238900
2021-04-29,391.32080078125,0.0,420.05999755859375,0.0,420.7200012207031,416.44000244140625,420.32000732421875,0.0,78544300
2021-04-30,388.7496337890625,0.0,417.29998779296875,0.0,418.5400085449219,416.3399963378906,417.6300048828125,0.0,85527000
2021-05-03,389.58795166015625,0.0,418.20001220703125,0.0,419.8399963378906,417.6700134277344,419.42999267578125,0.0,68128300
2021-05-04,387.1845397949219,0.0,415.6199951171875,0.0,416.6000061035156,411.6700134277344,416.07000732421875,0.0,101591200
2021-05-05,387.3055725097656,0.0,415.75,0.0,417.6300048828125,415.1499938964844,417.3800048828125,0.0,60162200
2021-05-06,390.3985290527344,0.0,419.07000732421875,0.0,419.2099914550781,413.67999267578125,415.8299865722656,0.0,74321400
2021-05-07,393.2398376464844,0.0,422.1199951171875,0.0,422.82000732421875,419.1600036621094,419.8900146484375,0.0,67733800
2021-05-10,389.3458251953125,0.0,417.94000244140625,0.0,422.739990234375,417.80999755859375,422.5,0.0,81852400
2021-05-11,385.8709716796875,0.0,414.2099914550781,0.0,415.2699890136719,410.05999755859375,413.1000061035156,0.0,116888000
2021-05-12,377.6730651855469,0.0,405.4100036621094,0.0,412.5899963378906,404.0,411.2300109863281,0.0,134811000
2021-05-13,382.2098388671875,0.0,410.2799987792969,0.0,412.3500061035156,407.0199890136719,407.07000732421875,0.0,106394000
2021-05-14,388.0788269042969,0.0,416.5799865722656,0.0,417.489990234375,413.17999267578125,413.2099914550781,0.0,82201600
2021-05-17,387.09130859375,0.0,415.5199890136719,0.0,416.3900146484375,413.3599853515625,415.3900146484375,0.0,65129200
2021-05-18,383.7562561035156,0.0,411.94000244140625,0.0,416.05999755859375,411.7699890136719,415.79998779296875,0.0,59810200
2021-05-19,382.7501525878906,0.0,410.8599853515625,0.0,411.04998779296875,405.3299865722656,406.9200134277344,0.0,106467100
2021-05-20,386.8677978515625,0.0,415.2799987792969,0.0,416.6300048828125,411.6700134277344,411.79998779296875,0.0,78022200
2021-05-21,386.551025390625,0.0,414.94000244140625,0.0,418.20001220703125,414.45001220703125,416.8699951171875,0.0,76578700
2021-05-24,390.4916687011719,0.0,419.1700134277344,0.0,420.32000732421875,417.0799865722656,417.3399963378906,0.0,51376700
2021-05-25,389.625244140625,0.0,418.239990234375,0.0,420.7099914550781,417.6199951171875,420.3299865722656,0.0,57451400
2021-05-26,390.3985290527344,0.0,419.07000732421875,0.0,419.6099853515625,417.760009765625,418.8699951171875,0.0,43088600
2021-05-27,390.6034240722656,0.0,419.2900085449219,0.0,420.7200012207031,418.989990234375,420.1700134277344,0.0,56707700
2021-05-28,391.3021545410156,0.0,420.0400085449219,0.0,421.25,419.7900085449219,420.9700012207031,0.0,58520200
2021-06-01,390.9574279785156,0.0,419.6700134277344,0.0,422.7200012207031,419.20001220703125,422.57000732421875,0.0,54216600
2021-06-02,391.572265625,0.0,420.3299865722656,0.0,421.2300109863281,419.2900085449219,420.3699951171875,0.0,49097100
2021-06-03,390.1190185546875,0.0,418.7699890136719,0.0,419.989990234375,416.2799987792969,417.8500061035156,0.0,58138800
2021-06-04,393.6869812011719,0.0,422.6000061035156,0.0,422.9200134277344,418.8399963378906,420.75,0.0,55938800
2021-06-07,393.3050537109375,0.0,422.19000244140625,0.0,422.7799987792969,421.19000244140625,422.5899963378906,0.0,51555000
2021-06-08,393.3888244628906,0.0,422.2799987792969,0.0,423.2099914550781,420.32000732421875,423.1099853515625,0.0,47134300
2021-06-09,392.802001953125,0.0,421.6499938964844,0.0,423.260009765625,421.4100036621094,423.17999267578125,0.0,48436300
2021-06-10,394.6278991699219,0.0,423.6099853515625,0.0,424.6300048828125,421.54998779296875,422.9599914550781,0.0,51020100
2021-06-11,395.280029296875,0.0,424.30999755859375,0.0,424.42999267578125,422.82000732421875,424.20001220703125,0.0,45570800
2021-06-14,396.1650390625,0.0,425.260009765625,0.0,425.3699951171875,423.1000061035156,424.42999267578125,0.0,42358500
2021-06-15,395.4383544921875,0.0,424.4800109863281,0.0,425.4599914550781,423.5400085449219,425.4200134277344,0.0,51508500
2021-06-16,393.23046875,0.0,422.1099853515625,0.0,424.8699951171875,419.9200134277344,424.6300048828125,0.0,80386100
2021-06-17,393.10009765625,0.0,421.9700012207031,0.0,423.0199890136719,419.32000732421875,421.6700134277344,0.0,90949700
2021-06-18,387.79693603515625,0.0,414.9200134277344,1.376,417.8299865722656,414.70001220703125,417.0899963378906,0.0,118676300
2021-06-21,393.34869384765625,0.0,420.8599853515625,0.0,421.05999755859375,415.92999267578125,416.79998779296875,0.0,72822000
2021-06-22,395.4515380859375,0.0,423.1099853515625,0.0,424.0,420.0799865722656,420.8500061035156,0.0,57700300
2021-06-23,394.9749755859375,0.0,422.6000061035156,0.0,424.04998779296875,422.510009765625,423.19000244140625,0.0,49445400
2021-06-24,397.3115539550781,0.0,425.1000061035156,0.0,425.54998779296875,424.6199951171875,424.8900146484375,0.0,45110300
2021-06-25,398.7228088378906,0.0,426.6099853515625,0.0,427.0899963378906,425.54998779296875,425.8999938964844,0.0,58129500
2021-06-28,399.52655029296875,0.0,427.4700012207031,0.0,427.6499938964844,425.8900146484375,427.1700134277344,0.0,53159600
2021-06-29,399.74151611328125,0.0,427.70001220703125,0.0,428.55999755859375,427.1300048828125,427.8800048828125,0.0,35970500
2021-06-30,400.0780029296875,0.0,428.05999755859375,0.0,428.7799987792969,427.17999267578125,427.2099914550781,0.0,64827900
2021-07-01,402.2931213378906,0.0,430.42999267578125,0.0,430.6000061035156,428.79998779296875,428.8699951171875,0.0,53441000
2021-07-02,405.3680419921875,0.0,433.7200012207031,0.0,434.1000061035156,430.5199890136719,431.6700134277344,0.0,57697700
2021-07-06,404.629638671875,0.0,432.92999267578125,0.0,434.010009765625,430.010009765625,433.7799987792969,0.0,68710400
2021-07-07,406.0596923828125,0.0,434.4599914550781,0.0,434.760009765625,431.510009765625,433.6600036621094,0.0,63549500
2021-07-08,402.7511291503906,0.0,430.9200134277344,0.0,431.7300109863281,427.5199890136719,428.7799987792969,0.0,97595200
2021-07-09,407.0503234863281,0.0,435.5199890136719,0.0,435.8399963378906,430.7099914550781,432.5299987792969,0.0,76238600
2021-07-12,408.5083923339844,0.0,437.0799865722656,0.0,437.3500061035156,434.9700012207031,435.42999267578125,0.0,52889600
2021-07-13,407.1158142089844,0.0,435.5899963378906,0.0,437.8399963378906,435.30999755859375,436.239990234375,0.0,52911300
2021-07-14,407.72332763671875,0.0,436.239990234375,0.0,437.9200134277344,434.9100036621094,437.3999938964844,0.0,64130400
2021-07-15,406.3307189941406,0.0,434.75,0.0,435.5299987792969,432.7200012207031,434.80999755859375,0.0,55126400
2021-07-16,403.1435852050781,0.0,431.3399963378906,0.0,436.05999755859375,430.9200134277344,436.010009765625,0.0,75874700
2021-07-19,397.19000244140625,0.0,424.9700012207031,0.0,431.4100036621094,421.9700012207031,426.19000244140625,0.0,147987000
2021-07-20,402.8819580078125,0.0,431.05999755859375,0.0,432.4200134277344,424.8299865722656,425.67999267578125,0.0,99608200
2021-07-21,406.1437683105469,0.0,434.54998779296875,0.0,434.70001220703125,431.010009765625,432.3399963378906,0.0,64724400
2021-07-22,406.9942626953125,0.0,435.4599914550781,0.0,435.7200012207031,433.69000244140625,434.739990234375,0.0,47878500
2021-07-23,411.18145751953125,0.0,439.94000244140625,0.0,440.29998779296875,436.7900085449219,437.5199890136719,0.0,63766600
2021-07-26,412.1908264160156,0.0,441.0199890136719,0.0,441.0299987792969,439.260009765625,439.30999755859375,0.0,43719200
2021-07-27,410.312255859375,0.0,439.010009765625,0.0,439.94000244140625,435.989990234375,439.9100036621094,0.0,67397100
2021-07-28,410.14404296875,0.0,438.8299865722656,0.0,440.29998779296875,437.30999755859375,439.67999267578125,0.0,52472400
2021-07-29,411.8450012207031,0.0,440.6499938964844,0.0,441.79998779296875,439.80999755859375,439.82000732421875,0.0,47435300
2021-07-30,409.8449401855469,0.0,438.510009765625,0.0,440.05999755859375,437.7699890136719,437.9100036621094,0.0,68951200
2021-08-02,408.9849853515625,0.0,437.5899963378906,0.0,440.92999267578125,437.2099914550781,440.3399963378906,0.0,58783300
2021-08-03,412.3123779296875,0.0,441.1499938964844,0.0,441.2799987792969,436.1000061035156,438.44000244140625,0.0,58053900
2021-08-04,410.2842102050781,0.0,438.9800109863281,0.0,441.1199951171875,438.7300109863281,439.7799987792969,0.0,46732200
2021-08-05,412.8825378417969,0.0,441.760009765625,0.0,441.8500061035156,439.8800048828125,440.2200012207031,0.0,38969700
2021-08-06,413.5647888183594,0.0,442.489990234375,0.0,442.94000244140625,441.79998779296875,442.1000061035156,0.0,46930000
2021-08-09,413.22833251953125,0.0,442.1300048828125,0.0,442.79998779296875,441.30999755859375,442.4599914550781,0.0,41222600
2021-08-10,413.7423095703125,0.0,442.67999267578125,0.0,443.44000244140625,441.8800048828125,442.6099853515625,0.0,43339300
2021-08-11,414.7704772949219,0.0,443.7799987792969,0.0,443.8800048828125,442.6199951171875,443.82000732421875,0.0,44034300
2021-08-12,416.01348876953125,0.0,445.1099853515625,0.0,445.260009765625,442.6600036621094,443.6199951171875,0.0,38909400
2021-08-13,416.7704772949219,0.0,445.9200134277344,0.0,445.94000244140625,445.07000732421875,445.5899963378906,0.0,39470300
2021-08-16,417.7519226074219,0.0,446.9700012207031,0.0,447.1099853515625,442.8699951171875,444.5299987792969,0.0,73740000
2021-08-17,415.0133972167969,0.0,444.0400085449219,0.0,444.9599914550781,440.8500061035156,444.239990234375,0.0,92673900
2021-08-18,410.4711608886719,0.0,439.17999267578125,0.0,444.6300048828125,438.9200134277344,442.9599914550781,0.0,89351900
2021-08-19,411.1065979003906,0.0,439.8599853515625,0.0,441.1400146484375,436.1199951171875,436.2699890136719,0.0,92812200
2021-08-20,414.3778381347656,0.0,443.3599853515625,0.0,443.7099914550781,439.7099914550781,440.2300109863281,0.0,72008700
2021-08-23,418.0229797363281,0.0,447.260009765625,0.0,448.2300109863281,443.44000244140625,445.1600036621094,0.0,54973000
2021-08-24,418.6865234375,0.0,447.9700012207031,0.0,448.5400085449219,447.4200134277344,447.9700012207031,0.0,38744700
2021-08-25,419.5650634765625,0.0,448.9100036621094,0.0,449.4599914550781,447.7699890136719,448.1700134277344,0.0,40529700
2021-08-26,417.0883483886719,0.0,446.260009765625,0.0,448.8599853515625,446.1600036621094,448.6099853515625,0.0,57829600
2021-08-27,420.8174743652344,0.0,450.25,0.0,450.6499938964844,447.05999755859375,447.1199951171875,0.0,77235100
2021-08-30,422.6680908203125,0.0,452.2300109863281,0.0,453.07000732421875,450.7099914550781,450.9700012207031,0.0,48357400
2021-08-31,422.04180908203125,0.0,451.55999755859375,0.0,452.489990234375,450.9200134277344,452.1300048828125,0.0,59300200
2021-09-01,422.2662048339844,0.0,451.79998779296875,0.0,453.1099853515625,451.54998779296875,452.55999755859375,0.0,48721400
2021-09-02,423.56536865234375,0.0,453.19000244140625,0.0,454.04998779296875,451.9100036621094,453.32000732421875,0.0,42501000
2021-09-03,423.46246337890625,0.0,453.0799865722656,0.0,453.6300048828125,451.54998779296875,451.9800109863281,0.0,47170500
2021-09-07,421.9483947753906,0.0,451.4599914550781,0.0,452.80999755859375,450.739990234375,452.7099914550781,0.0,51671500
2021-09-08,421.4342956542969,0.0,450.9100036621094,0.0,451.6700134277344,448.8599853515625,450.8900146484375,0.0,56181900
2021-09-09,419.6304931640625,0.0,448.9800109863281,0.0,452.57000732421875,448.7200012207031,450.70001220703125,0.0,57970400
2021-09-10,416.3218994140625,0.0,445.44000244140625,0.0,451.489990234375,445.30999755859375,451.0400085449219,0.0,89948200
2021-09-13,417.387451171875,0.0,446.5799865722656,0.0,448.9200134277344,444.1099853515625,448.6400146484375,0.0,83738600
2021-09-14,415.1349792480469,0.0,444.1700134277344,0.0,448.3399963378906,443.2200012207031,448.1199951171875,0.0,78197100
2021-09-15,418.6024169921875,0.0,447.8800048828125,0.0,448.4100036621094,443.44000244140625,444.6199951171875,0.0,78792200
2021-09-16,417.93896484375,0.0,447.1700134277344,0.0,448.3599853515625,444.0199890136719,447.32000732421875,0.0,77786700
2021-09-17,413.86767578125,0.0,441.3999938964844,1.428,445.3699951171875,441.0199890136719,444.9200134277344,0.0,118425000
2021-09-20,406.9667663574219,0.0,434.0400085449219,0.0,436.55999755859375,428.8599853515625,434.8800048828125,0.0,166445500
2021-09-21,406.58233642578125,0.0,433.6300048828125,0.0,437.9100036621094,433.07000732421875,436.5299987792969,0.0,92526100
2021-09-22,410.5484313964844,0.0,437.8599853515625,0.0,440.0299987792969,433.75,436.04998779296875,0.0,102350100
2021-09-23,415.5365905761719,0.0,443.17999267578125,0.0,444.8900146484375,439.6000061035156,439.8500061035156,0.0,76396000
2021-09-24,416.2210693359375,0.0,443.9100036621094,0.0,444.6700134277344,441.2099914550781,441.44000244140625,0.0,62094800
2021-09-27,415.03033447265625,0.0,442.6400146484375,0.0,444.04998779296875,441.8999938964844,442.80999755859375,0.0,61371100
2021-09-28,406.6667175292969,0.0,433.7200012207031,0.0,440.0400085449219,432.94000244140625,439.69000244140625,0.0,130436300
2021-09-29,407.3512268066406,0.0,434.45001220703125,0.0,437.0400085449219,433.8500061035156,435.19000244140625,0.0,82329200
2021-09-30,402.3724060058594,0.0,429.1400146484375,0.0,436.7699890136719,428.7799987792969,436.0199890136719,0.0,140506000
2021-10-01,407.15423583984375,0.0,434.239990234375,0.0,436.0299987792969,427.2300109863281,430.9800109863281,0.0,129240100
2021-10-04,401.9035949707031,0.0,428.6400146484375,0.0,433.9599914550781,426.3599853515625,433.0,0.0,128570000
2021-10-05,406.0854187011719,0.0,433.1000061035156,0.0,435.489990234375,429.3900146484375,430.239990234375,0.0,90682500
2021-10-06,407.7730407714844,0.0,434.8999938964844,0.0,435.1199951171875,427.5400085449219,429.2699890136719,0.0,113032200
2021-10-07,411.2986145019531,0.0,438.6600036621094,0.0,441.67999267578125,438.20001220703125,438.3900146484375,0.0,72437500
2021-10-08,410.5484313964844,0.0,437.8599853515625,0.0,439.8900146484375,437.19000244140625,439.4800109863281,0.0,74557400
2021-10-11,407.5762634277344,0.0,434.69000244140625,0.0,440.260009765625,434.6199951171875,437.1600036621094,0.0,65233300
2021-10-12,406.572998046875,0.0,433.6199951171875,0.0,436.1000061035156,432.7799987792969,435.6700134277344,0.0,71181200
2021-10-13,408.0356750488281,0.0,435.17999267578125,0.0,436.04998779296875,431.5400085449219,434.7099914550781,0.0,72974000
2021-10-14,414.89910888671875,0.0,442.5,0.0,442.6600036621094,438.5799865722656,439.0799865722656,0.0,70236800
2021-10-15,418.05889892578125,0.0,445.8699951171875,0.0,446.260009765625,444.0899963378906,444.75,0.0,66260200
2021-10-18,419.2965087890625,0.0,447.19000244140625,0.0,447.54998779296875,443.2699890136719,443.9700012207031,0.0,62213200
2021-10-19,422.5312805175781,0.0,450.6400146484375,0.0,450.7099914550781,448.2699890136719,448.9200134277344,0.0,46996800
2021-10-20,424.19097900390625,0.0,452.4100036621094,0.0,452.7300109863281,451.010009765625,451.1300048828125,0.0,49571600
2021-10-21,425.2972412109375,0.0,453.5899963378906,0.0,453.8299865722656,451.30999755859375,451.7699890136719,0.0,41305400
2021-10-22,424.856689453125,0.0,453.1199951171875,0.0,454.6700134277344,451.04998779296875,453.1300048828125,0.0,58845100
2021-10-25,427.1350402832031,0.0,455.54998779296875,0.0,455.8999938964844,452.3900146484375,454.2799987792969,0.0,45214500
2021-10-26,427.51947021484375,0.0,455.9599914550781,0.0,458.489990234375,455.55999755859375,457.20001220703125,0.0,56075100
2021-10-27,425.6253967285156,0.0,453.94000244140625,0.0,457.1600036621094,453.8599853515625,456.45001220703125,0.0,72438000
2021-10-28,429.7323303222656,0.0,458.32000732421875,0.0,458.3999938964844,455.45001220703125,455.4599914550781,0.0,51437900
2021-10-29,430.6042785644531,0.0,459.25,0.0,459.55999755859375,455.55999755859375,455.8699951171875,0.0,70162400
2021-11-01,431.34503173828125,0.0,460.0400085449219,0.0,460.70001220703125,458.20001220703125,460.29998779296875,0.0,48433600
2021-11-02,433.0889587402344,0.0,461.8999938964844,0.0,462.2300109863281,460.0799865722656,460.2200012207031,0.0,48908400
2021-11-03,435.7331237792969,0.0,464.7200012207031,0.0,465.1499938964844,460.8299865722656,461.29998779296875,0.0,52509800
2021-11-04,437.7864685058594,0.0,466.9100036621094,0.0,467.0,464.989990234375,465.3599853515625,0.0,52847100
2021-11-05,439.3053894042969,0.0,468.5299987792969,0.0,470.6499938964844,466.9200134277344,469.2799987792969,0.0,66390600
2021-11-08,439.68048095703125,0.0,468.92999267578125,0.0,470.2300109863281,468.20001220703125,469.70001220703125,0.0,50405200
2021-11-09,438.2271728515625,0.0,467.3800048828125,0.0,469.57000732421875,465.8800048828125,469.32000732421875,0.0,51149100
2021-11-10,434.70172119140625,0.0,463.6199951171875,0.0,467.3800048828125,462.0400085449219,465.5799865722656,0.0,69429700
2021-11-11,434.84228515625,0.0,463.7699890136719,0.0,465.2900085449219,463.75,465.2099914550781,0.0,34848500
2021-11-12,438.12396240234375,0.0,467.2699890136719,0.0,467.8599853515625,464.1099853515625,465.1199951171875,0.0,53466700
2021-11-15,438.2740173339844,0.0,467.42999267578125,0.0,468.80999755859375,466.2300109863281,468.6400146484375,0.0,46980500
2021-11-16,440.0086975097656,0.0,469.2799987792969,0.0,470.489990234375,467.07000732421875,467.1499938964844,0.0,48857500
2021-11-17,438.9397888183594,0.0,468.1400146484375,0.0,469.19000244140625,467.4800109863281,469.0,0.0,47858300
2021-11-18,440.4305725097656,0.0,469.7300109863281,0.0,470.010009765625,466.3399963378906,469.239990234375,0.0,50625600
2021-11-19,439.6429748535156,0.0,468.8900146484375,0.0,470.94000244140625,468.5,469.6099853515625,0.0,57315600
2021-11-22,438.4053039550781,0.0,467.57000732421875,0.0,473.5400085449219,467.3500061035156,470.8900146484375,0.0,72762000
2021-11-23,438.9866638183594,0.0,468.19000244140625,0.0,469.1000061035156,464.45001220703125,467.2200012207031,0.0,73206500
2021-11-24,440.15869140625,0.0,469.44000244140625,0.0,469.57000732421875,465.19000244140625,466.05999755859375,0.0,61858800
2021-11-26,430.3417053222656,0.0,458.9700012207031,0.0,463.8999938964844,457.7699890136719,462.3399963378906,0.0,112669600
2021-11-29,435.6205749511719,0.0,464.6000061035156,0.0,466.55999755859375,461.7300109863281,464.07000732421875,0.0,86268800
2021-11-30,427.14447021484375,0.0,455.55999755859375,0.0,464.0299987792969,455.29998779296875,462.0,0.0,148559600
2021-12-01,422.4000244140625,0.0,450.5,0.0,464.6700134277344,450.2900085449219,461.6400146484375,0.0,131939200
2021-12-02,428.86962890625,0.0,457.3999938964844,0.0,459.07000732421875,450.30999755859375,450.7300109863281,0.0,127637800
2021-12-03,425.137939453125,0.0,453.4200134277344,0.0,460.29998779296875,448.9200134277344,459.1700134277344,0.0,137331600
2021-12-06,430.1729736328125,0.0,458.7900085449219,0.0,460.7900085449219,453.55999755859375,456.1300048828125,0.0,98977500
2021-12-07,439.071044921875,0.0,468.2799987792969,0.0,468.8800048828125,458.6499938964844,464.4100036621094,0.0,95484700
2021-12-08,440.2336730957031,0.0,469.5199890136719,0.0,470.0,466.8299865722656,468.70001220703125,0.0,72238800
2021-12-09,437.261474609375,0.0,466.3500061035156,0.0,469.6300048828125,466.1400146484375,468.1499938964844,0.0,61272600
2021-12-10,441.3775939941406,0.0,470.739990234375,0.0,470.8999938964844,466.510009765625,469.2300109863281,0.0,77159800
2021-12-13,437.46771240234375,0.0,466.57000732421875,0.0,470.55999755859375,466.2699890136719,470.19000244140625,0.0,87724700
2021-12-14,434.4578552246094,0.0,463.3599853515625,0.0,465.739990234375,460.25,463.0899963378906,0.0,97264100
2021-12-15,441.246337890625,0.0,470.6000061035156,0.0,470.8599853515625,460.739990234375,463.4200134277344,0.0,116899300
2021-12-16,437.3551940917969,0.0,466.45001220703125,0.0,472.8699951171875,464.79998779296875,472.57000732421875,0.0,116568600
2021-12-17,432.70050048828125,0.0,459.8699951171875,1.633,464.739990234375,458.05999755859375,461.54998779296875,0.0,135511600
2021-12-20,428.0993347167969,0.0,454.9800109863281,0.0,455.3999938964844,451.1400146484375,454.4800109863281,0.0,107134800
2021-12-21,435.70196533203125,0.0,463.05999755859375,0.0,463.2099914550781,456.30999755859375,458.6099853515625,0.0,69806300
2021-12-22,440.05841064453125,0.0,467.69000244140625,0.0,467.80999755859375,462.5799865722656,462.7900085449219,0.0,58890200
2021-12-23,442.7965393066406,0.0,470.6000061035156,0.0,472.19000244140625,468.6400146484375,468.75,0.0,56439700
2021-12-27,449.0630187988281,0.0,477.260009765625,0.0,477.30999755859375,472.010009765625,472.05999755859375,0.0,56808600
2021-12-28,448.6960754394531,0.0,476.8699951171875,0.0,478.80999755859375,476.05999755859375,477.7200012207031,0.0,47274600
2021-12-29,449.2700500488281,0.0,477.4800109863281,0.0,478.55999755859375,475.9200134277344,476.9800109863281,0.0,54503000
2021-12-30,448.0279235839844,0.0,476.1600036621094,0.0,479.0,475.6700134277344,477.92999267578125,0.0,55329000
2021-12-31,446.89892578125,0.0,474.9599914550781,0.0,476.8599853515625,474.6700134277344,475.6400146484375,0.0,65237400
2022-01-03,449.4864501953125,0.0,477.7099914550781,0.0,477.8500061035156,473.8500061035156,476.29998779296875,0.0,72668200
2022-01-04,449.3359069824219,0.0,477.54998779296875,0.0,479.9800109863281,475.5799865722656,479.2200012207031,0.0,71178700
2022-01-05,440.7076721191406,0.0,468.3800048828125,0.0,477.9800109863281,468.2799987792969,477.1600036621094,0.0,104538900
2022-01-06,440.2936706542969,0.0,467.94000244140625,0.0,470.82000732421875,465.42999267578125,467.8900146484375,0.0,86858900
2022-01-07,438.5529479980469,0.0,466.0899963378906,0.0,469.20001220703125,464.6499938964844,467.95001220703125,0.0,85111600
2022-01-10,438.0072937011719,0.0,465.510009765625,0.0,465.739990234375,456.6000061035156,462.70001220703125,0.0,119362000
2022-01-11,441.99676513671875,0.0,469.75,0.0,469.8500061035156,462.04998779296875,465.2300109863281,0.0,74303100
2022-01-12,443.1917419433594,0.0,471.0199890136719,0.0,473.20001220703125,468.94000244140625,471.5899963378906,0.0,67605400
2022-01-13,437.085205078125,0.0,464.5299987792969,0.0,472.8800048828125,463.44000244140625,472.19000244140625,0.0,91173100
2022-01-14,437.2638854980469,0.0,464.7200012207031,0.0,465.0899963378906,459.8999938964844,461.19000244140625,0.0,95890900
2022-01-18,429.5201110839844,0.0,456.489990234375,0.0,459.9599914550781,455.30999755859375,459.739990234375,0.0,109709100
2022-01-19,425.06024169921875,0.0,451.75,0.0,459.6099853515625,451.4599914550781,458.1300048828125,0.0,109357600
2022-01-20,420.3555603027344,0.0,446.75,0.0,458.739990234375,444.5,453.75,0.0,122379700
2022-01-21,412.103759765625,0.0,437.9800109863281,0.0,448.05999755859375,437.95001220703125,445.55999755859375,0.0,202271200
2022-01-24,413.8538513183594,0.0,439.8399963378906,0.0,440.3800048828125,420.760009765625,432.0299987792969,0.0,251783900
2022-01-25,408.8011779785156,0.0,434.4700012207031,0.0,439.7200012207031,427.1499938964844,433.05999755859375,0.0,167997300
2022-01-26,407.7755432128906,0.0,433.3800048828125,0.0,444.0400085449219,428.8599853515625,440.7200012207031,0.0,186391100
2022-01-27,405.7618408203125,0.0,431.239990234375,0.0,441.5899963378906,429.45001220703125,438.260009765625,0.0,149878300
2022-01-28,415.8392639160156,0.0,441.95001220703125,0.0,442.0,427.82000732421875,432.67999267578125,0.0,164457400
2022-01-31,423.3288879394531,0.0,449.9100036621094,0.0,450.2799987792969,439.80999755859375,441.239990234375,0.0,152251400
2022-02-01,426.1893310546875,0.0,452.95001220703125,0.0,453.6300048828125,446.94000244140625,450.67999267578125,0.0,123155400
2022-02-02,430.3293762207031,0.0,457.3500061035156,0.0,458.1199951171875,453.04998779296875,455.5,0.0,117361000
2022-02-03,420.2144775390625,0.0,446.6000061035156,0.0,452.9700012207031,445.7099914550781,450.95001220703125,0.0,118024400
2022-02-04,422.1903991699219,0.0,448.70001220703125,0.0,452.7799987792969,443.8299865722656,446.3500061035156,0.0,118454400
2022-02-07,420.83551025390625,0.0,447.260009765625,0.0,450.989990234375,445.8500061035156,449.510009765625,0.0,84472900
2022-02-08,424.2980651855469,0.0,450.94000244140625,0.0,451.9200134277344,445.2200012207031,446.7300109863281,0.0,81012000
2022-02-09,430.5081787109375,0.0,457.5400085449219,0.0,457.8800048828125,455.010009765625,455.2200012207031,0.0,92589900
2022-02-10,422.77374267578125,0.0,449.32000732421875,0.0,457.7099914550781,447.20001220703125,451.3399963378906,0.0,140103700
2022-02-11,414.437255859375,0.0,440.4599914550781,0.0,451.6099853515625,438.94000244140625,449.4100036621094,0.0,153214600
2022-02-14,413.0823059082031,0.0,439.0199890136719,0.0,441.6000061035156,435.3399963378906,439.9200134277344,0.0,123006300
2022-02-15,419.7440185546875,0.0,446.1000061035156,0.0,446.2799987792969,443.17999267578125,443.7300109863281,0.0,88482700
2022-02-16,420.2144775390625,0.0,446.6000061035156,0.0,448.05999755859375,441.94000244140625,443.92999267578125,0.0,84863600
2022-02-17,411.2380676269531,0.0,437.05999755859375,0.0,446.57000732421875,436.4200134277344,443.2200012207031,0.0,102259100
2022-02-18,408.5753173828125,0.0,434.2300109863281,0.0,438.6600036621094,431.82000732421875,437.3299865722656,0.0,132642900
2022-02-22,404.1905822753906,0.0,429.57000732421875,0.0,435.5,425.8599853515625,431.8900146484375,0.0,124391800
2022-02-23,397.02081298828125,0.0,421.95001220703125,0.0,433.260009765625,421.3500061035156,432.6600036621094,0.0,132578000
2022-02-24,402.9956359863281,0.0,428.29998779296875,0.0,428.760009765625,410.6400146484375,411.0199890136719,0.0,213942900
2022-02-25,411.8873596191406,0.0,437.75,0.0,437.8399963378906,427.8599853515625,429.6099853515625,0.0,121804500
2022-02-28,410.83349609375,0.0,436.6300048828125,0.0,438.20001220703125,430.70001220703125,432.0299987792969,0.0,145615000
2022-03-01,404.5764465332031,0.0,429.9800109863281,0.0,437.1700134277344,427.1099853515625,435.0400085449219,0.0,137785900
2022-03-02,412.01904296875,0.0,437.8900146484375,0.0,439.7200012207031,431.57000732421875,432.3699951171875,0.0,117726500
2022-03-03,409.9678955078125,0.0,435.7099914550781,0.0,441.1099853515625,433.79998779296875,440.4700012207031,0.0,105501700
2022-03-04,406.63702392578125,0.0,432.1700134277344,0.0,433.3699951171875,427.8800048828125,431.75,0.0,113978200
2022-03-07,394.64971923828125,0.0,419.42999267578125,0.0,432.29998779296875,419.3599853515625,431.54998779296875,0.0,137896600
2022-03-08,391.6575622558594,0.0,416.25,0.0,427.2099914550781,415.1199951171875,419.6199951171875,0.0,164772700
2022-03-09,402.1582336425781,0.0,427.4100036621094,0.0,429.510009765625,422.82000732421875,425.1400146484375,0.0,116990800
2022-03-10,400.34228515625,0.0,425.4800109863281,0.0,426.42999267578125,420.44000244140625,422.5199890136719,0.0,93972700
2022-03-11,395.25189208984375,0.0,420.07000732421875,0.0,428.7699890136719,419.5299987792969,428.1199951171875,0.0,95636300
2022-03-14,392.36328125,0.0,417.0,0.0,424.54998779296875,415.7900085449219,420.8900146484375,0.0,95729200
2022-03-15,400.99151611328125,0.0,426.1700134277344,0.0,426.8399963378906,418.4200134277344,419.7699890136719,0.0,106219100
2022-03-16,409.88311767578125,0.0,435.6199951171875,0.0,435.67999267578125,424.79998779296875,429.8900146484375,0.0,144954800
2022-03-17,415.01123046875,0.0,441.07000732421875,0.0,441.07000732421875,433.19000244140625,433.5899963378906,0.0,102676900
2022-03-18,419.5567321777344,0.0,444.5199890136719,1.366,444.8599853515625,437.2200012207031,438.0,0.0,106345500
2022-03-21,419.4339904785156,0.0,444.3900146484375,0.0,446.4599914550781,440.67999267578125,444.3399963378906,0.0,88349800
2022-03-22,424.3420104980469,0.0,449.5899963378906,0.0,450.5799865722656,445.8599853515625,445.8599853515625,0.0,74650400
2022-03-23,418.87713623046875,0.0,443.79998779296875,0.0,448.489990234375,443.7099914550781,446.9100036621094,0.0,79426100
2022-03-24,425.19146728515625,0.0,450.489990234375,0.0,450.5,444.760009765625,445.94000244140625,0.0,64736900
2022-03-25,427.2679138183594,0.0,452.69000244140625,0.0,452.9800109863281,448.42999267578125,451.1600036621094,0.0,77101300
2022-03-28,430.30706787109375,0.0,455.9100036621094,0.0,455.9100036621094,450.05999755859375,452.05999755859375,0.0,68529800
2022-03-29,435.6302490234375,0.0,461.54998779296875,0.0,462.07000732421875,457.17999267578125,460.0199890136719,0.0,86581500
2022-03-30,432.94036865234375,0.0,458.70001220703125,0.0,461.20001220703125,456.4700012207031,460.3399963378906,0.0,79666900
2022-03-31,426.2768859863281,0.0,451.6400146484375,0.0,458.760009765625,451.1600036621094,457.8900146484375,0.0,121699900
2022-04-01,427.4849548339844,0.0,452.9200134277344,0.0,453.4599914550781,449.1400146484375,453.30999755859375,0.0,89048800
2022-04-04,431.1470947265625,0.0,456.79998779296875,0.0,456.9100036621094,452.260009765625,453.1300048828125,0.0,59601000
2022-04-05,425.701171875,0.0,451.0299987792969,0.0,457.8299865722656,449.82000732421875,455.2200012207031,0.0,74214500
2022-04-06,421.4444274902344,0.0,446.5199890136719,0.0,448.92999267578125,443.4700012207031,446.8900146484375,0.0,106898000
2022-04-07,423.5680236816406,0.0,448.7699890136719,0.0,450.69000244140625,443.5299987792969,445.5899963378906,0.0,78097200
2022-04-08,422.4354248046875,0.0,447.57000732421875,0.0,450.6300048828125,445.94000244140625,447.9700012207031,0.0,79272700
2022-04-11,415.215087890625,0.0,439.9200134277344,0.0,445.0,439.3900146484375,444.1099853515625,0.0,89770500
2022-04-12,413.6765441894531,0.0,438.2900085449219,0.0,445.75,436.6499938964844,443.0799865722656,0.0,84363600
2022-04-13,418.41461181640625,0.0,443.30999755859375,0.0,444.1099853515625,437.8399963378906,438.0299987792969,0.0,74070400
2022-04-14,413.2046813964844,0.0,437.7900085449219,0.0,444.7300109863281,437.67999267578125,443.54998779296875,0.0,97869500
2022-04-18,413.37457275390625,0.0,437.9700012207031,0.0,439.75,435.6099853515625,436.80999755859375,0.0,66002500
2022-04-19,420.0475158691406,0.0,445.0400085449219,0.0,445.79998779296875,437.67999267578125,437.8599853515625,0.0,77821000
2022-04-20,419.736083984375,0.0,444.7099914550781,0.0,447.57000732421875,443.4800109863281,446.9200134277344,0.0,65224400
2022-04-21,413.4595642089844,0.0,438.05999755859375,0.0,450.010009765625,437.1000061035156,448.5400085449219,0.0,85417300
2022-04-22,402.114501953125,0.0,426.0400085449219,0.0,438.0799865722656,425.44000244140625,436.9100036621094,0.0,132471800
2022-04-25,404.44580078125,0.0,428.510009765625,0.0,428.69000244140625,418.8399963378906,423.6700134277344,0.0,119647700
2022-04-26,392.7327575683594,0.0,416.1000061035156,0.0,426.0400085449219,416.07000732421875,425.8299865722656,0.0,103996300
2022-04-27,393.8370056152344,0.0,417.2699890136719,0.0,422.9200134277344,415.010009765625,417.239990234375,0.0,122030000
2022-04-28,403.78509521484375,0.0,427.80999755859375,0.0,429.6400146484375,417.6000061035156,422.2900085449219,0.0,105449100
2022-04-29,388.863037109375,0.0,412.0,0.0,425.8699951171875,411.2099914550781,423.5899963378906,0.0,145491100
2022-05-02,391.20367431640625,0.0,414.4800109863281,0.0,415.9200134277344,405.0199890136719,412.07000732421875,0.0,158312500
2022-05-03,392.9969787597656,0.0,416.3800048828125,0.0,418.92999267578125,413.3599853515625,415.010009765625,0.0,100028200
2022-05-04,404.9649353027344,0.0,429.05999755859375,0.0,429.6600036621094,413.7099914550781,417.0799865722656,0.0,144247900
2022-05-05,390.57135009765625,0.0,413.80999755859375,0.0,425.0,409.44000244140625,424.54998779296875,0.0,172929100
2022-05-06,388.2400817871094,0.0,411.3399963378906,0.0,414.79998779296875,405.7300109863281,411.1000061035156,0.0,151770800
2022-05-09,375.8097229003906,0.0,398.1700134277344,0.0,406.4100036621094,396.5,405.1000061035156,0.0,155586100
2022-05-10,376.677978515625,0.0,399.0899963378906,0.0,406.0799865722656,394.82000732421875,404.489990234375,0.0,132497200
2022-05-11,370.6940612792969,0.0,392.75,0.0,404.0400085449219,391.9599914550781,398.07000732421875,0.0,142361000
2022-05-12,370.30706787109375,0.0,392.3399963378906,0.0,395.79998779296875,385.1499938964844,389.3699951171875,0.0,125090800
2022-05-13,379.16021728515625,0.0,401.7200012207031,0.0,403.17999267578125,395.6099853515625,396.7099914550781,0.0,104174400
2022-05-16,377.621826171875,0.0,400.0899963378906,0.0,403.9700012207031,397.6000061035156,399.9800109863281,0.0,78622400
2022-05-17,385.3896789550781,0.0,408.32000732421875,0.0,408.57000732421875,402.5799865722656,406.5299987792969,0.0,83029700
2022-05-18,369.8539733886719,0.0,391.8599853515625,0.0,403.79998779296875,390.54998779296875,403.5,0.0,117674500
2022-05-19,367.5887756347656,0.0,389.4599914550781,0.0,394.1400146484375,387.1099853515625,388.6199951171875,0.0,98510700
2022-05-20,367.7492980957031,0.0,389.6300048828125,0.0,397.0299987792969,380.5400085449219,393.25,0.0,131432200
2022-05-23,374.6298828125,0.0,396.9200134277344,0.0,397.7300109863281,390.3800048828125,392.8299865722656,0.0,76414900
2022-05-24,371.76995849609375,0.0,393.8900146484375,0.0,395.1499938964844,386.9599914550781,392.55999755859375,0.0,91448800
2022-05-25,375.0545349121094,0.0,397.3699951171875,0.0,399.45001220703125,391.8900146484375,392.30999755859375,0.0,91472900
2022-05-26,382.5486755371094,0.0,405.30999755859375,0.0,407.0400085449219,398.45001220703125,398.6700134277344,0.0,82168300
2022-05-27,391.9398498535156,0.0,415.260009765625,0.0,415.3800048828125,407.70001220703125,407.9100036621094,0.0,84768700
2022-05-31,389.7407531738281,0.0,412.92999267578125,0.0,416.4599914550781,410.0299987792969,413.54998779296875,0.0,95937000
2022-06-01,386.5882873535156,0.0,409.5899963378906,0.0,416.239990234375,406.92999267578125,415.1700134277344,0.0,86585800
2022-06-02,393.9503173828125,0.0,417.3900146484375,0.0,417.44000244140625,407.0400085449219,409.4200134277344,0.0,79609600
2022-06-03,387.4849853515625,0.0,410.5400085449219,0.0,414.0400085449219,409.510009765625,412.3999938964844,0.0,71874300
2022-06-06,388.6647644042969,0.0,411.7900085449219,0.0,416.6099853515625,410.54998779296875,414.7799987792969,0.0,57508900
2022-06-07,392.3929443359375,0.0,415.739990234375,0.0,416.2200012207031,407.6099853515625,408.1000061035156,0.0,59272400
2022-06-08,388.1268005371094,0.0,411.2200012207031,0.0,415.82000732421875,410.3800048828125,413.92999267578125,0.0,64350000
2022-06-09,378.8959655761719,0.0,401.44000244140625,0.0,411.739990234375,401.44000244140625,409.3399963378906,0.0,86289800
2022-06-10,367.9096374511719,0.0,389.79998779296875,0.0,395.7799987792969,389.75,394.8800048828125,0.0,132893900
2022-06-13,353.9407958984375,0.0,375.0,0.0,381.80999755859375,373.29998779296875,379.8500061035156,0.0,170004900
2022-06-14,352.8742980957031,0.0,373.8699951171875,0.0,377.94000244140625,370.5899963378906,376.8500061035156,0.0,104011800
2022-06-15,357.9049987792969,0.0,379.20001220703125,0.0,383.8999938964844,372.1199951171875,377.3599853515625,0.0,125666800
2022-06-16,346.0597839355469,0.0,366.6499938964844,0.0,370.94000244140625,364.0799865722656,370.510009765625,0.0,134473300
2022-06-17,346.80572509765625,0.0,365.8599853515625,1.577,369.3800048828125,362.1700134277344,365.510009765625,0.0,111113900
2022-06-21,355.5361022949219,0.0,375.07000732421875,0.0,376.5299987792969,371.80999755859375,371.8900146484375,0.0,76811900
2022-06-22,354.89154052734375,0.0,374.3900146484375,0.0,378.7200012207031,370.17999267578125,370.6199951171875,0.0,90059400
2022-06-23,358.370361328125,0.0,378.05999755859375,0.0,378.8299865722656,372.8900146484375,376.6400146484375,0.0,79292100
2022-06-24,369.764404296875,0.0,390.0799865722656,0.0,390.0899963378906,381.3699951171875,381.3999938964844,0.0,98050300
2022-06-27,368.3519287109375,0.0,388.5899963378906,0.0,391.3599853515625,387.44000244140625,391.04998779296875,0.0,66009600
2022-06-28,360.8254699707031,0.0,380.6499938964844,0.0,393.1600036621094,380.5299987792969,390.2300109863281,0.0,86548900
2022-06-29,360.5316162109375,0.0,380.3399963378906,0.0,382.2699890136719,378.4200134277344,381.2300109863281,0.0,65676000
2022-06-30,357.6025695800781,0.0,377.25,0.0,380.6600036621094,372.55999755859375,376.239990234375,0.0,112508300
2022-07-01,361.384765625,0.0,381.239990234375,0.0,381.70001220703125,373.79998779296875,376.55999755859375,0.0,74839700
2022-07-05,362.0672607421875,0.0,381.9599914550781,0.0,381.9800109863281,372.8999938964844,375.8800048828125,0.0,81438000
2022-07-06,363.2900695800781,0.0,383.25,0.0,385.8699951171875,379.6000061035156,382.1099853515625,0.0,70426200
2022-07-07,368.7311096191406,0.0,388.989990234375,0.0,389.8299865722656,383.2699890136719,385.1199951171875,0.0,64525900
2022-07-08,368.4278259277344,0.0,388.6700134277344,0.0,390.6400146484375,385.6600036621094,387.2699890136719,0.0,72397800
2022-07-11,364.218994140625,0.0,384.2300109863281,0.0,386.8699951171875,383.5,385.8500061035156,0.0,58366900
2022-07-12,360.99615478515625,0.0,380.8299865722656,0.0,386.1600036621094,378.989990234375,383.6499938964844,0.0,62219200
2022-07-13,359.1002197265625,0.0,378.8299865722656,0.0,381.9200134277344,374.6600036621094,375.1000061035156,0.0,84224600
2022-07-14,358.2281799316406,0.0,377.9100036621094,0.0,379.04998779296875,371.0400085449219,373.6099853515625,0.0,89704800
2022-07-15,365.0721740722656,0.0,385.1300048828125,0.0,385.25,380.5400085449219,382.54998779296875,0.0,79060400
2022-07-18,362.0577697753906,0.0,381.95001220703125,0.0,389.0899963378906,380.6600036621094,388.3800048828125,0.0,63203600
2022-07-19,371.8403015136719,0.0,392.2699890136719,0.0,392.8699951171875,385.3900146484375,386.0799865722656,0.0,78506000
2022-07-20,374.2100524902344,0.0,394.7699890136719,0.0,396.260009765625,391.0299987792969,392.4700012207031,0.0,71843800
2022-07-21,378.0207214355469,0.0,398.7900085449219,0.0,398.8399963378906,391.6300048828125,394.1600036621094,0.0,64903900
2022-07-22,374.51348876953125,0.0,395.0899963378906,0.0,400.17999267578125,392.75,398.9200134277344,0.0,72197300
2022-07-25,374.96844482421875,0.0,395.57000732421875,0.0,396.4700012207031,393.2099914550781,395.75,0.0,53631500
2022-07-26,370.5322265625,0.0,390.8900146484375,0.0,394.05999755859375,389.95001220703125,393.8399963378906,0.0,52946400
2022-07-27,380.1535339355469,0.0,401.0400085449219,0.0,402.8800048828125,394.04998779296875,394.3599853515625,0.0,82342100
2022-07-28,384.9215087890625,0.0,406.07000732421875,0.0,406.79998779296875,398.1499938964844,401.8900146484375,0.0,73966600
2022-07-29,390.5333251953125,0.0,411.989990234375,0.0,413.0299987792969,406.7699890136719,407.5799865722656,0.0,87003700
2022-08-01,389.37677001953125,0.0,410.7699890136719,0.0,413.4100036621094,408.3999938964844,409.1499938964844,0.0,69997500
2022-08-02,386.80792236328125,0.0,408.05999755859375,0.0,413.0,406.82000732421875,409.1199951171875,0.0,63435400
2022-08-03,392.865234375,0.0,414.45001220703125,0.0,415.67999267578125,410.0,410.29998779296875,0.0,67820600
2022-08-04,392.59979248046875,0.0,414.1700134277344,0.0,415.0899963378906,412.44000244140625,414.3699951171875,0.0,45656600
2022-08-05,391.9361572265625,0.0,413.4700012207031,0.0,414.1499938964844,409.6000061035156,409.6600036621094,0.0,56814900
2022-08-08,391.4811706542969,0.0,412.989990234375,0.0,417.6199951171875,411.8299865722656,415.25,0.0,53886100
2022-08-09,389.9266357421875,0.0,411.3500061035156,0.0,412.75,410.2200012207031,412.2200012207031,0.0,44931800
2022-08-10,398.1166076660156,0.0,419.989990234375,0.0,420.1400146484375,416.7200012207031,418.7799987792969,0.0,68665700
2022-08-11,398.1166076660156,0.0,419.989990234375,0.0,424.95001220703125,419.2099914550781,422.989990234375,0.0,59489700
2022-08-12,404.85626220703125,0.0,427.1000061035156,0.0,427.2099914550781,421.0299987792969,422.0299987792969,0.0,61694500
2022-08-15,406.5246276855469,0.0,428.8599853515625,0.0,429.4100036621094,424.7099914550781,424.7699890136719,0.0,54048300
2022-08-16,407.3209533691406,0.0,429.70001220703125,0.0,431.7300109863281,426.8800048828125,427.7300109863281,0.0,59289000
2022-08-17,404.4297790527344,0.0,426.6499938964844,0.0,429.5,424.5400085449219,425.9100036621094,0.0,63563400
2022-08-18,405.60516357421875,0.0,427.8900146484375,0.0,428.6099853515625,425.5,426.8599853515625,0.0,49023200
2022-08-19,400.1546630859375,0.0,422.1400146484375,0.0,425.260009765625,421.2200012207031,424.9800109863281,0.0,68016900
2022-08-22,391.82244873046875,0.0,413.3500061035156,0.0,417.2300109863281,412.3999938964844,417.04998779296875,0.0,77695600
2022-08-23,390.8745422363281,0.0,412.3500061035156,0.0,415.4200134277344,411.7699890136719,412.8999938964844,0.0,49105200
2022-08-24,392.125732421875,0.0,413.6700134277344,0.0,415.1099853515625,411.3900146484375,412.1099853515625,0.0,49177800
2022-08-25,397.6616516113281,0.0,419.510009765625,0.0,419.55999755859375,414.0899963378906,415.239990234375,0.0,50942300
2022-08-26,384.20111083984375,0.0,405.30999755859375,0.0,419.9599914550781,405.25,419.3900146484375,0.0,103087000
2022-08-29,381.66082763671875,0.0,402.6300048828125,0.0,405.8399963378906,401.20001220703125,402.20001220703125,0.0,65370800
2022-08-30,377.4709167480469,0.0,398.2099914550781,0.0,404.1000061035156,396.0,403.8500061035156,0.0,85652400
2022-08-31,374.5987854003906,0.0,395.17999267578125,0.0,401.239990234375,395.0400085449219,399.92999267578125,0.0,76029700
2022-09-01,375.774169921875,0.0,396.4200134277344,0.0,396.7799987792969,390.0400085449219,392.8900146484375,0.0,78740100
2022-09-02,371.8118591308594,0.0,392.239990234375,0.0,401.55999755859375,390.3299865722656,400.2799987792969,0.0,99632100
2022-09-06,370.408935546875,0.0,390.760009765625,0.0,394.1199951171875,388.4200134277344,393.1300048828125,0.0,76637400
2022-09-07,377.06329345703125,0.0,397.7799987792969,0.0,398.5899963378906,390.20001220703125,390.42999267578125,0.0,70964200
2022-09-08,379.52789306640625,0.0,400.3800048828125,0.0,400.8599853515625,394.1199951171875,395.3900146484375,0.0,80821700
2022-09-09,385.4239501953125,0.0,406.6000061035156,0.0,407.510009765625,402.4599914550781,402.739990234375,0.0,76706900
2022-09-12,389.56634521484375,0.0,410.9700012207031,0.0,411.7300109863281,408.4599914550781,408.7799987792969,0.0,69256300
2022-09-13,372.6270446777344,0.0,393.1000061035156,0.0,403.1000061035156,391.9200134277344,401.8299865722656,0.0,122947100
2022-09-14,374.0489807128906,0.0,394.6000061035156,0.0,396.20001220703125,391.1199951171875,394.4700012207031,0.0,85023700
2022-09-15,369.80224609375,0.0,390.1199951171875,0.0,395.9599914550781,388.7799987792969,392.9599914550781,0.0,87633800
2022-09-16,366.9811096191406,0.0,385.55999755859375,1.596,386.25,382.1099853515625,384.1400146484375,0.0,103084800
2022-09-19,369.8269958496094,0.0,388.54998779296875,0.0,388.54998779296875,382.17999267578125,382.260009765625,0.0,73278500
2022-09-20,365.5819396972656,0.0,384.0899963378906,0.0,386.1199951171875,381.20001220703125,385.05999755859375,0.0,77274900
2022-09-21,359.20477294921875,0.0,377.3900146484375,0.0,389.30999755859375,377.3800048828125,386.1099853515625,0.0,106746600
2022-09-22,356.1875305175781,0.0,374.2200012207031,0.0,378.29998779296875,373.44000244140625,376.5799865722656,0.0,89472600
2022-09-23,350.2196350097656,0.0,367.95001220703125,0.0,370.6199951171875,363.2900085449219,370.5799865722656,0.0,122346900
2022-09-26,346.75506591796875,0.0,364.30999755859375,0.0,370.2099914550781,363.0299987792969,366.4100036621094,0.0,92581200
2022-09-27,345.869873046875,0.0,363.3800048828125,0.0,370.3999938964844,360.8699951171875,368.0199890136719,0.0,108294100
2022-09-28,352.6752624511719,0.0,370.5299987792969,0.0,372.29998779296875,362.6000061035156,364.3800048828125,0.0,110802200
2022-09-29,345.3083801269531,0.0,362.7900085449219,0.0,367.1099853515625,359.70001220703125,366.80999755859375,0.0,112952300
2022-09-30,339.9685974121094,0.0,357.17999267578125,0.0,365.9100036621094,357.0400085449219,361.79998779296875,0.0,153711200
2022-10-03,348.9441833496094,0.0,366.6099853515625,0.0,368.54998779296875,359.2099914550781,361.0799865722656,0.0,89756500
2022-10-04,359.7568054199219,0.0,377.9700012207031,0.0,378.0,366.57000732421875,372.3999938964844,0.0,103602800
2022-10-05,358.91925048828125,0.0,377.0899963378906,0.0,379.4599914550781,370.95001220703125,373.3900146484375,0.0,88065700
2022-10-06,355.2166748046875,0.0,373.20001220703125,0.0,378.7200012207031,372.67999267578125,375.6199951171875,0.0,82333500
2022-10-07,345.3083801269531,0.0,362.7900085449219,0.0,373.2900085449219,360.94000244140625,368.9700012207031,0.0,107789500
2022-10-10,342.6717529296875,0.0,360.0199890136719,0.0,364.2099914550781,357.6700134277344,363.9599914550781,0.0,76042800
2022-10-11,340.5016174316406,0.0,357.739990234375,0.0,363.0299987792969,355.7099914550781,358.239990234375,0.0,92482800
2022-10-12,339.37847900390625,0.0,356.55999755859375,0.0,359.82000732421875,356.29998779296875,358.1700134277344,0.0,76991800
2022-10-13,348.3350830078125,0.0,365.9700012207031,0.0,367.510009765625,348.1099853515625,349.2099914550781,0.0,147254500
2022-10-14,340.39697265625,0.0,357.6300048828125,0.0,370.260009765625,356.9599914550781,368.54998779296875,0.0,123737000
2022-10-17,349.1441345214844,0.0,366.82000732421875,0.0,367.9800109863281,357.2799987792969,364.010009765625,0.0,93168200
2022-10-18,353.2464904785156,0.0,371.1300048828125,0.0,375.45001220703125,367.5199890136719,375.1300048828125,0.0,97162900
2022-10-19,350.7431945800781,0.0,368.5,0.0,371.8500061035156,365.54998779296875,368.989990234375,0.0,79746900
2022-10-20,347.8020935058594,0.0,365.4100036621094,0.0,372.6700134277344,364.6099853515625,368.0299987792969,0.0,88283100
2022-10-21,356.25421142578125,0.0,374.2900085449219,0.0,374.79998779296875,363.5400085449219,365.1199951171875,0.0,131038400
2022-10-24,360.6134338378906,0.0,378.8699951171875,0.0,380.05999755859375,373.1099853515625,375.8900146484375,0.0,85436900
2022-10-25,366.37200927734375,0.0,384.9200134277344,0.0,385.25,378.6700134277344,378.7900085449219,0.0,78846300
2022-10-26,363.6116638183594,0.0,382.0199890136719,0.0,387.5799865722656,381.3500061035156,381.6199951171875,0.0,104087300
2022-10-27,361.66998291015625,0.0,379.9800109863281,0.0,385.0,379.3299865722656,383.07000732421875,0.0,81971800
2022-10-28,370.2743225097656,0.0,389.0199890136719,0.0,389.5199890136719,379.67999267578125,379.8699951171875,0.0,100302000
2022-10-31,367.5997314453125,0.0,386.2099914550781,0.0,388.3999938964844,385.260009765625,386.44000244140625,0.0,96631300
2022-11-01,365.99114990234375,0.0,384.5199890136719,0.0,390.3900146484375,383.2900085449219,390.1400146484375,0.0,85407600
2022-11-02,356.8062744140625,0.0,374.8699951171875,0.0,388.6300048828125,374.760009765625,383.8999938964844,0.0,126990400
2022-11-03,353.1322326660156,0.0,371.010009765625,0.0,374.20001220703125,368.7900085449219,371.4700012207031,0.0,87100100
2022-11-04,358.2148742675781,0.0,376.3500061035156,0.0,378.8699951171875,370.0,377.0,0.0,103505200
2022-11-07,361.6414794921875,0.0,379.95001220703125,0.0,380.57000732421875,375.5299987792969,377.7099914550781,0.0,68286900
2022-11-08,363.59259033203125,0.0,382.0,0.0,385.1199951171875,377.7200012207031,381.1099853515625,0.0,84641100
2022-11-09,356.1018371582031,0.0,374.1300048828125,0.0,381.1400146484375,373.6099853515625,379.92999267578125,0.0,78495500
2022-11-10,375.671142578125,0.0,394.69000244140625,0.0,395.0400085449219,385.6400146484375,388.04998779296875,0.0,141455800
2022-11-11,379.3070983886719,0.0,398.510009765625,0.0,399.3500061035156,393.6099853515625,395.5899963378906,0.0,93839900
2022-11-14,376.0804443359375,0.0,395.1199951171875,0.0,400.17999267578125,394.8299865722656,396.6600036621094,0.0,71903500
2022-11-15,379.2880554199219,0.0,398.489990234375,0.0,402.30999755859375,394.489990234375,401.1499938964844,0.0,93194500
2022-11-16,376.3945007324219,0.0,395.45001220703125,0.0,397.7799987792969,394.7900085449219,396.7799987792969,0.0,68508500
2022-11-17,375.2427673339844,0.0,394.239990234375,0.0,394.95001220703125,390.1400146484375,390.4599914550781,0.0,74496300
2022-11-18,376.9465637207031,0.0,396.0299987792969,0.0,397.80999755859375,393.0400085449219,397.739990234375,0.0,92922500
2022-11-21,375.57598876953125,0.0,394.5899963378906,0.0,395.82000732421875,392.6600036621094,394.6400146484375,0.0,51243200
2022-11-22,380.63006591796875,0.0,399.8999938964844,0.0,400.07000732421875,395.1499938964844,396.6300048828125,0.0,60429000
2022-11-23,383.02874755859375,0.0,402.4200134277344,0.0,402.92999267578125,399.30999755859375,399.54998779296875,0.0,68261600
2022-11-25,382.9429931640625,0.0,402.3299865722656,0.0,402.9100036621094,401.5400085449219,401.8299865722656,0.0,30545400
2022-11-28,376.83233642578125,0.0,395.9100036621094,0.0,400.80999755859375,395.1099853515625,399.0899963378906,0.0,67881600
2022-11-29,376.1850891113281,0.0,395.2300109863281,0.0,397.29998779296875,393.29998779296875,396.04998779296875,0.0,52310000
2022-11-30,388.03521728515625,0.0,407.67999267578125,0.0,407.67999267578125,393.4800109863281,395.489990234375,0.0,144566700
2022-12-01,387.7497253417969,0.0,407.3800048828125,0.0,410.0,404.75,408.7699890136719,0.0,76398200
2022-12-02,387.3022766113281,0.0,406.9100036621094,0.0,407.8599853515625,402.1400146484375,402.25,0.0,85342700
2022-12-05,380.33502197265625,0.0,399.5899963378906,0.0,404.92999267578125,398.1700134277344,403.95001220703125,0.0,77289800
2022-12-06,374.8525695800781,0.0,393.8299865722656,0.0,399.989990234375,391.6400146484375,399.4200134277344,0.0,77972200
2022-12-07,374.21490478515625,0.0,393.1600036621094,0.0,395.6400146484375,391.9700012207031,392.94000244140625,0.0,65927900
2022-12-08,377.1464538574219,0.0,396.239990234375,0.0,397.3599853515625,393.2699890136719,395.1400146484375,0.0,60737900
2022-12-09,374.3291320800781,0.0,393.2799987792969,0.0,397.6199951171875,393.1499938964844,394.94000244140625,0.0,81447700
2022-12-12,379.7259216308594,0.0,398.95001220703125,0.0,398.95001220703125,393.4100036621094,394.1099853515625,0.0,75405800
2022-12-13,382.600341796875,0.0,401.9700012207031,0.0,410.489990234375,399.07000732421875,410.2200012207031,0.0,123782500
2022-12-14,380.1541748046875,0.0,399.3999938964844,0.0,405.5,396.30999755859375,401.6099853515625,0.0,108111300
2022-12-15,370.8549499511719,0.0,389.6300048828125,0.0,395.25,387.8900146484375,394.29998779296875,0.0,117705900
2022-12-16,366.47662353515625,0.0,383.2699890136719,1.781,386.5799865722656,381.0400085449219,385.17999267578125,0.0,119858000
2022-12-19,363.3690185546875,0.0,380.0199890136719,0.0,383.82000732421875,378.2799987792969,383.4700012207031,0.0,79878100
2022-12-20,363.8662414550781,0.0,380.5400085449219,0.0,382.2300109863281,377.8500061035156,379.2300109863281,0.0,74427200
2022-12-21,369.30694580078125,0.0,386.2300109863281,0.0,387.4100036621094,382.69000244140625,383.25,0.0,78167400
2022-12-22,364.038330078125,0.0,380.7200012207031,0.0,386.2099914550781,374.7699890136719,383.04998779296875,0.0,100120900
2022-12-23,366.1324157714844,0.0,382.9100036621094,0.0,383.05999755859375,378.0299987792969,379.6499938964844,0.0,59857300
2022-12-27,364.6884765625,0.0,381.3999938964844,0.0,383.1499938964844,379.6499938964844,382.7900085449219,0.0,51638200
2022-12-28,360.1562194824219,0.0,376.6600036621094,0.0,383.3900146484375,376.4200134277344,381.3299865722656,0.0,70911500
2022-12-29,366.6391296386719,0.0,383.44000244140625,0.0,384.3500061035156,379.0799865722656,379.6300048828125,0.0,66970900
2022-12-30,365.6734313964844,0.0,382.42999267578125,0.0,382.5799865722656,378.42999267578125,380.6400146484375,0.0,84022200
2023-01-03,364.13397216796875,0.0,380.82000732421875,0.0,386.42999267578125,377.8299865722656,384.3699951171875,0.0,74850700
2023-01-04,366.94512939453125,0.0,383.760009765625,0.0,385.8800048828125,380.0,383.17999267578125,0.0,85934100
2023-01-05,362.757080078125,0.0,379.3800048828125,0.0,381.8399963378906,378.760009765625,381.7200012207031,0.0,76970500
2023-01-06,371.07586669921875,0.0,388.0799865722656,0.0,389.25,379.4100036621094,382.6099853515625,0.0,104189600
2023-01-09,370.8655090332031,0.0,387.8599853515625,0.0,393.70001220703125,387.6700134277344,390.3699951171875,0.0,73978100
2023-01-10,373.4662780761719,0.0,390.5799865722656,0.0,390.6499938964844,386.2699890136719,387.25,0.0,65358100
2023-01-11,378.1898193359375,0.0,395.5199890136719,0.0,395.6000061035156,391.3800048828125,392.2300109863281,0.0,68881100
2023-01-12,379.56671142578125,0.0,396.9599914550781,0.0,398.489990234375,392.4200134277344,396.6700134277344,0.0,90157700
2023-01-13,381.039306640625,0.0,398.5,0.0,399.1000061035156,393.3399963378906,393.6199951171875,0.0,63903900
2023-01-17,380.3412170410156,0.0,397.7699890136719,0.0,400.2300109863281,397.05999755859375,398.4800109863281,0.0,62677300
2023-01-18,374.33642578125,0.0,391.489990234375,0.0,400.1199951171875,391.2799987792969,399.010009765625,0.0,99632300
2023-01-19,371.6113586425781,0.0,388.6400146484375,0.0,391.0799865722656,387.260009765625,389.3599853515625,0.0,86958900
2023-01-20,378.5340881347656,0.0,395.8800048828125,0.0,396.0400085449219,388.3800048828125,390.1000061035156,0.0,91806400
2023-01-23,383.0760192871094,0.0,400.6300048828125,0.0,402.6499938964844,395.7200012207031,396.7200012207031,0.0,84178800
2023-01-24,382.6648864746094,0.0,400.20001220703125,0.0,401.1499938964844,397.6400146484375,398.8800048828125,0.0,59524900
2023-01-25,382.8082275390625,0.0,400.3500061035156,0.0,400.70001220703125,393.55999755859375,395.95001220703125,0.0,84800300
2023-01-26,387.0154724121094,0.0,404.75,0.0,404.9200134277344,400.0299987792969,403.1300048828125,0.0,72287400
2023-01-27,387.9046936035156,0.0,405.67999267578125,0.0,408.1600036621094,403.44000244140625,403.6600036621094,0.0,68346200
2023-01-30,383.0377197265625,0.0,400.5899963378906,0.0,405.1300048828125,400.2799987792969,402.79998779296875,0.0,74202000
2023-01-31,388.6696472167969,0.0,406.4800109863281,0.0,406.5299987792969,400.7699890136719,401.1300048828125,0.0,86811800
2023-02-01,392.8004150390625,0.0,410.79998779296875,0.0,413.6700134277344,402.3500061035156,405.2099914550781,0.0,101459200
2023-02-02,398.518310546875,0.0,416.7799987792969,0.0,418.30999755859375,412.8800048828125,414.8599853515625,0.0,101654500
2023-02-03,394.282470703125,0.0,412.3500061035156,0.0,416.9700012207031,411.0899963378906,411.5899963378906,0.0,94736800
2023-02-06,391.87286376953125,0.0,409.8299865722656,0.0,411.2900085449219,408.1000061035156,409.7900085449219,0.0,60295300
2023-02-07,396.9980163574219,0.0,415.19000244140625,0.0,416.489990234375,407.57000732421875,408.8699951171875,0.0,90990700
2023-02-08,392.65692138671875,0.0,410.6499938964844,0.0,414.5299987792969,409.92999267578125,413.1300048828125,0.0,76227500
2023-02-09,389.2529296875,0.0,407.0899963378906,0.0,414.57000732421875,405.80999755859375,414.4100036621094,0.0,78694900
2023-02-10,390.1612548828125,0.0,408.0400085449219,0.0,408.44000244140625,405.010009765625,405.8599853515625,0.0,70769700
2023-02-13,394.7413635253906,0.0,412.8299865722656,0.0,412.9700012207031,408.239990234375,408.7200012207031,0.0,64913500
2023-02-14,394.5597839355469,0.0,412.6400146484375,0.0,415.04998779296875,408.510009765625,411.239990234375,0.0,88389300
2023-02-15,395.8410339355469,0.0,413.9800109863281,0.0,414.05999755859375,409.4700012207031,410.3500061035156,0.0,61555700
2023-02-16,390.3907165527344,0.0,408.2799987792969,0.0,412.9100036621094,408.1400146484375,408.7900085449219,0.0,76431500
2023-02-17,389.41546630859375,0.0,407.260009765625,0.0,407.510009765625,404.04998779296875,406.05999755859375,0.0,89257800
2023-02-21,381.6034240722656,0.0,399.0899963378906,0.0,404.1600036621094,398.82000732421875,403.05999755859375,0.0,82655900
2023-02-22,381.0775451660156,0.0,398.5400085449219,0.0,401.1300048828125,397.0199890136719,399.5199890136719,0.0,83742300
2023-02-23,383.10467529296875,0.0,400.6600036621094,0.0,402.20001220703125,396.25,401.55999755859375,0.0,96242400
2023-02-24,379.01214599609375,0.0,396.3800048828125,0.0,397.25,393.6400146484375,395.4200134277344,0.0,108194400
2023-02-27,380.30303955078125,0.0,397.7300109863281,0.0,401.2900085449219,396.75,399.8699951171875,0.0,80444700
2023-02-28,378.8974609375,0.0,396.260009765625,0.0,399.2799987792969,396.1499938964844,397.2300109863281,0.0,96438600
2023-03-01,377.444091796875,0.0,394.739990234375,0.0,396.69000244140625,393.3800048828125,395.4100036621094,0.0,99706800
2023-03-02,380.3795471191406,0.0,397.80999755859375,0.0,398.69000244140625,392.3299865722656,392.67999267578125,0.0,85127800
2023-03-03,386.47998046875,0.0,404.19000244140625,0.0,404.45001220703125,399.0299987792969,399.7099914550781,0.0,90120000
2023-03-06,386.7477111816406,0.0,404.4700012207031,0.0,407.45001220703125,404.010009765625,405.04998779296875,0.0,72795900
2023-03-07,380.8193054199219,0.0,398.2699890136719,0.0,404.6700134277344,397.6300048828125,404.4200134277344,0.0,108310600
2023-03-08,381.4409484863281,0.0,398.9200134277344,0.0,399.7099914550781,396.5899963378906,398.3900146484375,0.0,74746600
2023-03-09,374.4033508300781,0.0,391.55999755859375,0.0,401.4800109863281,390.5299987792969,399.739990234375,0.0,111945300
2023-03-10,369.00091552734375,0.0,385.9100036621094,0.0,393.1600036621094,384.32000732421875,390.989990234375,0.0,189253000
2023-03-13,368.47503662109375,0.0,385.3599853515625,0.0,390.3900146484375,380.6499938964844,381.80999755859375,0.0,157790000
2023-03-14,374.56591796875,0.0,391.7300109863281,0.0,393.45001220703125,387.04998779296875,390.5,0.0,149752400
2023-03-15,372.2232971191406,0.0,389.2799987792969,0.0,389.489990234375,383.7099914550781,385.8900146484375,0.0,172996900
2023-03-16,378.7539978027344,0.0,396.1099853515625,0.0,396.4700012207031,386.2900085449219,386.82000732421875,0.0,143254200
2023-03-17,374.32537841796875,0.0,389.989990234375,1.506,394.3999938964844,388.54998779296875,393.2200012207031,0.0,140553400
2023-03-20,377.9247131347656,0.0,393.739990234375,0.0,394.1700134277344,390.07000732421875,390.79998779296875,0.0,93055800
2023-03-21,382.8870849609375,0.0,398.9100036621094,0.0,399.4100036621094,395.5799865722656,397.239990234375,0.0,91524200
2023-03-22,376.36016845703125,0.0,392.1099853515625,0.0,402.489990234375,392.07000732421875,398.7300109863281,0.0,111746600
2023-03-23,377.37762451171875,0.0,393.1700134277344,0.0,399.2900085449219,390.3500061035156,395.0899963378906,0.0,119351300
2023-03-24,379.8540344238281,0.0,395.75,0.0,395.8399963378906,389.3999938964844,391.8399963378906,0.0,107682400
2023-03-27,380.5642395019531,0.0,396.489990234375,0.0,398.9200134277344,395.55999755859375,398.1199951171875,0.0,74010400
2023-03-28,379.71002197265625,0.0,395.6000061035156,0.0,396.489990234375,393.69000244140625,395.7699890136719,0.0,62871700
2023-03-29,385.2290344238281,0.0,401.3500061035156,0.0,401.6000061035156,398.67999267578125,399.92999267578125,0.0,77497900
2023-03-30,387.48468017578125,0.0,403.70001220703125,0.0,404.3500061035156,401.760009765625,404.0899963378906,0.0,69840000
2023-03-31,392.9461364746094,0.0,409.3900146484375,0.0,409.70001220703125,404.54998779296875,404.6600036621094,0.0,112062600
2023-04-03,394.4434509277344,0.0,410.95001220703125,0.0,411.3699951171875,408.44000244140625,408.8500061035156,0.0,67391100
2023-04-04,392.25506591796875,0.0,408.6700134277344,0.0,411.9200134277344,407.239990234375,411.6199951171875,0.0,66601500
2023-04-05,391.2279968261719,0.0,407.6000061035156,0.0,408.70001220703125,405.8800048828125,407.9100036621094,0.0,65200200
2023-04-06,392.754150390625,0.0,409.19000244140625,0.0,409.4800109863281,405.67999267578125,406.7699890136719,0.0,63743300
2023-04-10,393.15728759765625,0.0,409.6099853515625,0.0,409.69000244140625,405.9700012207031,406.6099853515625,0.0,63681000
2023-04-11,393.2628479003906,0.0,409.7200012207031,0.0,411.17999267578125,408.9200134277344,410.260009765625,0.0,59297900
2023-04-12,391.6598815917969,0.0,408.04998779296875,0.0,412.1700134277344,407.44000244140625,411.8699951171875,0.0,86420400
2023-04-13,396.8622741699219,0.0,413.4700012207031,0.0,413.8399963378906,407.989990234375,409.17999267578125,0.0,85814800
2023-04-14,395.892822265625,0.0,412.4599914550781,0.0,415.0899963378906,410.05999755859375,412.80999755859375,0.0,78161500
2023-04-17,397.3133544921875,0.0,413.94000244140625,0.0,413.9599914550781,411.0899963378906,412.3699951171875,0.0,66436400
2023-04-18,397.57244873046875,0.0,414.2099914550781,0.0,415.7200012207031,412.7799987792969,415.5799865722656,0.0,63560000
2023-04-19,397.50531005859375,0.0,414.1400146484375,0.0,415.0799865722656,412.1600036621094,412.2200012207031,0.0,55227300
2023-04-20,395.33612060546875,0.0,411.8800048828125,0.0,413.70001220703125,410.2699890136719,411.2099914550781,0.0,75840400
2023-04-21,395.6432800292969,0.0,412.20001220703125,0.0,412.67999267578125,410.1700134277344,412.19000244140625,0.0,73457400
2023-04-24,396.0559387207031,0.0,412.6300048828125,0.0,413.07000732421875,410.6000061035156,411.989990234375,0.0,64332100
2023-04-25,389.7690124511719,0.0,406.0799865722656,0.0,411.1600036621094,406.0199890136719,410.5799865722656,0.0,97766700
2023-04-26,388.1181945800781,0.0,404.3599853515625,0.0,407.8399963378906,403.7799987792969,406.7200012207031,0.0,80447000
2023-04-27,395.84478759765625,0.0,412.4100036621094,0.0,412.69000244140625,406.739990234375,407.0,0.0,92968400
2023-04-28,399.223388671875,0.0,415.92999267578125,0.0,415.94000244140625,411.42999267578125,411.489990234375,0.0,89433100
2023-05-01,398.8202819824219,0.0,415.510009765625,0.0,417.6199951171875,415.2699890136719,415.4700012207031,0.0,62122300
2023-05-02,394.33782958984375,0.0,410.8399963378906,0.0,414.82000732421875,407.82000732421875,414.7699890136719,0.0,103998500
2023-05-03,391.63116455078125,0.0,408.0199890136719,0.0,413.8699951171875,407.7699890136719,411.3599853515625,0.0,91531800
2023-05-04,388.8571472167969,0.0,405.1300048828125,0.0,407.2699890136719,403.739990234375,406.92999267578125,0.0,94901900
2023-05-05,396.0559387207031,0.0,412.6300048828125,0.0,413.7200012207031,408.6400146484375,408.9100036621094,0.0,87891800
2023-05-08,396.1615295410156,0.0,412.739990234375,0.0,413.239990234375,411.2799987792969,412.9700012207031,0.0,50046800
2023-05-09,394.4242248535156,0.0,410.92999267578125,0.0,412.0899963378906,410.69000244140625,411.1300048828125,0.0,49220100
2023-05-10,396.2671203613281,0.0,412.8500061035156,0.0,414.5400085449219,408.8699951171875,413.8800048828125,0.0,96142900
2023-05-11,395.57611083984375,0.0,412.1300048828125,0.0,412.42999267578125,409.9700012207031,411.95001220703125,0.0,70157100
2023-05-12,395.05767822265625,0.0,411.5899963378906,0.0,413.6400146484375,409.07000732421875,413.4200134277344,0.0,70481500
2023-05-15,396.4207763671875,0.0,413.010009765625,0.0,413.42999267578125,410.2300109863281,412.2200012207031,0.0,54289400
2023-05-16,393.7716064453125,0.0,410.25,0.0,412.82000732421875,410.239990234375,411.8599853515625,0.0,57705500
2023-05-17,398.5515441894531,0.0,415.2300109863281,0.0,415.8599853515625,410.6400146484375,412.3500061035156,0.0,87287000
2023-05-18,402.390869140625,0.0,419.2300109863281,0.0,419.6700134277344,414.6700134277344,414.8999938964844,0.0,97177200
2023-05-19,401.8053894042969,0.0,418.6199951171875,0.0,420.7200012207031,417.3500061035156,420.1700134277344,0.0,103793300
2023-05-22,401.96856689453125,0.0,418.7900085449219,0.0,420.3900146484375,417.3500061035156,418.6400146484375,0.0,60745400
2023-05-23,397.45733642578125,0.0,414.0899963378906,0.0,418.7200012207031,413.67999267578125,417.0799865722656,0.0,86383500
2023-05-24,394.5777893066406,0.0,411.0899963378906,0.0,412.82000732421875,409.8800048828125,412.4200134277344,0.0,89213700
2023-05-25,397.9948425292969,0.0,414.6499938964844,0.0,416.1600036621094,412.4100036621094,414.739990234375,0.0,90961600
2023-05-26,403.1491394042969,0.0,420.0199890136719,0.0,420.7699890136719,415.25,415.3299865722656,0.0,93830000
2023-05-30,403.30267333984375,0.0,420.17999267578125,0.0,422.5799865722656,418.739990234375,422.0299987792969,0.0,72216000
2023-05-31,401.0663146972656,0.0,417.8500061035156,0.0,419.2200012207031,416.2200012207031,418.2799987792969,0.0,110811800
2023-06-01,404.8768310546875,0.0,421.82000732421875,0.0,422.9200134277344,416.7900085449219,418.0899963378906,0.0,88865000
2023-06-02,410.7318420410156,0.0,427.9200134277344,0.0,428.739990234375,423.95001220703125,424.5,0.0,91426200
2023-06-05,409.9447326660156,0.0,427.1000061035156,0.0,429.6199951171875,426.3699951171875,428.2799987792969,0.0,65460200
2023-06-06,410.83740234375,0.0,428.0299987792969,0.0,428.5799865722656,425.989990234375,426.6700134277344,0.0,64022200
2023-06-07,409.41680908203125,0.0,426.54998779296875,0.0,429.6199951171875,426.1099853515625,428.44000244140625,0.0,85373300
2023-06-08,411.8932189941406,0.0,429.1300048828125,0.0,429.6000061035156,425.82000732421875,426.6199951171875,0.0,61952800
2023-06-09,412.6322937011719,0.0,429.8999938964844,0.0,431.989990234375,428.8699951171875,429.9599914550781,0.0,85742800
2023-06-12,416.3756103515625,0.0,433.79998779296875,0.0,433.8800048828125,430.1700134277344,430.9200134277344,0.0,76104300
2023-06-13,419.1207580566406,0.0,436.6600036621094,0.0,437.3299865722656,434.6300048828125,435.32000732421875,0.0,95899700
2023-06-14,419.619873046875,0.0,437.17999267578125,0.0,439.05999755859375,433.5899963378906,437.010009765625,0.0,100612100
2023-06-15,424.82220458984375,0.0,442.6000061035156,0.0,443.8999938964844,436.2300109863281,436.3299865722656,0.0,110303100
2023-06-16,423.3751525878906,0.0,439.4599914550781,1.638,443.6099853515625,438.9700012207031,443.0199890136719,0.0,114165800
2023-06-20,421.1785583496094,0.0,437.17999267578125,0.0,438.3699951171875,435.0299987792969,437.45001220703125,0.0,76160400
2023-06-21,419.0205993652344,0.0,434.94000244140625,0.0,436.989990234375,434.3299865722656,436.1600036621094,0.0,76982300
2023-06-22,420.5330810546875,0.0,436.510009765625,0.0,436.6199951171875,433.6000061035156,433.95001220703125,0.0,70637200
2023-06-23,417.35394287109375,0.0,433.2099914550781,0.0,435.05999755859375,432.4700012207031,432.92999267578125,0.0,92074500
2023-06-26,415.6486511230469,0.0,431.44000244140625,0.0,434.6099853515625,431.19000244140625,432.6199951171875,0.0,72823600
2023-06-27,420.2055358886719,0.0,436.1700134277344,0.0,436.80999755859375,431.8800048828125,432.3500061035156,0.0,72813700
2023-06-28,420.41754150390625,0.0,436.3900146484375,0.0,437.44000244140625,434.4100036621094,435.04998779296875,0.0,75636000
2023-06-29,422.074462890625,0.0,438.1099853515625,0.0,438.2799987792969,435.5400085449219,435.9599914550781,0.0,67882300
2023-06-30,427.0552978515625,0.0,443.2799987792969,0.0,444.29998779296875,441.1099853515625,441.44000244140625,0.0,104964000
2023-07-03,427.546630859375,0.0,443.7900085449219,0.0,444.0799865722656,442.6300048828125,442.9200134277344,0.0,32793400
2023-07-05,426.91082763671875,0.0,443.1300048828125,0.0,443.8900146484375,441.8999938964844,441.9100036621094,0.0,58418400
2023-07-06,423.5678405761719,0.0,439.6600036621094,0.0,440.1000061035156,437.05999755859375,439.4200134277344,0.0,80658300
2023-07-07,422.4984436035156,0.0,438.54998779296875,0.0,442.6400146484375,438.29998779296875,438.6300048828125,0.0,86134200
2023-07-10,423.5678405761719,0.0,439.6600036621094,0.0,439.8399963378906,437.5899963378906,438.17999267578125,0.0,62443500
2023-07-11,426.2653503417969,0.0,442.4599914550781,0.0,442.9700012207031,439.44000244140625,440.45001220703125,0.0,64463800
2023-07-12,429.6950378417969,0.0,446.0199890136719,0.0,447.4800109863281,444.9100036621094,446.3900146484375,0.0,91924500
2023-07-13,433.10552978515625,0.0,449.55999755859375,0.0,450.3800048828125,447.45001220703125,447.8999938964844,0.0,72425200
2023-07-14,432.83575439453125,0.0,449.2799987792969,0.0,451.3599853515625,448.489990234375,450.4800109863281,0.0,69815800
2023-07-17,434.338623046875,0.0,450.8399963378906,0.0,451.92999267578125,449.0799865722656,449.1300048828125,0.0,52680200
2023-07-18,437.5660400390625,0.0,454.19000244140625,0.0,454.8599853515625,450.04998779296875,450.5,0.0,80668200
2023-07-19,438.5390319824219,0.0,455.20001220703125,0.0,456.42999267578125,454.1099853515625,455.010009765625,0.0,65891700
2023-07-20,435.62957763671875,0.0,452.17999267578125,0.0,455.1000061035156,451.44000244140625,454.1700134277344,0.0,70591600
2023-07-21,435.62957763671875,0.0,452.17999267578125,0.0,454.1700134277344,452.1700134277344,453.9599914550781,0.0,71275600
2023-07-24,437.57568359375,0.0,454.20001220703125,0.0,455.0400085449219,452.29998779296875,453.3699951171875,0.0,54023400
2023-07-25,438.77020263671875,0.0,455.44000244140625,0.0,456.739990234375,453.8699951171875,453.9200134277344,0.0,55191200
2023-07-26,438.83770751953125,0.0,455.510009765625,0.0,456.989990234375,453.3800048828125,454.4700012207031,0.0,71052900
2023-07-27,435.92822265625,0.0,452.489990234375,0.0,459.44000244140625,451.54998779296875,459.0199890136719,0.0,92194400
2023-07-28,440.1961669921875,0.0,456.9200134277344,0.0,457.7799987792969,452.489990234375,455.8800048828125,0.0,80011800
2023-07-31,441.0342712402344,0.0,457.7900085449219,0.0,458.1600036621094,456.04998779296875,457.4100036621094,0.0,62040400
2023-08-01,439.7721862792969,0.0,456.4800109863281,0.0,457.25,455.489990234375,456.2699890136719,0.0,55291500
2023-08-02,433.6546630859375,0.0,450.1300048828125,0.0,453.5199890136719,449.3500061035156,453.25,0.0,93933400
2023-08-03,432.4118957519531,0.0,448.8399963378906,0.0,450.7900085449219,447.3699951171875,448.0400085449219,0.0,64276100
2023-08-04,430.45611572265625,0.0,446.80999755859375,0.0,452.8999938964844,446.2699890136719,450.7200012207031,0.0,100128900
2023-08-07,434.21337890625,0.0,450.7099914550781,0.0,450.8699951171875,447.989990234375,448.7099914550781,0.0,58357500
2023-08-08,432.3251647949219,0.0,448.75,0.0,450.70001220703125,445.2699890136719,448.0799865722656,0.0,71361300
2023-08-09,429.43487548828125,0.0,445.75,0.0,449.20001220703125,444.9599914550781,449.0299987792969,0.0,78789600
2023-08-10,429.5890808105469,0.0,445.9100036621094,0.0,451.70001220703125,444.70001220703125,448.19000244140625,0.0,93005500
2023-08-11,429.3385925292969,0.0,445.6499938964844,0.0,446.70001220703125,443.3500061035156,443.9700012207031,0.0,68690900
2023-08-14,431.7085266113281,0.0,448.1099853515625,0.0,448.1099853515625,444.3800048828125,444.70001220703125,0.0,47867400
2023-08-15,426.6796569824219,0.0,442.8900146484375,0.0,446.6400146484375,442.29998779296875,446.2699890136719,0.0,75707500
2023-08-16,423.548583984375,0.0,439.6400146484375,0.0,444.17999267578125,439.5299987792969,442.4599914550781,0.0,80107200
2023-08-17,420.3211669921875,0.0,436.2900085449219,0.0,441.42999267578125,435.75,441.1600036621094,0.0,95711300
2023-08-18,420.5234375,0.0,436.5,0.0,437.57000732421875,433.010009765625,433.3699951171875,0.0,98852000
2023-08-21,423.259521484375,0.0,439.3399963378906,0.0,440.1099853515625,435.32000732421875,437.54998779296875,0.0,68719000
2023-08-22,422.113037109375,0.0,438.1499938964844,0.0,441.17999267578125,437.57000732421875,441.17999267578125,0.0,64994200
2023-08-23,426.8144836425781,0.0,443.0299987792969,0.0,443.6700134277344,439.1000061035156,439.25,0.0,68441000
2023-08-24,420.89923095703125,0.0,436.8900146484375,0.0,445.2200012207031,436.8599853515625,444.69000244140625,0.0,88517300
2023-08-25,423.8664245605469,0.0,439.9700012207031,0.0,441.29998779296875,435.0,438.67999267578125,0.0,102325100
2023-08-28,426.5543518066406,0.0,442.760009765625,0.0,443.3999938964844,439.9700012207031,442.239990234375,0.0,61595400
2023-08-29,432.72015380859375,0.0,449.1600036621094,0.0,449.45001220703125,442.4599914550781,442.6499938964844,0.0,83081900
2023-08-30,434.5024108886719,0.0,451.010009765625,0.0,451.6700134277344,448.7799987792969,449.510009765625,0.0,69053900
2023-08-31,433.8666076660156,0.0,450.3500061035156,0.0,452.8299865722656,450.1600036621094,451.6499938964844,0.0,66084600
2023-09-01,434.6758117675781,0.0,451.19000244140625,0.0,453.6700134277344,449.67999267578125,453.1700134277344,0.0,58944100
2023-09-05,432.7972106933594,0.0,449.239990234375,0.0,451.05999755859375,449.1700134277344,450.7300109863281,0.0,55166200
2023-09-06,429.8877258300781,0.0,446.2200012207031,0.0,448.510009765625,443.80999755859375,448.3999938964844,0.0,70758500
2023-09-07,428.5679016113281,0.0,444.8500061035156,0.0,445.54998779296875,442.75,443.1099853515625,0.0,70355400
2023-09-08,429.21331787109375,0.0,445.5199890136719,0.0,447.1099853515625,444.5299987792969,444.8999938964844,0.0,61659700
2023-09-11,432.0361022949219,0.0,448.45001220703125,0.0,448.7699890136719,446.4700012207031,448.239990234375,0.0,60180100
2023-09-12,429.6661376953125,0.0,445.989990234375,0.0,448.5299987792969,445.3900146484375,446.95001220703125,0.0,67565400
2023-09-13,430.1670837402344,0.0,446.510009765625,0.0,447.7099914550781,445.0799865722656,446.2200012207031,0.0,60199300
2023-09-14,433.8761901855469,0.0,450.3599853515625,0.0,451.0799865722656,447.7200012207031,449.07000732421875,0.0,83430800
2023-09-15,428.64874267578125,0.0,443.3699951171875,1.583,447.4800109863281,442.9200134277344,447.1400146484375,0.0,111848900
2023-09-18,428.9001159667969,0.0,443.6300048828125,0.0,444.9700012207031,442.55999755859375,443.04998779296875,0.0,55752200
2023-09-19,428.0105895996094,0.0,442.7099914550781,0.0,443.2900085449219,439.94000244140625,442.67999267578125,0.0,66514600
2023-09-20,424.0757751464844,0.0,438.6400146484375,0.0,444.44000244140625,438.42999267578125,444.010009765625,0.0,82562600
2023-09-21,417.06646728515625,0.0,431.3900146484375,0.0,435.9700012207031,431.2300109863281,435.70001220703125,0.0,104095800
2023-09-22,416.128662109375,0.0,430.4200134277344,0.0,434.1000061035156,429.989990234375,432.45001220703125,0.0,100829700
2023-09-25,417.8785705566406,0.0,432.2300109863281,0.0,432.2699890136719,428.7200012207031,429.1700134277344,0.0,70874500
2023-09-26,411.73944091796875,0.0,425.8800048828125,0.0,429.82000732421875,425.0199890136719,429.0899963378906,0.0,96168400
2023-09-27,411.9037780761719,0.0,426.04998779296875,0.0,427.6700134277344,422.2900085449219,427.0899963378906,0.0,104705800
2023-09-28,414.291748046875,0.0,428.5199890136719,0.0,430.25,424.8699951171875,425.4800109863281,0.0,92258300
2023-09-29,413.28631591796875,0.0,427.4800109863281,0.0,431.8500061035156,425.9100036621094,431.6700134277344,0.0,115111300
2023-10-02,413.1219482421875,0.0,427.30999755859375,0.0,428.6000061035156,424.4599914550781,426.6199951171875,0.0,83798600
2023-10-03,407.59185791015625,0.0,421.5899963378906,0.0,427.3699951171875,420.17999267578125,425.05999755859375,0.0,103760600
2023-10-04,410.5599365234375,0.0,424.6600036621094,0.0,425.42999267578125,420.55999755859375,422.07000732421875,0.0,87453000
2023-10-05,410.4053039550781,0.0,424.5,0.0,425.3699951171875,421.1700134277344,424.3599853515625,0.0,70142700
2023-10-06,415.27789306640625,0.0,429.5400085449219,0.0,431.1300048828125,420.6000061035156,421.9700012207031,0.0,113273300
2023-10-09,417.9366149902344,0.0,432.2900085449219,0.0,432.8800048828125,427.010009765625,427.5799865722656,0.0,80374400
2023-10-10,420.1119079589844,0.0,434.5400085449219,0.0,437.2200012207031,432.5299987792969,432.94000244140625,0.0,78607300
2023-10-11,421.832763671875,0.0,436.32000732421875,0.0,436.5799865722656,433.17999267578125,435.6400146484375,0.0,62451700
2023-10-12,419.2610778808594,0.0,433.6600036621094,0.0,437.3399963378906,431.2300109863281,436.95001220703125,0.0,81154200
2023-10-13,417.1728515625,0.0,431.5,0.0,436.45001220703125,429.8800048828125,435.2099914550781,0.0,95143100
2023-10-16,421.5620422363281,0.0,436.0400085449219,0.0,437.1400146484375,433.57000732421875,433.82000732421875,0.0,75433200
2023-10-17,421.5426940917969,0.0,436.0199890136719,0.0,438.1400146484375,432.45001220703125,432.80999755859375,0.0,75324700
2023-10-18,415.9256286621094,0.0,430.2099914550781,0.0,435.17999267578125,429.0899963378906,434.19000244140625,0.0,93559800
2023-10-19,412.2711486816406,0.0,426.42999267578125,0.0,432.82000732421875,425.7300109863281,430.95001220703125,0.0,121323000
2023-10-20,407.20513916015625,0.0,421.19000244140625,0.0,426.5400085449219,421.0799865722656,425.9800109863281,0.0,123919900
2023-10-23,406.4994201660156,0.0,420.4599914550781,0.0,424.45001220703125,417.79998779296875,419.6099853515625,0.0,92035100
2023-10-24,409.5641174316406,0.0,423.6300048828125,0.0,424.82000732421875,420.739990234375,422.6499938964844,0.0,78564200
2023-10-25,403.68603515625,0.0,417.54998779296875,0.0,421.9200134277344,417.0199890136719,421.8900146484375,0.0,94223200
2023-10-26,398.85198974609375,0.0,412.54998779296875,0.0,417.3299865722656,411.6000061035156,416.45001220703125,0.0,115156800
2023-10-27,397.0441589355469,0.0,410.67999267578125,0.0,414.6000061035156,409.2099914550781,414.19000244140625,0.0,107367700
2023-10-30,401.7911071777344,0.0,415.5899963378906,0.0,416.67999267578125,412.2200012207031,413.55999755859375,0.0,86562700
2023-10-31,404.3144226074219,0.0,418.20001220703125,0.0,418.5299987792969,414.2099914550781,416.17999267578125,0.0,79665200
2023-11-01,408.6263427734375,0.0,422.6600036621094,0.0,423.5,418.6499938964844,419.20001220703125,0.0,98068100
2023-11-02,416.4573974609375,0.0,430.760009765625,0.0,430.9200134277344,426.55999755859375,426.5799865722656,0.0,94938900
2023-11-03,420.25689697265625,0.0,434.69000244140625,0.0,436.2900085449219,433.010009765625,433.1400146484375,0.0,100167800
2023-11-06,421.2236328125,0.0,435.69000244140625,0.0,436.1499938964844,433.67999267578125,435.4700012207031,0.0,67831700
2023-11-07,422.4225158691406,0.0,436.92999267578125,0.0,437.5899963378906,434.510009765625,435.69000244140625,0.0,64256100
2023-11-08,422.7319030761719,0.0,437.25,0.0,438.0899963378906,434.8699951171875,437.54998779296875,0.0,61746000
2023-11-09,419.4351501464844,0.0,433.8399963378906,0.0,438.4700012207031,433.3999938964844,438.42999267578125,0.0,83174400
2023-11-10,425.98028564453125,0.0,440.6099853515625,0.0,440.92999267578125,433.8299865722656,435.9800109863281,0.0,89462200
2023-11-13,425.57427978515625,0.0,440.19000244140625,0.0,441.3299865722656,438.4200134277344,439.2300109863281,0.0,52236100
2023-11-14,433.8307800292969,0.0,448.7300109863281,0.0,450.05999755859375,446.0899963378906,446.32000732421875,0.0,97176900
2023-11-15,434.74920654296875,0.0,449.67999267578125,0.0,451.3800048828125,448.79998779296875,450.1099853515625,0.0,77327600
2023-11-16,435.28094482421875,0.0,450.2300109863281,0.0,450.55999755859375,448.1199951171875,449.2200012207031,0.0,66665800
2023-11-17,435.8223876953125,0.0,450.7900085449219,0.0,451.4200134277344,449.2900085449219,450.239990234375,0.0,83133200
2023-11-20,439.1771545410156,0.0,454.260009765625,0.0,455.1300048828125,450.5199890136719,450.5299987792969,0.0,69936200
2023-11-21,438.2200012207031,0.0,453.2699890136719,0.0,454.1300048828125,451.9599914550781,453.17999267578125,0.0,49244600
2023-11-22,439.9119567871094,0.0,455.0199890136719,0.0,456.3800048828125,453.8900146484375,454.9800109863281,0.0,59394900
2023-11-24,440.1825866699219,0.0,455.29998779296875,0.0,455.5,454.7300109863281,455.07000732421875,0.0,29737400
2023-11-27,439.3899230957031,0.0,454.4800109863281,0.0,455.489990234375,454.0799865722656,454.6499938964844,0.0,50506000
2023-11-28,439.82489013671875,0.0,454.92999267578125,0.0,456.2699890136719,453.5,454.0799865722656,0.0,62115000
2023-11-29,439.5154724121094,0.0,454.6099853515625,0.0,458.32000732421875,454.20001220703125,457.1499938964844,0.0,63146000
2023-11-30,441.2460632324219,0.0,456.3999938964844,0.0,456.760009765625,453.3399963378906,455.4800109863281,0.0,79752700
2023-12-01,443.8564758300781,0.0,459.1000061035156,0.0,459.6499938964844,455.1600036621094,455.7699890136719,0.0,89183400
2023-12-04,441.5264892578125,0.0,456.69000244140625,0.0,459.1199951171875,454.3399963378906,455.6000061035156,0.0,72430900
2023-12-05,441.43939208984375,0.0,456.6000061035156,0.0,457.5899963378906,454.8699951171875,455.260009765625,0.0,69793500
2023-12-06,439.6605529785156,0.0,454.760009765625,0.0,458.8399963378906,454.30999755859375,458.80999755859375,0.0,69124700
2023-12-07,443.0153503417969,0.0,458.2300109863281,0.0,458.8999938964844,456.2900085449219,456.9100036621094,0.0,66995400
2023-12-08,444.919921875,0.0,460.20001220703125,0.0,460.75,457.2099914550781,457.4599914550781,0.0,83194400
2023-12-11,446.65045166015625,0.0,461.989990234375,0.0,462.1700134277344,459.4700012207031,459.69000244140625,0.0,65002200
2023-12-12,448.6904296875,0.0,464.1000061035156,0.0,464.20001220703125,460.6000061035156,461.6300048828125,0.0,68327600
2023-12-13,454.8779296875,0.0,470.5,0.0,470.760009765625,464.1199951171875,464.489990234375,0.0,93278000
2023-12-14,456.3377990722656,0.0,472.010009765625,0.0,473.7300109863281,469.25,472.5,0.0,119026000
2023-12-15,455.58642578125,0.0,469.3299865722656,1.906,470.70001220703125,467.42999267578125,469.489990234375,0.0,141553700
2023-12-18,458.149169921875,0.0,471.9700012207031,0.0,472.9800109863281,469.8900146484375,470.9800109863281,0.0,70375300
2023-12-19,460.93505859375,0.0,474.8399963378906,0.0,474.9200134277344,472.45001220703125,472.5299987792969,0.0,55761800
2023-12-20,454.54779052734375,0.0,468.260009765625,0.0,475.8999938964844,467.82000732421875,473.9599914550781,0.0,102921000
2023-12-21,458.8577575683594,0.0,472.70001220703125,0.0,472.9800109863281,468.8399963378906,471.3299865722656,0.0,86667500
2023-12-22,459.7799072265625,0.0,473.6499938964844,0.0,475.3800048828125,471.70001220703125,473.8599853515625,0.0,67160400
2023-12-26,461.72137451171875,0.0,475.6499938964844,0.0,476.5799865722656,473.989990234375,474.07000732421875,0.0,55387000
2023-12-27,462.55621337890625,0.0,476.510009765625,0.0,476.6600036621094,474.8900146484375,475.44000244140625,0.0,68000300
2023-12-28,462.7309265136719,0.0,476.69000244140625,0.0,477.54998779296875,476.260009765625,476.8800048828125,0.0,77158100
2023-12-29,461.3913269042969,0.0,475.30999755859375,0.0,477.0299987792969,473.29998779296875,476.489990234375,0.0,122283100
2024-01-02,458.8092041015625,0.0,472.6499938964844,0.0,473.6700134277344,470.489990234375,472.1600036621094,0.0,123623700
2024-01-03,455.0622863769531,0.0,468.7900085449219,0.0,471.19000244140625,468.1700134277344,470.42999267578125,0.0,103585900
2024-01-04,453.5964660644531,0.0,467.2799987792969,0.0,470.9599914550781,467.04998779296875,468.29998779296875,0.0,84232200
2024-01-05,454.2177429199219,0.0,467.9200134277344,0.0,470.44000244140625,466.42999267578125,467.489990234375,0.0,86118900
2024-01-08,460.7021484375,0.0,474.6000061035156,0.0,474.75,468.29998779296875,468.42999267578125,0.0,74879100
2024-01-09,460.003173828125,0.0,473.8800048828125,0.0,474.92999267578125,471.3500061035156,471.8699951171875,0.0,65931400
2024-01-10,462.604736328125,0.0,476.55999755859375,0.0,477.45001220703125,473.8699951171875,474.1600036621094,0.0,67310600
2024-01-11,462.4009094238281,0.0,476.3500061035156,0.0,478.1199951171875,472.260009765625,477.5899963378906,0.0,77940700
2024-01-12,462.72119140625,0.0,476.67999267578125,0.0,478.6000061035156,475.2300109863281,477.8399963378906,0.0,58026400
2024-01-16,461.0224304199219,0.0,474.92999267578125,0.0,476.6099853515625,473.05999755859375,475.260009765625,0.0,85014900
2024-01-17,458.4598083496094,0.0,472.2900085449219,0.0,472.7900085449219,469.8699951171875,471.82000732421875,0.0,68843900
2024-01-18,462.5367431640625,0.0,476.489990234375,0.0,477.05999755859375,472.4200134277344,474.010009765625,0.0,91856200
2024-01-19,468.3028259277344,0.0,482.42999267578125,0.0,482.7200012207031,476.5400085449219,477.6499938964844,0.0,110834500
2024-01-22,469.29296875,0.0,483.45001220703125,0.0,485.2200012207031,482.7799987792969,484.010009765625,0.0,75844900
2024-01-23,470.6616516113281,0.0,484.8599853515625,0.0,485.1099853515625,482.8900146484375,484.010009765625,0.0,49945300
2024-01-24,471.1761779785156,0.0,485.3900146484375,0.0,488.7699890136719,484.8800048828125,487.80999755859375,0.0,81765000
2024-01-25,473.73883056640625,0.0,488.0299987792969,0.0,488.30999755859375,485.3900146484375,487.5799865722656,0.0,72525000
2024-01-26,473.13702392578125,0.0,487.4100036621094,0.0,489.1199951171875,486.5400085449219,487.5899963378906,0.0,76641600
2024-01-29,476.88397216796875,0.0,491.2699890136719,0.0,491.4200134277344,487.1700134277344,487.7300109863281,0.0,61322800
2024-01-30,476.51513671875,0.0,490.8900146484375,0.0,491.6199951171875,490.1099853515625,490.55999755859375,0.0,58618400
2024-01-31,468.73968505859375,0.0,482.8800048828125,0.0,489.0799865722656,482.8599853515625,488.6199951171875,0.0,126011100
2024-02-01,474.8746337890625,0.0,489.20001220703125,0.0,489.2300109863281,483.79998779296875,484.6300048828125,0.0,91891600
2024-02-02,479.87384033203125,0.0,494.3500061035156,0.0,496.04998779296875,489.29998779296875,489.6499938964844,0.0,99228200
2024-02-05,478.12646484375,0.0,492.54998779296875,0.0,494.3800048828125,490.2300109863281,493.70001220703125,0.0,75757100
2024-02-06,479.5146484375,0.0,493.9800109863281,0.0,494.32000732421875,492.04998779296875,493.5199890136719,0.0,55918600
2024-02-07,483.5139465332031,0.0,498.1000061035156,0.0,498.5299987792969,495.3599853515625,496.2900085449219,0.0,70556500
2024-02-08,483.72747802734375,0.0,498.32000732421875,0.0,498.7099914550781,497.260009765625,498.1000061035156,0.0,52343600
2024-02-09,486.52313232421875,0.0,501.20001220703125,0.0,501.6499938964844,498.489990234375,498.8399963378906,0.0,63979400
2024-02-12,486.30963134765625,0.0,500.9800109863281,0.0,503.5,500.239990234375,501.1700134277344,0.0,56502300
2024-02-13,479.6116943359375,0.0,494.0799865722656,0.0,497.0899963378906,490.7200012207031,494.5299987792969,0.0,113099200
2024-02-14,483.9702453613281,0.0,498.57000732421875,0.0,499.07000732421875,494.3999938964844,496.7900085449219,0.0,68387800
2024-02-15,487.30950927734375,0.0,502.010009765625,0.0,502.20001220703125,498.79998779296875,499.2900085449219,0.0,61683000
2024-02-16,484.8826904296875,0.0,499.510009765625,0.0,502.8699951171875,498.75,501.70001220703125,0.0,75532900
2024-02-20,482.2132263183594,0.0,496.760009765625,0.0,498.4100036621094,494.45001220703125,497.7200012207031,0.0,71736700
2024-02-21,482.6499938964844,0.0,497.2099914550781,0.0,497.3699951171875,493.55999755859375,495.4200134277344,0.0,59293400
2024-02-22,492.63873291015625,0.0,507.5,0.0,508.489990234375,503.0199890136719,504.010009765625,0.0,76402500
2024-02-23,492.97845458984375,0.0,507.8500061035156,0.0,510.1300048828125,507.1000061035156,509.2699890136719,0.0,61321800
2024-02-26,491.1728820800781,0.0,505.989990234375,0.0,508.75,505.8599853515625,508.29998779296875,0.0,50386700
2024-02-27,492.0853576660156,0.0,506.92999267578125,0.0,507.1600036621094,504.75,506.70001220703125,0.0,48854500
2024-02-28,491.4350280761719,0.0,506.260009765625,0.0,506.8599853515625,504.9599914550781,505.3299865722656,0.0,56506600
2024-02-29,493.2016906738281,0.0,508.0799865722656,0.0,509.739990234375,505.3500061035156,508.07000732421875,0.0,83924800
2024-03-01,497.83197021484375,0.0,512.8499755859375,0.0,513.2899780273438,508.55999755859375,508.9800109863281,0.0,76844800
2024-03-04,497.298095703125,0.0,512.2999877929688,0.0,514.2000122070312,512.0,512.030029296875,0.0,49799300
2024-03-05,492.3280334472656,0.0,507.17999267578125,0.0,510.70001220703125,504.9100036621094,510.239990234375,0.0,72855600
2024-03-06,494.82275390625,0.0,509.75,0.0,512.0700073242188,508.4200134277344,510.54998779296875,0.0,68382400
2024-03-07,499.7346496582031,0.0,514.8099975585938,0.0,515.8900146484375,509.80999755859375,513.1400146484375,0.0,58652100
2024-03-08,496.735107421875,0.0,511.7200012207031,0.0,518.219970703125,511.1300048828125,515.4600219726562,0.0,86532500
2024-03-11,496.30804443359375,0.0,511.2799987792969,0.0,511.8800048828125,508.5,510.4800109863281,0.0,62557200
2024-03-12,501.6469421386719,0.0,516.780029296875,0.0,517.3800048828125,510.8599853515625,513.4500122070312,0.0,73114400
2024-03-13,500.860595703125,0.0,515.969970703125,0.0,517.2899780273438,514.489990234375,517.1099853515625,0.0,55104100
2024-03-14,499.8705749511719,0.0,514.9500122070312,0.0,517.1300048828125,511.82000732421875,516.969970703125,0.0,110171800
2024-03-15,496.4381103515625,0.0,509.8299865722656,1.595,511.70001220703125,508.1199951171875,510.2099914550781,0.0,107646300
2024-03-18,499.3885192871094,0.0,512.8599853515625,0.0,515.47998046875,512.4400024414062,514.0,0.0,88893300
2024-03-19,502.1636657714844,0.0,515.7100219726562,0.0,516.0,511.1199951171875,512.1500244140625,0.0,60755300
2024-03-20,506.808349609375,0.0,520.47998046875,0.0,520.6199951171875,515.0800170898438,515.77001953125,0.0,69594600
2024-03-21,508.48321533203125,0.0,522.2000122070312,0.0,524.1099853515625,521.9099731445312,523.3900146484375,0.0,60256100
2024-03-22,507.51922607421875,0.0,521.2100219726562,0.0,522.6099853515625,520.969970703125,522.1099853515625,0.0,79070800
2024-03-25,506.11712646484375,0.0,519.77001953125,0.0,520.9500122070312,519.6099853515625,519.7999877929688,0.0,48512100
2024-03-26,505.1822509765625,0.0,518.8099975585938,0.0,521.5800170898438,518.4000244140625,521.22998046875,0.0,65463700
2024-03-27,509.4276428222656,0.0,523.1699829101562,0.0,523.2100219726562,519.489990234375,521.7100219726562,0.0,82999800
2024-03-28,509.3303527832031,0.0,523.0700073242188,0.0,524.6099853515625,522.780029296875,523.2100219726562,0.0,96294900
2024-04-01,508.44415283203125,0.0,522.1599731445312,0.0,524.3800048828125,520.969970703125,523.8300170898438,0.0,62477500
2024-04-02,505.2115173339844,0.0,518.8400268554688,0.0,518.97998046875,516.47998046875,518.239990234375,0.0,74230300
2024-04-03,505.7664489746094,0.0,519.4099731445312,0.0,520.9500122070312,517.6699829101562,517.719970703125,0.0,59155800
2024-04-04,499.5931091308594,0.0,513.0700073242188,0.0,523.8699951171875,512.760009765625,523.52001953125,0.0,96858100
2024-04-05,504.8122253417969,0.0,518.4299926757812,0.0,520.4400024414062,514.010009765625,514.4600219726562,0.0,74546500
2024-04-08,505.0946044921875,0.0,518.719970703125,0.0,520.1799926757812,517.8900146484375,519.1500244140625,0.0,48401800
2024-04-09,505.6788330078125,0.0,519.3200073242188,0.0,520.75,514.3499755859375,520.5,0.0,68049200
2024-04-10,500.61541748046875,0.0,514.1199951171875,0.0,516.1599731445312,512.0900268554688,513.47998046875,0.0,82652800
2024-04-11,504.3935546875,0.0,518.0,0.0,519.47998046875,512.0800170898438,515.6799926757812,0.0,70099000
2024-04-12,497.4313659667969,0.0,510.8500061035156,0.0,515.8200073242188,509.0799865722656,514.3699951171875,0.0,92561100
2024-04-15,491.199462890625,0.0,504.45001220703125,0.0,515.2999877929688,503.5799865722656,515.1300048828125,0.0,92101400
2024-04-16,490.3036193847656,0.0,503.5299987792969,0.0,506.5,502.2099914550781,504.94000244140625,0.0,73484000
2024-04-17,487.4018859863281,0.0,500.54998779296875,0.0,506.2200012207031,499.1199951171875,506.04998779296875,0.0,75910300
2024-04-18,486.39892578125,0.0,499.5199890136719,0.0,504.1300048828125,498.55999755859375,501.9800109863281,0.0,74548100
2024-04-19,482.1534729003906,0.0,495.1600036621094,0.0,500.4599914550781,493.8599853515625,499.44000244140625,0.0,102212600
2024-04-22,486.5936584472656,0.0,499.7200012207031,0.0,502.3800048828125,495.42999267578125,497.8299865722656,0.0,67961000
2024-04-23,492.367919921875,0.0,505.6499938964844,0.0,506.0899963378906,499.5299987792969,501.7799987792969,0.0,64633600
2024-04-24,492.1342468261719,0.0,505.4100036621094,0.0,507.3699951171875,503.1300048828125,506.55999755859375,0.0,55928100
2024-04-25,490.2646789550781,0.0,503.489990234375,0.0,504.2699890136719,497.489990234375,499.17999267578125,0.0,69122400
2024-04-26,494.909423828125,0.0,508.260009765625,0.0,509.8800048828125,505.70001220703125,506.3500061035156,0.0,64306100
2024-04-29,496.662109375,0.0,510.05999755859375,0.0,510.75,507.25,510.0899963378906,0.0,46415400
2024-04-30,488.7943420410156,0.0,501.9800109863281,0.0,509.55999755859375,501.9800109863281,508.55999755859375,0.0,77483600
2024-05-01,487.2071838378906,0.0,500.3500061035156,0.0,508.19000244140625,499.8699951171875,501.3800048828125,0.0,80242800
2024-05-02,491.7641906738281,0.0,505.0299987792969,0.0,505.8900146484375,499.54998779296875,504.1499938964844,0.0,62550200
2024-05-03,497.85980224609375,0.0,511.2900085449219,0.0,512.5499877929688,508.55999755859375,511.1600036621094,0.0,72756700
2024-05-06,503.0011901855469,0.0,516.5700073242188,0.0,516.6099853515625,513.2999877929688,513.75,0.0,47264700
2024-05-07,503.55615234375,0.0,517.1400146484375,0.0,518.5700073242188,516.4500122070312,517.5599975585938,0.0,52561300
2024-05-08,503.6048278808594,0.0,517.1900024414062,0.0,517.739990234375,515.1400146484375,515.260009765625,0.0,42047200
2024-05-09,506.50653076171875,0.0,520.1699829101562,0.0,520.2100219726562,516.7100219726562,517.3800048828125,0.0,43643700
2024-05-10,507.1589660644531,0.0,520.8400268554688,0.0,522.6400146484375,519.5900268554688,521.8099975585938,0.0,52233200
2024-05-13,507.2270812988281,0.0,520.9099731445312,0.0,522.6699829101562,519.739990234375,522.5599975585938,0.0,36716400
2024-05-14,509.55426025390625,0.0,523.2999877929688,0.0,523.8300170898438,520.5599975585938,521.1099853515625,0.0,57535900
2024-05-15,515.8641967773438,0.0,529.780029296875,0.0,530.0800170898438,525.1799926757812,525.8300170898438,0.0,59504900
2024-05-16,514.8026733398438,0.0,528.6900024414062,0.0,531.52001953125,528.5399780273438,529.8800048828125,0.0,50244800
2024-05-17,515.542724609375,0.0,529.4500122070312,0.0,529.52001953125,527.3200073242188,528.8099975585938,0.0,59187600
2024-05-20,516.13671875,0.0,530.0599975585938,0.0,531.5599975585938,529.1699829101562,529.5700073242188,0.0,37764200
2024-05-21,517.4027099609375,0.0,531.3599853515625,0.0,531.52001953125,529.0700073242188,529.280029296875,0.0,33437000
2024-05-22,515.9127807617188,0.0,529.8300170898438,0.0,531.3800048828125,527.5999755859375,530.6500244140625,0.0,48390000
2024-05-23,512.1444702148438,0.0,525.9600219726562,0.0,533.0700073242188,524.719970703125,532.9600219726562,0.0,57211200
2024-05-24,515.5331420898438,0.0,529.4400024414062,0.0,530.27001953125,526.8800048828125,527.8499755859375,0.0,41291100
2024-05-28,515.8931884765625,0.0,529.8099975585938,0.0,530.510009765625,527.1099853515625,530.27001953125,0.0,36269600
2024-05-29,512.28076171875,0.0,526.0999755859375,0.0,527.3099975585938,525.3699951171875,525.6799926757812,0.0,45190300
2024-05-30,508.8824462890625,0.0,522.6099853515625,0.0,525.2000122070312,521.3300170898438,524.52001953125,0.0,46377600
2024-05-31,513.5175170898438,0.0,527.3699951171875,0.0,527.5,518.3599853515625,523.5900268554688,0.0,90785800
2024-06-03,513.9361572265625,0.0,527.7999877929688,0.0,529.3099975585938,522.5999755859375,529.02001953125,0.0,46835700
2024-06-04,514.5106201171875,0.0,528.3900146484375,0.0,529.1500244140625,524.9600219726562,526.4600219726562,0.0,34632700
2024-06-05,520.6256713867188,0.0,534.6699829101562,0.0,534.6900024414062,528.72998046875,530.77001953125,0.0,47610400
2024-06-06,520.6158447265625,0.0,534.6599731445312,0.0,535.4199829101562,532.6799926757812,534.97998046875,0.0,30808500
2024-06-07,519.9829711914062,0.0,534.010009765625,0.0,536.8900146484375,532.5399780273438,533.6599731445312,0.0,43224500
2024-06-10,521.5896606445312,0.0,535.6599731445312,0.0,535.989990234375,532.5700073242188,533.1799926757812,0.0,35686100
2024-06-11,522.8457641601562,0.0,536.9500122070312,0.0,537.010009765625,532.0499877929688,534.0700073242188,0.0,36383400
2024-06-12,527.139892578125,0.0,541.3599853515625,0.0,544.1199951171875,540.2999877929688,541.6300048828125,0.0,63251300
2024-06-13,528.2012939453125,0.0,542.4500122070312,0.0,543.3300170898438,539.5900268554688,543.1500244140625,0.0,44760900
2024-06-14,528.5226440429688,0.0,542.780029296875,0.0,542.8099975585938,539.8499755859375,540.8800048828125,0.0,40089900
2024-06-17,532.729248046875,0.0,547.0999755859375,0.0,548.530029296875,541.6099853515625,542.0800170898438,0.0,55839500
2024-06-18,534.0827026367188,0.0,548.489990234375,0.0,548.6199951171875,546.72998046875,547.1599731445312,0.0,41376400
2024-06-20,532.6317749023438,0.0,547.0,0.0,550.1199951171875,545.1799926757812,549.4400024414062,0.0,70328200
2024-06-21,531.9176025390625,0.0,544.510009765625,1.759,545.6500244140625,543.02001953125,544.4000244140625,0.0,64338600
2024-06-24,530.1885375976562,0.0,542.739990234375,0.0,546.9500122070312,542.6199951171875,544.3300170898438,0.0,45528700
2024-06-25,532.2302856445312,0.0,544.8300170898438,0.0,545.2000122070312,542.4400024414062,543.989990234375,0.0,37936200
2024-06-26,532.8945922851562,0.0,545.510009765625,0.0,546.239990234375,543.030029296875,543.6900024414062,0.0,38550600
2024-06-27,533.7346801757812,0.0,546.3699951171875,0.0,546.9600219726562,544.6099853515625,545.3699951171875,0.0,35041500
2024-06-28,531.63427734375,0.0,544.219970703125,0.0,550.280029296875,542.9500122070312,547.1599731445312,0.0,76144500
2024-07-01,532.728515625,0.0,545.3400268554688,0.0,545.8800048828125,542.52001953125,545.6300048828125,0.0,40297800
2024-07-02,536.3135986328125,0.0,549.010009765625,0.0,549.010009765625,543.6500244140625,543.7000122070312,0.0,40434800
2024-07-03,538.70703125,0.0,551.4600219726562,0.0,551.8300170898438,548.6500244140625,548.6900024414062,0.0,32789900
2024-07-05,541.8134765625,0.0,554.6400146484375,0.0,555.0499877929688,551.1199951171875,551.77001953125,0.0,41488400
2024-07-08,542.4386596679688,0.0,555.280029296875,0.0,556.25,554.1900024414062,555.4400024414062,0.0,36110500
2024-07-09,542.966064453125,0.0,555.8200073242188,0.0,557.1799926757812,555.52001953125,556.260009765625,0.0,27289700
2024-07-10,548.3390502929688,0.0,561.3200073242188,0.0,561.6699829101562,556.77001953125,557.0700073242188,0.0,38701200
2024-07-11,543.6107788085938,0.0,556.47998046875,0.0,562.3300170898438,555.8300170898438,561.4400024414062,0.0,53054200
2024-07-12,547.0396728515625,0.0,559.989990234375,0.0,563.6699829101562,557.1500244140625,557.6300048828125,0.0,53084400
2024-07-15,548.5440673828125,0.0,561.530029296875,0.0,564.8400268554688,559.6300048828125,562.030029296875,0.0,40584300
2024-07-16,551.797119140625,0.0,564.8599853515625,0.0,565.1599731445312,562.0999755859375,562.8699951171875,0.0,36475300
2024-07-17,544.0601806640625,0.0,556.9400024414062,0.0,560.510009765625,556.6099853515625,558.7999877929688,0.0,57119000
2024-07-18,539.8792114257812,0.0,552.6599731445312,0.0,559.52001953125,550.4299926757812,558.510009765625,0.0,56270400
2024-07-19,536.2941284179688,0.0,548.989990234375,0.0,554.0800170898438,547.9099731445312,552.4199829101562,0.0,65509100
2024-07-22,541.8231811523438,0.0,554.6500244140625,0.0,555.27001953125,551.02001953125,553.0,0.0,43346700
2024-07-23,540.9732666015625,0.0,553.780029296875,0.0,556.739990234375,553.280029296875,554.5399780273438,0.0,34439600
2024-07-24,528.7135009765625,0.0,541.22998046875,0.0,549.1699829101562,540.2899780273438,548.8599853515625,0.0,74515300
2024-07-25,525.9586791992188,0.0,538.4099731445312,0.0,547.4600219726562,537.4500122070312,541.3499755859375,0.0,61158300
2024-07-26,531.849365234375,0.0,544.4400024414062,0.0,547.1900024414062,541.489990234375,542.280029296875,0.0,53763800
2024-07-29,532.1618041992188,0.0,544.760009765625,0.0,547.0499877929688,542.719970703125,546.02001953125,0.0,39515800
2024-07-30,529.4656372070312,0.0,542.0,0.0,547.3400268554688,538.52001953125,546.260009765625,0.0,46853600
2024-07-31,538.0719604492188,0.0,550.8099975585938,0.0,553.5,547.5800170898438,548.97998046875,0.0,65663400
2024-08-01,530.452392578125,0.0,543.010009765625,0.0,554.8699951171875,539.4299926757812,552.5700073242188,0.0,76428700
2024-08-02,520.5761108398438,0.0,532.9000244140625,0.0,536.989990234375,528.5999755859375,535.75,0.0,82789100
2024-08-05,505.4151306152344,0.0,517.3800048828125,0.0,523.5800170898438,510.2699890136719,511.6400146484375,0.0,146267400
2024-08-06,510.0748291015625,0.0,522.1500244140625,0.0,529.75,517.8699951171875,519.219970703125,0.0,84826300
2024-08-07,506.66546630859375,0.0,518.6599731445312,0.0,531.5900268554688,518.0499877929688,528.469970703125,0.0,70698300
2024-08-08,518.378173828125,0.0,530.6500244140625,0.0,531.2899780273438,521.8400268554688,523.9099731445312,0.0,63276600
2024-08-09,520.6640625,0.0,532.989990234375,0.0,534.510009765625,528.5599975585938,529.8099975585938,0.0,45619600
2024-08-12,520.937744140625,0.0,533.27001953125,0.0,535.72998046875,530.9500122070312,534.2100219726562,0.0,42542100
2024-08-13,529.5046997070312,0.0,542.0399780273438,0.0,542.280029296875,536.280029296875,536.530029296875,0.0,52333100
2024-08-14,531.1752319335938,0.0,543.75,0.0,544.9600219726562,540.1199951171875,542.8499755859375,0.0,42446900
2024-08-15,540.2797241210938,0.0,553.0700073242188,0.0,553.3599853515625,548.8800048828125,549.5,0.0,60846800
2024-08-16,541.4910278320312,0.0,554.3099975585938,0.0,555.02001953125,551.260009765625,551.4199829101562,0.0,44430700
2024-08-19,546.6683959960938,0.0,559.6099853515625,0.0,559.6099853515625,553.8599853515625,554.72998046875,0.0,39121800
2024-08-20,545.7794799804688,0.0,558.7000122070312,0.0,560.8400268554688,557.3300170898438,559.1500244140625,0.0,33732300
2024-08-21,547.6551513671875,0.0,560.6199951171875,0.0,562.1099853515625,554.72998046875,559.77001953125,0.0,41514600
2024-08-22,543.3568725585938,0.0,556.219970703125,0.0,563.1799926757812,554.97998046875,562.5599975585938,0.0,56121500
2024-08-23,549.1301879882812,0.0,562.1300048828125,0.0,563.0900268554688,557.2899780273438,559.530029296875,0.0,50639400
2024-08-26,547.8212280273438,0.0,560.7899780273438,0.0,563.9099731445312,559.0499877929688,563.1799926757812,0.0,35788600
2024-08-27,548.5734252929688,0.0,561.5599975585938,0.0,562.0599975585938,558.3200073242188,559.489990234375,0.0,32693900
2024-08-28,545.3887939453125,0.0,558.2999877929688,0.0,561.6500244140625,555.0399780273438,561.2100219726562,0.0,41066000
2024-08-29,545.4375610351562,0.0,558.3499755859375,0.0,563.6799926757812,557.1799926757812,560.3099975585938,0.0,38715200
2024-08-30,550.644287109375,0.0,563.6799926757812,0.0,564.2000122070312,557.1400146484375,560.77001953125,0.0,62700100
2024-09-03,539.3126220703125,0.0,552.0800170898438,0.0,560.8099975585938,549.510009765625,560.469970703125,0.0,60600100
2024-09-04,538.2088012695312,0.0,550.9500122070312,0.0,554.4299926757812,549.4600219726562,550.2000122070312,0.0,47224900
2024-09-05,536.8997802734375,0.0,549.6099853515625,0.0,553.7999877929688,547.0999755859375,550.8900146484375,0.0,44264300
2024-09-06,527.8637084960938,0.0,540.3599853515625,0.0,551.5999755859375,539.4400024414062,549.9400024414062,0.0,68493800
2024-09-09,533.7737426757812,0.0,546.4099731445312,0.0,547.7100219726562,542.6799926757812,544.6500244140625,0.0,40445800
2024-09-10,536.0985717773438,0.0,548.7899780273438,0.0,549.1500244140625,543.3800048828125,548.3599853515625,0.0,36394600
2024-09-11,541.5985107421875,0.0,554.4199829101562,0.0,555.3599853515625,539.9600219726562,548.7000122070312,0.0,75248600
2024-09-12,546.1604614257812,0.0,559.0900268554688,0.0,559.4000244140625,552.739990234375,555.010009765625,0.0,51819600
2024-09-13,549.0130004882812,0.0,562.010009765625,0.0,563.030029296875,559.4500122070312,559.7100219726562,0.0,39310500
2024-09-16,549.8237915039062,0.0,562.8400268554688,0.0,563.1099853515625,559.9000244140625,561.739990234375,0.0,36656100
2024-09-17,550.0485229492188,0.0,563.0700073242188,0.0,566.5800170898438,560.7899780273438,565.0999755859375,0.0,49321000
2024-09-18,548.4170532226562,0.0,561.4000244140625,0.0,568.6900024414062,560.8300170898438,563.739990234375,0.0,59044900
2024-09-19,557.7755737304688,0.0,570.97998046875,0.0,572.8800048828125,568.0800170898438,571.010009765625,0.0,75315500
2024-09-20,556.8114013671875,0.0,568.25,1.746,569.3099975585938,565.1699829101562,567.8400268554688,0.0,77503100
2024-09-23,558.2027587890625,0.0,569.6699829101562,0.0,570.3300170898438,568.0999755859375,569.3400268554688,0.0,44116900
2024-09-24,559.7999267578125,0.0,571.2999877929688,0.0,571.3599853515625,567.5999755859375,570.47998046875,0.0,46805700
2024-09-25,558.5653076171875,0.0,570.0399780273438,0.0,571.8900146484375,568.9099731445312,571.1400146484375,0.0,38428600
2024-09-26,560.7798461914062,0.0,572.2999877929688,0.0,574.7100219726562,569.9000244140625,574.3800048828125,0.0,48336000
2024-09-27,559.9664916992188,0.0,571.469970703125,0.0,574.219970703125,570.4199829101562,573.3900146484375,0.0,42100900
2024-09-30,562.2105102539062,0.0,573.760009765625,0.0,574.3800048828125,568.0800170898438,570.4199829101562,0.0,63557400
2024-10-01,557.1738891601562,0.0,568.6199951171875,0.0,574.0599975585938,566.0,573.4000244140625,0.0,72668800
2024-10-02,557.4089965820312,0.0,568.8599853515625,0.0,569.9000244140625,565.27001953125,567.7100219726562,0.0,38097800
2024-10-03,556.3900146484375,0.0,567.8200073242188,0.0,569.7999877929688,565.489990234375,567.3599853515625,0.0,40846500
2024-10-04,561.4461669921875,0.0,572.97998046875,0.0,573.3599853515625,568.0999755859375,572.3499755859375,0.0,42939100
2024-10-07,556.3704223632812,0.0,567.7999877929688,0.0,571.9600219726562,566.6300048828125,571.2999877929688,0.0,49964700
2024-10-08,561.6322631835938,0.0,573.1699829101562,0.0,573.780029296875,569.530029296875,570.4199829101562,0.0,37398700
2024-10-09,565.5223999023438,0.0,577.1400146484375,0.0,577.7100219726562,572.5499877929688,573.1599731445312,0.0,37912200
2024-10-10,564.53271484375,0.0,576.1300048828125,0.0,577.5800170898438,574.489990234375,575.77001953125,0.0,44138100
2024-10-11,567.9132690429688,0.0,579.5800170898438,0.0,580.3300170898438,575.9099731445312,576.0499877929688,0.0,42268000
2024-10-14,572.5578002929688,0.0,584.3200073242188,0.0,585.27001953125,580.72998046875,581.219970703125,0.0,36217200
2024-10-15,568.1092529296875,0.0,579.780029296875,0.0,584.9000244140625,578.5399780273438,584.5900268554688,0.0,54203600
2024-10-16,570.5785522460938,0.0,582.2999877929688,0.0,582.8300170898438,578.9600219726562,579.780029296875,0.0,30725400
2024-10-17,570.6275024414062,0.0,582.3499755859375,0.0,586.1199951171875,582.1599731445312,585.9099731445312,0.0,34393700
2024-10-18,572.8223876953125,0.0,584.5900268554688,0.0,585.3900146484375,582.5800170898438,584.0700073242188,0.0,37416800
2024-10-21,571.8817749023438,0.0,583.6300048828125,0.0,584.8499755859375,580.5999755859375,583.8499755859375,0.0,36439000
2024-10-22,571.5780639648438,0.0,583.3200073242188,0.0,584.5,580.3800048828125,581.0499877929688,0.0,34183800
2024-10-23,566.3552856445312,0.0,577.989990234375,0.0,581.7100219726562,574.4199829101562,581.260009765625,0.0,49314600
2024-10-24,567.5802001953125,0.0,579.239990234375,0.0,580.0599975585938,576.5700073242188,579.97998046875,0.0,34979900
2024-10-25,567.384033203125,0.0,579.0399780273438,0.0,584.4600219726562,578.0800170898438,581.510009765625,0.0,47268200
2024-10-28,569.1381225585938,0.0,580.8300170898438,0.0,582.7100219726562,580.52001953125,582.5800170898438,0.0,30174700
2024-10-29,570.0592041015625,0.0,581.77001953125,0.0,582.9099731445312,578.4299926757812,579.8499755859375,0.0,42899700
2024-10-30,568.3346557617188,0.0,580.010009765625,0.0,583.3200073242188,579.2899780273438,581.2899780273438,0.0,41435800
2024-10-31,557.1934814453125,0.0,568.6400146484375,0.0,575.6300048828125,568.4400024414062,575.5599975585938,0.0,60182500
2024-11-01,559.545166015625,0.0,571.0399780273438,0.0,575.5499877929688,570.6199951171875,571.3200073242188,0.0,45667500
2024-11-04,558.3399047851562,0.0,569.8099975585938,0.0,572.5,567.8900146484375,571.1799926757812,0.0,38217000
2024-11-05,565.0911865234375,0.0,576.7000122070312,0.0,576.739990234375,570.52001953125,570.739990234375,0.0,39478300
2024-11-06,579.142578125,0.0,591.0399780273438,0.0,591.9299926757812,585.3900146484375,589.2000122070312,0.0,68182000
2024-11-07,583.6205444335938,0.0,595.6099853515625,0.0,596.6500244140625,593.0,593.0800170898438,0.0,47233200
2024-11-08,586.148681640625,0.0,598.1900024414062,0.0,599.6400146484375,596.1699829101562,596.1699829101562,0.0,46444900
2024-11-11,586.7072143554688,0.0,598.760009765625,0.0,600.1699829101562,597.0,599.8099975585938,0.0,37586800
2024-11-12,584.8846435546875,0.0,596.9000244140625,0.0,599.2899780273438,594.3699951171875,598.6799926757812,0.0,43006100
2024-11-13,585.1687622070312,0.0,597.1900024414062,0.0,599.22998046875,594.9600219726562,597.3699951171875,0.0,47388600
2024-11-14,581.4059448242188,0.0,593.3499755859375,0.0,597.8099975585938,592.6500244140625,597.3200073242188,0.0,38904100
2024-11-15,573.9591064453125,0.0,585.75,0.0,590.2000122070312,583.8599853515625,589.719970703125,0.0,75988800
2024-11-18,576.310791015625,0.0,588.1500244140625,0.0,589.489990234375,585.3400268554688,586.219970703125,0.0,37001700
2024-11-19,578.4175415039062,0.0,590.2999877929688,0.0,591.0399780273438,584.030029296875,584.7100219726562,0.0,49412000
2024-11-20,578.6134643554688,0.0,590.5,0.0,590.7899780273438,584.6300048828125,590.3800048828125,0.0,50032600
2024-11-21,581.7196655273438,0.0,593.6699829101562,0.0,595.1199951171875,587.4500122070312,593.4000244140625,0.0,46750300
2024-11-22,583.5225830078125,0.0,595.510009765625,0.0,596.1500244140625,593.1500244140625,593.6599731445312,0.0,38226400
2024-11-25,585.5020751953125,0.0,597.530029296875,0.0,600.8599853515625,595.2000122070312,599.52001953125,0.0,42441400
2024-11-26,588.5592041015625,0.0,600.6500244140625,0.0,601.3300170898438,598.0700073242188,598.7999877929688,0.0,45621300
2024-11-27,586.77587890625,0.0,598.8300170898438,0.0,600.8499755859375,597.280029296875,600.4600219726562,0.0,34000200
2024-11-29,590.4208984375,0.0,602.5499877929688,0.0,603.3499755859375,599.3800048828125,599.6599731445312,0.0,30177400
2024-12-02,591.4791870117188,0.0,603.6300048828125,0.0,604.3200073242188,602.469970703125,602.969970703125,0.0,31746000
2024-12-03,591.75341796875,0.0,603.9099731445312,0.0,604.1599731445312,602.3400268554688,603.3900146484375,0.0,26906600
2024-12-04,595.4281005859375,0.0,607.6599731445312,0.0,607.9099731445312,604.9500122070312,605.6300048828125,0.0,42787600
2024-12-05,594.4481201171875,0.0,606.6599731445312,0.0,608.47998046875,606.2999877929688,607.6599731445312,0.0,28762200
2024-12-06,595.574951171875,0.0,607.8099975585938,0.0,609.0700073242188,607.02001953125,607.4400024414062,0.0,31241500
2024-12-09,592.508056640625,0.0,604.6799926757812,0.0,607.8599853515625,604.0800170898438,607.6900024414062,0.0,34742700
2024-12-10,590.6658935546875,0.0,602.7999877929688,0.0,605.7999877929688,602.1300048828125,605.3699951171875,0.0,37234500
2024-12-11,595.2320556640625,0.0,607.4600219726562,0.0,608.4299926757812,605.5,605.780029296875,0.0,28677700
2024-12-12,592.1650390625,0.0,604.3300170898438,0.0,607.1599731445312,604.3300170898438,606.5800170898438,0.0,31543800
2024-12-13,592.0475463867188,0.0,604.2100219726562,0.0,607.1300048828125,602.8099975585938,606.4000244140625,0.0,35904700
2024-12-16,594.5755615234375,0.0,606.7899780273438,0.0,607.780029296875,605.2100219726562,606.0,0.0,43695200
2024-12-17,592.1257934570312,0.0,604.2899780273438,0.0,605.1699829101562,602.8900146484375,604.1900024414062,0.0,55773500
2024-12-18,574.4784545898438,0.0,586.280029296875,0.0,606.4099731445312,585.8900146484375,603.97998046875,0.0,108248700
2024-12-19,574.3020629882812,0.0,586.0999755859375,0.0,593.0,585.8499755859375,591.3599853515625,0.0,85919500
2024-12-20,581.2000122070312,0.0,591.1500244140625,1.966,595.75,580.9099731445312,581.77001953125,0.0,125716700
2024-12-23,584.680419921875,0.0,594.6900024414062,0.0,595.2999877929688,587.6599731445312,590.8900146484375,0.0,57635800
2024-12-24,591.1790771484375,0.0,601.2999877929688,0.0,601.3400268554688,595.469970703125,596.0599975585938,0.0,33160100
2024-12-26,591.218505859375,0.0,601.3400268554688,0.0,602.47998046875,598.0800170898438,599.5,0.0,41219100
2024-12-27,584.9949340820312,0.0,595.010009765625,0.0,597.780029296875,590.760009765625,597.5399780273438,0.0,64969300
2024-12-30,578.3192138671875,0.0,588.219970703125,0.0,591.739990234375,584.4099731445312,587.8900146484375,0.0,56578800
2024-12-31,576.2152099609375,0.0,586.0800170898438,0.0,590.6400146484375,584.4199829101562,589.9099731445312,0.0,57052700
2025-01-02,574.799560546875,0.0,584.6400146484375,0.0,591.1300048828125,580.5,589.3900146484375,0.0,50204000
2025-01-03,581.9865112304688,0.0,591.9500122070312,0.0,592.5999755859375,586.4299926757812,587.530029296875,0.0,37888500
2025-01-06,585.3390502929688,0.0,595.3599853515625,0.0,599.7000122070312,593.5999755859375,596.27001953125,0.0,47679400
2025-01-07,578.7223510742188,0.0,588.6300048828125,0.0,597.75,586.780029296875,597.4199829101562,0.0,60393100
2025-01-08,579.56787109375,0.0,589.489990234375,0.0,590.5800170898438,585.2000122070312,588.7000122070312,0.0,47304700
2025-01-10,570.7192993164062,0.0,580.489990234375,0.0,585.9500122070312,578.5499877929688,585.8800048828125,0.0,73105000
2025-01-13,571.604248046875,0.0,581.3900146484375,0.0,581.75,575.3499755859375,575.77001953125,0.0,47910100
2025-01-14,572.3907470703125,0.0,582.1900024414062,0.0,585.0,578.3499755859375,584.3599853515625,0.0,48420600
2025-01-15,582.8025512695312,0.0,592.780029296875,0.0,593.9400024414062,589.2000122070312,590.3300170898438,0.0,56900200
2025-01-16,581.6817626953125,0.0,591.6400146484375,0.0,594.3499755859375,590.9299926757812,594.1699829101562,0.0,43319700
2025-01-17,587.5216674804688,0.0,597.5800170898438,0.0,599.3599853515625,595.6099853515625,596.9600219726562,0.0,58070600
2025-01-21,592.899658203125,0.0,603.0499877929688,0.0,603.0599975585938,598.6699829101562,600.6699829101562,0.0,42532900
2025-01-22,596.2326049804688,0.0,606.4400024414062,0.0,607.8200073242188,605.3599853515625,605.9199829101562,0.0,48196000
2025-01-23,599.4868774414062,0.0,609.75,0.0,609.75,605.52001953125,605.7999877929688,0.0,41152100
2025-01-24,597.73681640625,0.0,607.969970703125,0.0,610.780029296875,606.7999877929688,609.8099975585938,0.0,34604700
2025-01-27,589.2816772460938,0.0,599.3699951171875,0.0,599.6900024414062,594.6400146484375,594.8099975585938,0.0,70361100
2025-01-28,594.3448486328125,0.0,604.52001953125,0.0,605.3699951171875,597.25,600.6199951171875,0.0,44433300
2025-01-29,591.6804809570312,0.0,601.8099975585938,0.0,604.1300048828125,599.219970703125,603.719970703125,0.0,37177400
2025-01-30,594.8561401367188,0.0,605.0399780273438,0.0,606.5999755859375,600.719970703125,603.9600219726562,0.0,39281300
2025-01-31,591.6903686523438,0.0,601.8200073242188,0.0,609.9600219726562,601.0499877929688,607.5,0.0,66566900
2025-02-03,587.70849609375,0.0,597.77001953125,0.0,600.2899780273438,590.489990234375,592.6699829101562,0.0,65857200
2025-02-04,591.6510009765625,0.0,601.780029296875,0.0,602.2999877929688,597.280029296875,597.8300170898438,0.0,33457800
2025-02-05,594.0499267578125,0.0,604.219970703125,0.0,604.3699951171875,598.5800170898438,600.6400146484375,0.0,30653100
2025-02-06,596.1145629882812,0.0,606.3200073242188,0.0,606.4500122070312,602.6300048828125,605.989990234375,0.0,35771500
2025-02-07,590.6580810546875,0.0,600.77001953125,0.0,608.1300048828125,600.0499877929688,606.8900146484375,0.0,50788500
2025-02-10,594.6693725585938,0.0,604.8499755859375,0.0,605.5,602.739990234375,604.030029296875,0.0,26048700
2025-02-11,595.1216430664062,0.0,605.3099975585938,0.0,605.8599853515625,602.4299926757812,602.5499877929688,0.0,30056700
2025-02-12,593.2044067382812,0.0,603.3599853515625,0.0,604.5499877929688,598.510009765625,599.2000122070312,0.0,45076100
2025-02-13,599.4672241210938,0.0,609.72998046875,0.0,609.9400024414062,603.2000122070312,604.47998046875,0.0,40921300
2025-02-14,599.4376831054688,0.0,609.7000122070312,0.0,610.989990234375,609.0700073242188,609.9400024414062,0.0,26910400
2025-02-18,601.1975708007812,0.0,611.489990234375,0.0,611.489990234375,608.3800048828125,610.8800048828125,0.0,26749000
2025-02-19,602.61328125,0.0,612.9299926757812,0.0,613.22998046875,609.5599975585938,610.0800170898438,0.0,31011100
2025-02-20,600.1062622070312,0.0,610.3800048828125,0.0,611.6799926757812,607.02001953125,611.5399780273438,0.0,36554000
2025-02-21,589.842041015625,0.0,599.9400024414062,0.0,610.2999877929688,599.469970703125,610.1599731445312,0.0,76519800
2025-02-24,587.157958984375,0.0,597.2100219726562,0.0,603.030029296875,596.489990234375,602.02001953125,0.0,50737200
2025-02-25,584.2378540039062,0.0,594.239990234375,0.0,597.8900146484375,589.5599975585938,597.1500244140625,0.0,58266500
2025-02-26,584.5328369140625,0.0,594.5399780273438,0.0,599.5800170898438,591.8599853515625,595.9299926757812,0.0,43321600
2025-02-27,575.20263671875,0.0,585.0499877929688,0.0,598.02001953125,584.6500244140625,596.8499755859375,0.0,74196700
2025-02-28,584.1788940429688,0.0,594.1799926757812,0.0,594.719970703125,582.4400024414062,585.5599975585938,0.0,88744100
2025-03-03,573.944091796875,0.0,583.77001953125,0.0,597.3400268554688,579.9000244140625,596.1799926757812,0.0,74249200
2025-03-04,567.1504516601562,0.0,576.8599853515625,0.0,585.3900146484375,572.25,579.7100219726562,0.0,109648200
2025-03-05,573.2460327148438,0.0,583.0599975585938,0.0,584.8800048828125,573.0800170898438,576.6900024414062,0.0,71230500
2025-03-06,563.0703735351562,0.0,572.7100219726562,0.0,580.1699829101562,570.1199951171875,575.47998046875,0.0,80094900
2025-03-07,566.2262573242188,0.0,575.9199829101562,0.0,577.3900146484375,565.6300048828125,570.9000244140625,0.0,81158800
2025-03-10,551.14453125,0.0,560.5800170898438,0.0,569.5399780273438,555.5900268554688,567.5900268554688,0.0,99326600
2025-03-11,546.5628051757812,0.0,555.9199829101562,0.0,564.02001953125,552.02001953125,559.4000244140625,0.0,88102100
2025-03-12,549.4632568359375,0.0,558.8699951171875,0.0,563.1099853515625,553.6900024414062,562.1699829101562,0.0,69588200
2025-03-13,542.1386108398438,0.0,551.4199829101562,0.0,559.1099853515625,549.6799926757812,558.489990234375,0.0,74079400
2025-03-14,553.3369750976562,0.0,562.8099975585938,0.0,563.8300170898438,551.489990234375,556.1099853515625,0.0,62660300
2025-03-17,557.60400390625,0.0,567.1500244140625,0.0,569.7100219726562,562.3499755859375,562.7899780273438,0.0,49008700
2025-03-18,551.5770874023438,0.0,561.02001953125,0.0,565.02001953125,559.0599975585938,564.7999877929688,0.0,66041400
2025-03-19,557.5842895507812,0.0,567.1300048828125,0.0,570.9500122070312,561.6300048828125,562.8300170898438,0.0,66556000
2025-03-20,555.9718627929688,0.0,565.489990234375,0.0,570.5700073242188,562.5999755859375,563.3300170898438,0.0,62958200
2025-03-21,556.1552734375,0.0,563.97998046875,1.696,564.8900146484375,558.030029296875,559.280029296875,0.0,83763000
2025-03-24,566.1151733398438,0.0,574.0800170898438,0.0,575.1500244140625,570.2000122070312,570.7999877929688,0.0,58766800
2025-03-25,567.4759521484375,0.0,575.4600219726562,0.0,576.4099731445312,573.6900024414062,575.2999877929688,0.0,38355700
2025-03-26,560.7012939453125,0.0,568.5900268554688,0.0,576.3300170898438,567.1900024414062,575.1900024414062,0.0,51848300
2025-03-27,559.2122802734375,0.0,567.0800170898438,0.0,570.9000244140625,564.9400024414062,567.1799926757812,0.0,42164200
2025-03-28,547.95068359375,0.0,555.6599731445312,0.0,566.27001953125,555.0700073242188,565.530029296875,0.0,71662700
2025-03-31,551.6289672851562,0.0,559.3900146484375,0.0,560.7100219726562,546.8699951171875,549.8300170898438,0.0,95328200
2025-04-01,553.18701171875,0.0,560.969970703125,0.0,562.9400024414062,553.6799926757812,557.4500122070312,0.0,54609600
2025-04-02,556.687744140625,0.0,564.52001953125,0.0,567.4199829101562,554.8099975585938,555.0499877929688,0.0,76014500
2025-04-03,529.2537841796875,0.0,536.7000122070312,0.0,547.969970703125,536.7000122070312,545.1099853515625,0.0,125986000
2025-04-04,498.2696838378906,0.0,505.2799987792969,0.0,525.8699951171875,505.05999755859375,523.6699829101562,0.0,217965100
2025-04-07,497.3821716308594,0.0,504.3800048828125,0.0,523.1699829101562,481.79998779296875,489.19000244140625,0.0,256611400
2025-04-08,489.591796875,0.0,496.4800109863281,0.0,524.97998046875,489.1600036621094,521.8599853515625,0.0,165816600
2025-04-09,541.0084228515625,0.0,548.6199951171875,0.0,548.6199951171875,493.04998779296875,493.44000244140625,0.0,241867300
2025-04-10,517.3018798828125,0.0,524.5800170898438,0.0,533.5,509.32000732421875,532.1699829101562,0.0,162331200
2025-04-11,526.531982421875,0.0,533.9400024414062,0.0,536.4299926757812,520.0700073242188,523.010009765625,0.0,97866300
2025-04-14,531.6401977539062,0.0,539.1199951171875,0.0,544.280029296875,533.8599853515625,544.0499877929688,0.0,68034000
2025-04-15,530.1510620117188,0.0,537.6099853515625,0.0,543.22998046875,536.8099975585938,539.6699829101562,0.0,56892900
2025-04-16,518.366943359375,0.0,525.6599731445312,0.0,537.8900146484375,520.2899780273438,531.6799926757812,0.0,83484800
2025-04-17,519.1065063476562,0.0,526.4099731445312,0.0,531.1699829101562,523.9099731445312,527.6400146484375,0.0,79868100
2025-04-21,506.7503662109375,0.0,513.8800048828125,0.0,521.7000122070312,508.4599914550781,521.1599731445312,0.0,69368100
2025-04-22,519.9349365234375,0.0,527.25,0.0,529.2999877929688,519.1900024414062,520.1400146484375,0.0,75948100
2025-04-23,527.991455078125,0.0,535.4199829101562,0.0,545.4299926757812,533.8800048828125,540.4299926757812,0.0,90590700
2025-04-24,539.1051635742188,0.0,546.6900024414062,0.0,547.4299926757812,535.4500122070312,536.719970703125,0.0,64150400
2025-04-25,543.0003662109375,0.0,550.6400146484375,0.0,551.0499877929688,543.6900024414062,546.6500244140625,0.0,61119600
2025-04-28,543.2073974609375,0.0,550.8499755859375,0.0,553.5499877929688,545.02001953125,551.3900146484375,0.0,47613800
2025-04-29,546.6292724609375,0.0,554.3200073242188,0.0,555.4500122070312,548.5499877929688,548.9099731445312,0.0,47775100
2025-04-30,546.8462524414062,0.0,554.5399780273438,0.0,556.52001953125,541.52001953125,547.5700073242188,0.0,93101500
2025-05-01,550.7216796875,0.0,558.469970703125,0.0,564.0700073242188,557.8599853515625,560.3699951171875,0.0,63186100
2025-05-02,558.8966674804688,0.0,566.760009765625,0.0,568.3800048828125,562.3800048828125,564.72998046875,0.0,60717300
2025-05-05,555.6918334960938,0.0,563.510009765625,0.0,566.6500244140625,561.7000122070312,562.5700073242188,0.0,38659200
2025-05-06,551.047119140625,0.0,558.7999877929688,0.0,563.3499755859375,556.9600219726562,557.9299926757812,0.0,48264700
2025-05-07,553.3645629882812,0.0,561.1500244140625,0.0,563.8200073242188,556.0399780273438,560.1500244140625,0.0,55588000
2025-05-08,557.2203369140625,0.0,565.0599975585938,0.0,570.3099975585938,561.7000122070312,565.239990234375,0.0,65130800
2025-05-09,556.51025390625,0.0,564.3400268554688,0.0,567.5,562.760009765625,566.47998046875,0.0,37603400
2025-05-12,574.9015502929688,0.0,582.989990234375,0.0,583.0,577.0399780273438,581.469970703125,0.0,78993600
2025-05-13,578.6981811523438,0.0,586.8400268554688,0.0,589.0800170898438,582.8400268554688,583.4099731445312,0.0,67947200
2025-05-14,579.437744140625,0.0,587.5900268554688,0.0,588.97998046875,585.5399780273438,587.8099975585938,0.0,66283500
2025-05-15,582.2678833007812,0.0,590.4600219726562,0.0,590.969970703125,585.0999755859375,585.5599975585938,0.0,71268100
2025-05-16,585.9559936523438,0.0,594.2000122070312,0.0,594.5,589.280029296875,591.25,0.0,76052100
2025-05-19,586.596923828125,0.0,594.8499755859375,0.0,595.5399780273438,588.0999755859375,588.0999755859375,0.0,68168500
2025-05-20,584.6246948242188,0.0,592.8499755859375,0.0,594.0499877929688,589.5999755859375,593.0900268554688,0.0,60614500
2025-05-21,574.7733764648438,0.0,582.8599853515625,0.0,592.5800170898438,581.8200073242188,588.4400024414062,0.0,95197700
2025-05-22,575.0001831054688,0.0,583.0900268554688,0.0,586.6199951171875,581.4099731445312,582.6599731445312,0.0,70860400
2025-05-23,571.0753173828125,0.0,579.1099853515625,0.0,581.8099975585938,575.5999755859375,575.97998046875,0.0,76029000
2025-05-27,582.9483642578125,0.0,591.1500244140625,0.0,591.3099975585938,578.4299926757812,586.0700073242188,0.0,72588500
2025-05-28,579.5757446289062,0.0,587.72998046875,0.0,592.77001953125,586.989990234375,591.5599975585938,0.0,68445500
2025-05-29,581.8636474609375,0.0,590.0499877929688,0.0,593.2000122070312,586.0700073242188,593.0599975585938,0.0,69973300
2025-05-30,581.2127685546875,0.0,589.3900146484375,0.0,591.1300048828125,583.239990234375,588.9299926757812,0.0,90601200
2025-06-02,584.4866333007812,0.0,592.7100219726562,0.0,592.7899780273438,585.0599975585938,587.760009765625,0.0,61630500
2025-06-03,587.8197631835938,0.0,596.0900268554688,0.0,597.0800170898438,591.8499755859375,592.3400268554688,0.0,63606200
2025-06-04,587.6619873046875,0.0,595.9299926757812,0.0,597.9500122070312,595.489990234375,596.9600219726562,0.0,57314200
2025-06-05,584.8219604492188,0.0,593.0499877929688,0.0,599.0,591.0499877929688,597.6300048828125,0.0,92278700
2025-06-06,590.8274536132812,0.0,599.1400146484375,0.0,600.8300170898438,596.8599853515625,598.6599731445312,0.0,66588700
2025-06-09,591.3600463867188,0.0,599.6799926757812,0.0,601.25,598.489990234375,599.719970703125,0.0,53016400
2025-06-10,594.7127685546875,0.0,603.0800170898438,0.0,603.469970703125,599.0900268554688,600.219970703125,0.0,66247000
2025-06-11,593.0167236328125,0.0,601.3599853515625,0.0,605.0599975585938,599.27001953125,604.1900024414062,0.0,73658200
2025-06-12,595.3734741210938,0.0,603.75,0.0,603.75,599.52001953125,600.010009765625,0.0,64129000
2025-06-13,588.7171020507812,0.0,597.0,0.0,601.8499755859375,595.47998046875,598.5,0.0,89506000
2025-06-16,594.318359375,0.0,602.6799926757812,0.0,604.4500122070312,600.219970703125,600.4000244140625,0.0,79984100
2025-06-17,589.2399291992188,0.0,597.530029296875,0.0,601.75,596.760009765625,600.2100219726562,0.0,82209400
2025-06-18,589.1510620117188,0.0,597.4400024414062,0.0,601.219970703125,596.469970703125,598.4400024414062,0.0,76605000
2025-06-20,587.7673950195312,0.0,594.280029296875,1.761,599.4600219726562,592.8599853515625,598.3800048828125,0.0,94051400
2025-06-23,593.5730590820312,0.0,600.1500244140625,0.0,600.5399780273438,591.8900146484375,595.0399780273438,0.0,87426000
2025-06-24,600.1304321289062,0.0,606.780029296875,0.0,607.8499755859375,603.4099731445312,604.3300170898438,0.0,67735300
2025-06-25,600.4666137695312,0.0,607.1199951171875,0.0,608.6099853515625,605.5399780273438,607.9099731445312,0.0,62114800
2025-06-26,605.1646118164062,0.0,611.8699951171875,0.0,612.3099975585938,608.3699951171875,608.989990234375,0.0,78548400
2025-06-27,608.1712036132812,0.0,614.9099731445312,0.0,616.3900146484375,610.8300170898438,612.8800048828125,0.0,86258400
2025-06-30,611.0790405273438,0.0,617.8499755859375,0.0,619.219970703125,615.0399780273438,617.3800048828125,0.0,92502500
2025-07-01,610.8812866210938,0.0,617.6500244140625,0.0,618.8300170898438,615.52001953125,616.3599853515625,0.0,70030100
2025-07-02,613.650634765625,0.0,620.4500122070312,0.0,620.489990234375,616.6099853515625,617.239990234375,0.0,66510400
2025-07-03,618.4869995117188,0.0,625.3400268554688,0.0,626.280029296875,622.4299926757812,622.4500122070312,0.0,51065800
2025-07-07,613.8779907226562,0.0,620.6799926757812,0.0,624.030029296875,617.8699951171875,623.3599853515625,0.0,74814500
2025-07-08,613.5418090820312,0.0,620.3400268554688,0.0,622.1099853515625,619.52001953125,621.3499755859375,0.0,59024600
2025-07-09,617.2210083007812,0.0,624.0599975585938,0.0,624.719970703125,620.9099731445312,622.77001953125,0.0,66113300
2025-07-10,618.9617919921875,0.0,625.8200073242188,0.0,626.8699951171875,623.010009765625,624.2000122070312,0.0,57529000
2025-07-11,616.7858276367188,0.0,623.6199951171875,0.0,624.8599853515625,621.530029296875,622.739990234375,0.0,63670200
2025-07-14,617.9627685546875,0.0,624.8099975585938,0.0,625.1599731445312,621.7999877929688,623.1599731445312,0.0,51898500
2025-07-15,615.3220825195312,0.0,622.1400146484375,0.0,627.8599853515625,622.0599975585938,627.52001953125,0.0,74317300
2025-07-16,617.3792114257812,0.0,624.219970703125,0.0,624.72998046875,618.0499877929688,623.739990234375,0.0,88987500
2025-07-17,621.1573486328125,0.0,628.0399780273438,0.0,628.4000244140625,624.1799926757812,624.4000244140625,0.0,68885700
2025-07-18,620.7025146484375,0.0,627.5800170898438,0.0,629.469970703125,626.4600219726562,629.2999877929688,0.0,65621600
2025-07-21,621.87939453125,0.0,628.77001953125,0.0,631.5399780273438,628.3400268554688,628.77001953125,0.0,63375000
2025-07-22,621.9684448242188,0.0,628.8599853515625,0.0,629.72998046875,626.1900024414062,629.0999755859375,0.0,60046300
2025-07-23,627.259765625,0.0,634.2100219726562,0.0,634.2100219726562,629.72998046875,631.5499877929688,0.0,70511000
2025-07-24,627.4674682617188,0.0,634.4199829101562,0.0,636.1500244140625,633.989990234375,634.5999755859375,0.0,71307100
2025-07-25,630.1181030273438,0.0,637.0999755859375,0.0,637.5800170898438,634.8400268554688,635.0900268554688,0.0,56865400
2025-07-28,629.9598999023438,0.0,636.9400024414062,0.0,638.0399780273438,635.5399780273438,637.47998046875,0.0,54917100
2025-07-29,628.2982788085938,0.0,635.260009765625,0.0,638.6699829101562,634.3400268554688,638.3499755859375,0.0,60556300
2025-07-30,627.507080078125,0.0,634.4600219726562,0.0,637.6799926757812,631.5399780273438,635.9199829101562,0.0,80418900
2025-07-31,625.1531982421875,0.0,632.0800170898438,0.0,639.8499755859375,630.77001953125,639.4600219726562,0.0,103385200
2025-08-01,614.9066162109375,0.0,621.719970703125,0.0,626.3400268554688,619.2899780273438,626.2999877929688,0.0,140103600
2025-08-04,624.2530517578125,0.0,631.1699829101562,0.0,631.219970703125,625.5800170898438,625.6699829101562,0.0,73218000
2025-08-05,621.0880737304688,0.0,627.969970703125,0.0,632.6099853515625,627.0399780273438,631.7899780273438,0.0,68051400
2025-08-06,625.8455200195312,0.0,632.780029296875,0.0,633.4400024414062,628.1300048828125,629.0499877929688,0.0,64357500
2025-08-07,625.3212280273438,0.0,632.25,0.0,636.97998046875,629.1099853515625,636.239990234375,0.0,74205800
2025-08-08,630.1972045898438,0.0,637.1799926757812,0.0,637.6500244140625,633.739990234375,634.0599975585938,0.0,64051600
2025-08-11,628.9510498046875,0.0,635.9199829101562,0.0,638.9500122070312,634.6599731445312,637.4600219726562,0.0,58742300
2025-08-12,635.6468505859375,0.0,642.6900024414062,0.0,642.8499755859375,636.7899780273438,638.2899780273438,0.0,64730800
2025-08-13,637.8228149414062,0.0,644.8900146484375,0.0,646.1900024414062,642.6799926757812,644.9099731445312,0.0,60092800
2025-08-14,637.882080078125,0.0,644.9500122070312,0.0,645.6199951171875,642.3400268554688,642.7899780273438,0.0,59327500
2025-08-15,636.388671875,0.0,643.4400024414062,0.0,646.0900268554688,642.52001953125,645.989990234375,0.0,68592500
2025-08-18,636.2501220703125,0.0,643.2999877929688,0.0,644.0,642.1799926757812,642.8599853515625,0.0,43804900
2025-08-19,632.7984008789062,0.0,639.8099975585938,0.0,644.1099853515625,638.47998046875,643.1199951171875,0.0,69750700
2025-08-20,631.1170043945312,0.0,638.1099853515625,0.0,639.6599731445312,632.9500122070312,639.4000244140625,0.0,88890300
2025-08-21,628.5851440429688,0.0,635.5499877929688,0.0,637.969970703125,633.8099975585938,636.280029296875,0.0,54805800
2025-08-22,638.2381591796875,0.0,645.3099975585938,0.0,646.5,637.25,637.760009765625,0.0,84083200
2025-08-25,635.4292602539062,0.0,642.469970703125,0.0,645.2899780273438,642.3499755859375,644.0399780273438,0.0,51274300
2025-08-26,638.0897827148438,0.0,645.1599731445312,0.0,645.510009765625,641.5700073242188,642.2000122070312,0.0,51581600
2025-08-27,639.5436401367188,0.0,646.6300048828125,0.0,647.3699951171875,644.4199829101562,644.5700073242188,0.0,48341100
2025-08-28,641.8085327148438,0.0,648.9199829101562,0.0,649.47998046875,645.3400268554688,647.239990234375,0.0,61519500
2025-08-29,637.9810180664062,0.0,645.0499877929688,0.0,647.8400268554688,643.1400146484375,647.469970703125,0.0,74522200
2025-09-02,633.2533569335938,0.0,640.27001953125,0.0,640.489990234375,634.9199829101562,637.5,0.0,81983500
2025-09-03,636.6853637695312,0.0,643.739990234375,0.0,644.2100219726562,640.4600219726562,642.6699829101562,0.0,70820900
2025-09-04,642.00634765625,0.0,649.1199951171875,0.0,649.1500244140625,643.510009765625,644.4199829101562,0.0,65219200
2025-09-05,640.1470336914062,0.0,647.239990234375,0.0,652.2100219726562,643.3300170898438,651.47998046875,0.0,85178900
2025-09-08,641.7195434570312,0.0,648.8300170898438,0.0,649.8400268554688,647.22998046875,648.6199951171875,0.0,63133100
2025-09-09,643.2031860351562,0.0,650.3300170898438,0.0,650.8599853515625,647.219970703125,648.969970703125,0.0,66133900
2025-09-10,645.0625610351562,0.0,652.2100219726562,0.0,654.5499877929688,650.6300048828125,653.6199951171875,0.0,78034500
2025-09-11,650.423095703125,0.0,657.6300048828125,0.0,658.3300170898438,653.5900268554688,654.1799926757812,0.0,69934400
2025-09-12,650.20556640625,0.0,657.4099731445312,0.0,659.1099853515625,656.9000244140625,657.5999755859375,0.0,72780100
2025-09-15,653.6671752929688,0.0,660.9099731445312,0.0,661.0399780273438,659.3400268554688,659.6400146484375,0.0,63772400
2025-09-16,652.7671508789062,0.0,660.0,0.0,661.780029296875,659.2100219726562,661.469970703125,0.0,61169000
2025-09-17,651.9561157226562,0.0,659.1799926757812,0.0,661.719970703125,654.2999877929688,660.010009765625,0.0,101952200
2025-09-18,655.0023803710938,0.0,662.260009765625,0.0,664.8900146484375,660.27001953125,661.8900146484375,0.0,90459200
2025-09-19,658.2465209960938,0.0,663.7000122070312,1.831,664.5499877929688,660.3699951171875,662.3300170898438,0.0,97945600
2025-09-22,661.3607177734375,0.0,666.8400268554688,0.0,667.2899780273438,662.1699829101562,662.2000122070312,0.0,69452200
2025-09-23,657.7605590820312,0.0,663.2100219726562,0.0,667.3400268554688,661.97998046875,666.719970703125,0.0,81708900
2025-09-24,655.6677856445312,0.0,661.0999755859375,0.0,664.6099853515625,659.6699829101562,664.510009765625,0.0,68082200
2025-09-25,652.6429443359375,0.0,658.0499877929688,0.0,659.4099731445312,654.4099731445312,657.9400024414062,0.0,89622100
2025-09-26,656.3819580078125,0.0,661.8200073242188,0.0,662.3699951171875,657.8800048828125,659.510009765625,0.0,69179200
2025-09-29,658.2266845703125,0.0,663.6799926757812,0.0,665.280029296875,661.8599853515625,664.3599853515625,0.0,73499000
2025-09-30,660.7061157226562,0.0,666.1799926757812,0.0,666.6500244140625,661.6099853515625,662.9299926757812,0.0,86288000
2025-10-01,662.9574584960938,0.0,668.4500122070312,0.0,669.3699951171875,663.0599975585938,663.1699829101562,0.0,72545400
2025-10-02,663.7210693359375,0.0,669.219970703125,0.0,670.5700073242188,666.780029296875,670.4500122070312,0.0,56896000
2025-10-03,663.7112426757812,0.0,669.2100219726562,0.0,672.6799926757812,668.1599731445312,669.989990234375,0.0,70494400
2025-10-06,666.0914916992188,0.0,671.6099853515625,0.0,672.510009765625,669.4600219726562,671.6199951171875,0.0,54623300
2025-10-07,663.6219482421875,0.0,669.1199951171875,0.0,672.989990234375,667.6699829101562,672.5399780273438,0.0,72020100
2025-10-08,667.5791625976562,0.0,673.1099853515625,0.0,673.2100219726562,669.4199829101562,670.25,0.0,60702200
2025-10-09,665.6452026367188,0.0,671.1599731445312,0.0,673.9400024414062,669.2100219726562,673.530029296875,0.0,66501900
2025-10-10,647.6542358398438,0.0,653.02001953125,0.0,673.9500122070312,652.8400268554688,672.1300048828125,0.0,159422600
2025-10-13,657.5919189453125,0.0,663.0399780273438,0.0,665.1300048828125,659.77001953125,660.6500244140625,0.0,79560500
2025-10-14,656.78857421875,0.0,662.22998046875,0.0,665.8300170898438,653.1699829101562,657.1699829101562,0.0,88779600
2025-10-15,659.7044067382812,0.0,665.1699829101562,0.0,670.22998046875,658.9299926757812,666.8200073242188,0.0,81702600
2025-10-16,655.2117309570312,0.0,660.6400146484375,0.0,668.7100219726562,657.1099853515625,666.8200073242188,0.0,110563300
2025-10-17,658.9308471679688,0.0,664.3900146484375,0.0,665.760009765625,658.1400146484375,659.5,0.0,96500900
2025-10-20,665.7840576171875,0.0,671.2999877929688,0.0,672.2100219726562,667.27001953125,667.3200073242188,0.0,60493400
2025-10-21,665.7741088867188,0.0,671.2899780273438,0.0,672.989990234375,669.97998046875,671.4400024414062,0.0,56249000
2025-10-22,662.3128051757812,0.0,667.7999877929688,0.0,672.0,663.2999877929688,672.0,0.0,80564000
2025-10-23,666.2402954101562,0.0,671.760009765625,0.0,672.7100219726562,667.7999877929688,668.1199951171875,0.0,65604500
2025-10-24,671.6851806640625,0.0,677.25,0.0,678.469970703125,675.6500244140625,676.4600219726562,0.0,74356500
2025-10-27,679.6094970703125,0.0,685.239990234375,0.0,685.5399780273438,682.1199951171875,682.72998046875,0.0,63339800
2025-10-28,681.4144897460938,0.0,687.0599975585938,0.0,688.9099731445312,684.8300170898438,687.0499877929688,0.0,61738100
2025-10-29,681.7418823242188,0.0,687.3900146484375,0.0,689.7000122070312,682.8699951171875,688.719970703125,0.0,85657100
2025-10-30,674.2440185546875,0.0,679.8300170898438,0.0,685.9400024414062,679.8300170898438,683.9000244140625,0.0,76335800
2025-10-31,676.4556274414062,0.0,682.0599975585938,0.0,685.0800170898438,679.239990234375,685.0399780273438,0.0,87164100
2025-11-03,677.7251586914062,0.0,683.3400268554688,0.0,685.7999877929688,679.9400024414062,685.6699829101562,0.0,57315000
2025-11-04,669.6917114257812,0.0,675.239990234375,0.0,679.9600219726562,674.5800170898438,676.1099853515625,0.0,78427000
2025-11-05,672.012451171875,0.0,677.5800170898438,0.0,680.8599853515625,674.1699829101562,674.97998046875,0.0,74402400
2025-11-06,664.8021850585938,0.0,670.3099975585938,0.0,677.3800048828125,668.719970703125,676.469970703125,0.0,85035300
2025-11-07,665.4567260742188,0.0,670.969970703125,0.0,671.0800170898438,661.2100219726562,667.9099731445312,0.0,100592400
2025-11-10,675.8407592773438,0.0,681.4400024414062,0.0,682.1799926757812,675.030029296875,677.239990234375,0.0,75842900
2025-11-11,677.3878784179688,0.0,683.0,0.0,683.5700073242188,678.72998046875,679.9500122070312,0.0,58953400
2025-11-12,677.7647705078125,0.0,683.3800048828125,0.0,684.9600219726562,680.9500122070312,684.7899780273438,0.0,62312500
2025-11-13,666.5180053710938,0.0,672.0399780273438,0.0,680.8599853515625,670.52001953125,680.5,0.0,103457800
2025-11-14,666.4088745117188,0.0,671.9299926757812,0.0,675.6599731445312,663.27001953125,665.3800048828125,0.0,96846700
2025-11-17,660.2002563476562,0.0,665.6699829101562,0.0,673.7100219726562,662.1699829101562,669.7000122070312,0.0,90456100
2025-11-18,654.6561889648438,0.0,660.0800170898438,0.0,665.1199951171875,655.8599853515625,662.0999755859375,0.0,114467500
2025-11-19,657.185302734375,0.0,662.6300048828125,0.0,667.3400268554688,658.75,660.780029296875,0.0,94703000
2025-11-20,647.1683349609375,0.0,652.530029296875,0.0,675.5599975585938,651.8900146484375,672.9099731445312,0.0,165293500
2025-11-21,653.6148681640625,0.0,659.030029296875,0.0,664.5499877929688,650.8499755859375,655.0499877929688,0.0,123956200
2025-11-24,663.2351684570312,0.0,668.72998046875,0.0,670.0599975585938,661.5900268554688,662.6900024414062,0.0,80437900
2025-11-25,669.4734497070312,0.0,675.02001953125,0.0,676.2100219726562,664.47998046875,668.6300048828125,0.0,81077100
2025-11-26,674.09521484375,0.0,679.6799926757812,0.0,681.7000122070312,676.719970703125,677.6300048828125,0.0,71879600
2025-11-28,677.7747192382812,0.0,683.3900146484375,0.0,683.6699829101562,680.5,680.8599853515625,0.0,49212000
2025-12-01,674.6802978515625,0.0,680.27001953125,0.0,682.989990234375,678.739990234375,678.8099975585938,0.0,61201200
2025-12-02,675.9300537109375,0.0,681.530029296875,0.0,683.8200073242188,679.3300170898438,681.9199829101562,0.0,62953800
2025-12-03,678.2706298828125,0.0,683.8900146484375,0.0,684.9099731445312,679.6900024414062,680.5700073242188,0.0,57238500
2025-12-04,678.7665405273438,0.0,684.3900146484375,0.0,685.3699951171875,681.3400268554688,685.2999877929688,0.0,61970300
2025-12-05,680.0557861328125,0.0,685.6900024414062,0.0,688.3900146484375,684.5800170898438,685.469970703125,0.0,79241000
2025-12-08,678.0127563476562,0.0,683.6300048828125,0.0,686.6400146484375,681.5700073242188,686.5900268554688,0.0,55231500
2025-12-09,677.4276123046875,0.0,683.0399780273438,0.0,685.3900146484375,682.5900268554688,683.1500244140625,0.0,58310100
2025-12-10,681.92041015625,0.0,687.5700073242188,0.0,688.969970703125,681.3099975585938,682.5599975585938,0.0,85671300
2025-12-11,683.5072631835938,0.0,689.1699829101562,0.0,689.25,682.1699829101562,685.1400146484375,0.0,86173700
2025-12-12,676.1581420898438,0.0,681.760009765625,0.0,688.8800048828125,679.1699829101562,688.1699829101562,0.0,113160300
2025-12-15,675.1365356445312,0.0,680.72998046875,0.0,685.760009765625,679.25,685.739990234375,0.0,90811000
2025-12-16,673.2918701171875,0.0,678.8699951171875,0.0,681.0800170898438,674.97998046875,679.22998046875,0.0,122030600
2025-12-17,665.8832397460938,0.0,671.4000244140625,0.0,680.4400024414062,671.2000122070312,679.8900146484375,0.0,110625200
2025-12-18,670.9114990234375,0.0,676.469970703125,0.0,680.739990234375,674.9000244140625,677.5999755859375,0.0,108650100
2025-12-19,676.9923095703125,0.0,680.5900268554688,1.993,681.0900268554688,676.469970703125,676.5900268554688,0.0,103599500
2025-12-22,681.2098388671875,0.0,684.8300170898438,0.0,685.3599853515625,680.5900268554688,683.9400024414062,0.0,69556700
2025-12-23,684.3233032226562,0.0,687.9600219726562,0.0,688.2000122070312,683.8699951171875,683.9199829101562,0.0,64840000
2025-12-24,686.7305297851562,0.0,690.3800048828125,0.0,690.8300170898438,687.7999877929688,687.9500122070312,0.0,39445600
2025-12-26,686.660888671875,0.0,690.3099975585938,0.0,691.6599731445312,689.27001953125,690.6400146484375,0.0,41613300
2025-12-29,684.2138671875,0.0,687.8499755859375,0.0,689.2000122070312,686.0700073242188,687.5399780273438,0.0,62559500
2025-12-30,683.3782958984375,0.0,687.010009765625,0.0,688.5599975585938,686.5800170898438,687.4500122070312,0.0,47160700
2025-12-31,678.3152465820312,0.0,681.9199829101562,0.0,687.3599853515625,681.7100219726562,687.1400146484375,0.0,74144800
2026-01-02,679.55859375,0.0,683.1699829101562,0.0,686.8699951171875,679.8200073242188,685.7100219726562,0.0,89377200
2026-01-05,684.0845947265625,0.0,687.719970703125,0.0,689.4299926757812,686.3800048828125,686.5399780273438,0.0,71927200
2026-01-06,688.1529541015625,0.0,691.8099975585938,0.0,692.3200073242188,687.780029296875,687.9299926757812,0.0,69273800
2026-01-07,685.9347534179688,0.0,689.5800170898438,0.0,693.9600219726562,689.3200073242188,692.1900024414062,0.0,75588300
2026-01-08,685.8651123046875,0.0,689.510009765625,0.0,690.6199951171875,687.489990234375,688.8200073242188,0.0,64019200
2026-01-09,690.4010009765625,0.0,694.0700073242188,0.0,695.3099975585938,689.1799926757812,690.6300048828125,0.0,80125500
2026-01-12,691.4852294921875,0.0,695.1599731445312,0.0,696.0900268554688,690.6300048828125,690.6799926757812,0.0,63976000
2026-01-13,690.1026000976562,0.0,693.77001953125,0.0,696.0900268554688,691.3499755859375,695.489990234375,0.0,78309700
2026-01-14,686.7105712890625,0.0,690.3599853515625,0.0,691.719970703125,686.0399780273438,691.0,0.0,94676700
2026-01-15,688.5806884765625,0.0,692.239990234375,0.0,695.4500122070312,691.25,694.5700073242188,0.0,77862000
2026-01-16,688.0037231445312,0.0,691.6599731445312,0.0,694.25,690.0999755859375,693.6599731445312,0.0,79289200
2026-01-20,673.9981689453125,0.0,677.5800170898438,0.0,684.77001953125,676.5700073242188,681.489990234375,0.0,111623300
2026-01-21,681.77685546875,0.0,685.4000244140625,0.0,688.739990234375,678.1300048828125,679.6500244140625,0.0,127844500
2026-01-22,685.3379516601562,0.0,688.97998046875,0.0,691.1300048828125,686.9199829101562,689.8499755859375,0.0,77112200
2026-01-23,685.5865478515625,0.0,689.22998046875,0.0,690.9600219726562,687.1599731445312,688.1500244140625,0.0,63059600
2026-01-26,689.068115234375,0.0,692.72998046875,0.0,694.1300048828125,689.9199829101562,690.489990234375,0.0,60473800
2026-01-27,691.8134765625,0.0,695.489990234375,0.0,696.530029296875,693.5700073242188,694.1799926757812,0.0,55506100
2026-01-28,691.7438354492188,0.0,695.4199829101562,0.0,697.8400268554688,693.9400024414062,697.0499877929688,0.0,61172200
2026-01-29,690.3711547851562,0.0,694.0399780273438,0.0,697.0599975585938,684.8300170898438,696.3900146484375,0.0,97486200
2026-01-30,688.3121337890625,0.0,691.969970703125,0.0,694.2100219726562,687.1199951171875,691.7899780273438,0.0,101835100
2026-02-02,691.73388671875,0.0,695.4099731445312,0.0,696.9299926757812,689.4199829101562,689.5800170898438,0.0,79286500
2026-02-03,685.885009765625,0.0,689.530029296875,0.0,696.9600219726562,684.030029296875,696.2100219726562,0.0,107904600
2026-02-04,682.5626831054688,0.0,686.1900024414062,0.0,691.4500122070312,681.760009765625,690.3499755859375,0.0,105204600
2026-02-05,674.0379638671875,0.0,677.6199951171875,0.0,683.6900024414062,675.7899780273438,680.9400024414062,0.0,113610800
2026-02-06,686.96923828125,0.0,690.6199951171875,0.0,692.3099975585938,680.8499755859375,681.4600219726562,0.0,89127600
2026-02-09,690.2816162109375,0.0,693.9500122070312,0.0,695.8699951171875,688.3400268554688,689.4199829101562,0.0,73885200
2026-02-10,688.4613037109375,0.0,692.1199951171875,0.0,696.5399780273438,691.6599731445312,694.9500122070312,0.0,65185700
2026-02-11,688.3021850585938,0.0,691.9600219726562,0.0,697.1400146484375,689.1799926757812,696.3900146484375,0.0,76353900
2026-02-12,677.668701171875,0.0,681.27001953125,0.0,695.3499755859375,680.3699951171875,694.239990234375,0.0,118829000
2026-02-13,678.1461181640625,0.0,681.75,0.0,686.280029296875,677.52001953125,681.6900024414062,0.0,96267500
2026-02-17,679.2402954101562,0.0,682.8499755859375,0.0,684.9400024414062,675.780029296875,680.1400146484375,0.0,81354700
2026-02-18,682.662109375,0.0,686.2899780273438,0.0,689.1500244140625,682.8300170898438,684.02001953125,0.0,73570300
2026-02-19,680.8616943359375,0.0,684.47998046875,0.0,686.1799926757812,681.5499877929688,683.8400268554688,0.0,58649400
2026-02-20,685.7855834960938,0.0,689.4299926757812,0.0,690.0599975585938,681.72998046875,682.3200073242188,0.0,100034000
2026-02-23,678.7827758789062,0.0,682.3900146484375,0.0,690.0,680.3699951171875,687.8300170898438,0.0,90558100
2026-02-24,683.7164916992188,0.0,687.3499755859375,0.0,688.3499755859375,680.0,681.9000244140625,0.0,73798700
2026-02-25,689.4859008789062,0.0,693.1500244140625,0.0,693.6799926757812,690.0999755859375,690.1799926757812,0.0,56369500
2026-02-26,685.6561889648438,0.0,689.2999877929688,0.0,693.2999877929688,684.3499755859375,693.280029296875,0.0,71671000
2026-02-27,682.3637084960938,0.0,685.989990234375,0.0,686.8599853515625,681.6400146484375,683.0900268554688,0.0,83308900
2026-03-02,682.7516479492188,0.0,686.3800048828125,0.0,688.6199951171875,678.02001953125,678.7000122070312,0.0,87477200
2026-03-03,676.7337036132812,0.0,680.3300170898438,0.0,682.6099853515625,669.6599731445312,675.0599975585938,0.0,105003100
2026-03-04,681.50830078125,0.0,685.1300048828125,0.0,687.0900268554688,679.6199951171875,681.6300048828125,0.0,79182200
2026-03-05,677.7084350585938,0.0,681.3099975585938,0.0,685.530029296875,675.6099853515625,682.0800170898438,0.0,106606500
2026-03-06,668.8256225585938,0.0,672.3800048828125,0.0,676.1099853515625,669.760009765625,673.4099731445312,0.0,100687000
2026-03-09,674.6845092773438,0.0,678.27001953125,0.0,679.9199829101562,662.3900146484375,666.3900146484375,0.0,102667700
2026-03-10,673.6002807617188,0.0,677.1799926757812,0.0,683.3599853515625,674.760009765625,677.719970703125,0.0,81505300
2026-03-11,672.7548217773438,0.0,676.3300170898438,0.0,680.0800170898438,673.3400268554688,677.5800170898438,0.0,68441700
2026-03-12,662.5390625,0.0,666.0599975585938,0.0,671.6500244140625,665.8699951171875,671.1599731445312,0.0,108882200
2026-03-13,658.7890014648438,0.0,662.2899780273438,0.0,672.3400268554688,661.3599853515625,669.27001953125,0.0,97200200
2026-03-16,665.493408203125,0.0,669.030029296875,0.0,672.0700073242188,667.1199951171875,668.3800048828125,0.0,82023100
2026-03-17,667.2440185546875,0.0,670.7899780273438,0.0,674.4400024414062,669.7000122070312,672.3900146484375,0.0,87128000
2026-03-18,657.9335327148438,0.0,661.4299926757812,0.0,669.719970703125,661.1900024414062,668.3599853515625,0.0,82062600
2026-03-19,656.3121337890625,0.0,659.7999877929688,0.0,662.97998046875,655.1699829101562,656.969970703125,0.0,111272500
2026-03-20,646.9034423828125,0.0,648.5700073242188,1.797,656.6900024414062,644.719970703125,656.510009765625,0.0,163617500
2026-03-23,653.6959228515625,0.0,655.3800048828125,0.0,662.6199951171875,653.9400024414062,658.0700073242188,0.0,134802700
2026-03-24,651.5015869140625,0.0,653.1799926757812,0.0,657.030029296875,649.8800048828125,651.3200073242188,0.0,96457500
2026-03-25,655.1322021484375,0.0,656.8200073242188,0.0,660.8900146484375,654.239990234375,658.6699829101562,0.0,90653800
2026-03-26,643.432373046875,0.0,645.0900268554688,0.0,654.8499755859375,644.8200073242188,652.0599975585938,0.0,96494400
2026-03-27,632.4606323242188,0.0,634.0900268554688,0.0,642.6599731445312,633.1099853515625,642.5,0.0,103649400
2026-03-30,630.3460693359375,0.0,631.969970703125,0.0,640.3699951171875,629.280029296875,640.1099853515625,0.0,99275900
2026-03-31,648.6688842773438,0.0,650.3400268554688,0.0,651.5399780273438,637.97998046875,638.9400024414062,0.0,152534100
2026-04-01,653.5562744140625,0.0,655.239990234375,0.0,658.52001953125,653.0,653.9000244140625,0.0,97841500
2026-04-02,654.144775390625,0.0,655.8300170898438,0.0,658.2000122070312,645.1099853515625,646.4199829101562,0.0,68358700
2026-04-06,657.23681640625,0.0,658.9299926757812,0.0,659.719970703125,655.52001953125,655.8599853515625,0.0,39105800
2026-04-07,657.5260009765625,0.0,659.219970703125,0.0,659.6099853515625,651.0599975585938,656.6500244140625,0.0,69980400
2026-04-08,674.27294921875,0.0,676.010009765625,0.0,677.0800170898438,671.4600219726562,676.3900146484375,0.0,93606100
2026-04-09,678.162841796875,0.0,679.9099731445312,0.0,681.1599731445312,673.77001953125,674.8400268554688,0.0,57134400
2026-04-10,677.7140502929688,0.0,679.4600219726562,0.0,682.030029296875,678.4500122070312,681.3200073242188,0.0,42253500
2026-04-13,684.3369750976562,0.0,686.0999755859375,0.0,686.2999877929688,676.5800170898438,677.4099731445312,0.0,54185800
2026-04-14,692.675537109375,0.0,694.4600219726562,0.0,694.5800170898438,687.6599731445312,687.6900024414062,0.0,63480500
2026-04-15,698.1414184570312,0.0,699.9400024414062,0.0,700.280029296875,694.2000122070312,695.260009765625,0.0,58240400
2026-04-16,699.8569946289062,0.0,701.6599731445312,0.0,702.780029296875,698.530029296875,701.0599975585938,0.0,49972400
2026-04-17,708.3152465820312,0.0,710.1400146484375,0.0,712.3900146484375,705.760009765625,706.1400146484375,0.0,70661900
2026-04-20,706.8988037109375,0.0,708.719970703125,0.0,709.9099731445312,706.1400146484375,708.780029296875,0.0,43546800
2026-04-21,702.2708129882812,0.0,704.0800170898438,0.0,711.280029296875,702.6400146484375,710.280029296875,0.0,58941400
2026-04-22,709.3825073242188,0.0,711.2100219726562,0.0,711.4500122070312,708.219970703125,709.1500244140625,0.0,42518500
2026-04-23,706.6295776367188,0.0,708.4500122070312,0.0,712.3599853515625,702.280029296875,709.5,0.0,56174000
2026-04-24,712.10546875,0.0,713.9400024414062,0.0,714.469970703125,709.010009765625,710.75,0.0,45182000
2026-04-27,713.332275390625,0.0,715.1699829101562,0.0,715.6300048828125,712.2999877929688,713.1699829101562,0.0,33135900
2026-04-28,709.8612060546875,0.0,711.6900024414062,0.0,712.8800048828125,709.25,711.8200073242188,0.0,43117400
2026-04-29,709.7515258789062,0.0,711.5800170898438,0.0,712.2000122070312,708.3699951171875,711.0,0.0,41859200
2026-04-30,716.8132934570312,0.0,718.6599731445312,0.0,719.7899780273438,710.4500122070312,714.6300048828125,0.0,67240900
2026-05-01,718.7982177734375,0.0,720.6500244140625,0.0,724.8699951171875,720.469970703125,721.25,0.0,43049800
2026-05-04,716.1649780273438,0.0,718.010009765625,0.0,722.1199951171875,714.989990234375,720.0700073242188,0.0,51950600
2026-05-05,721.9102172851562,0.0,723.77001953125,0.0,725.0399780273438,721.489990234375,721.77001953125,0.0,36933200
2026-05-06,731.9443359375,0.0,733.8300170898438,0.0,734.5900268554688,727.8200073242188,728.1599731445312,0.0,53288900
2026-05-07,729.7001342773438,0.0,731.5800170898438,0.0,736.1300048828125,729.75,735.0499877929688,0.0,51724600
2026-05-08,735.724609375,0.0,737.6199951171875,0.0,738.0800170898438,734.5700073242188,734.9299926757812,0.0,47227100
2026-05-11,737.4002685546875,0.0,739.2999877929688,0.0,740.7899780273438,736.4500122070312,736.4500122070312,0.0,44024000
2026-05-12,736.2831420898438,0.0,738.1799926757812,0.0,738.8400268554688,731.8300170898438,736.8900146484375,0.0,54185300
2026-05-13,740.4025268554688,0.0,742.3099975585938,0.0,743.9099731445312,735.469970703125,738.469970703125,0.0,44200200
2026-05-14,746.2474975585938,0.0,748.1699829101562,0.0,749.530029296875,743.5599975585938,743.6500244140625,0.0,45307600
2026-05-15,737.2706298828125,0.0,739.1699829101562,0.0,743.4600219726562,737.9600219726562,741.7899780273438,0.0,60410800
2026-05-18,736.751953125,0.0,738.6500244140625,0.0,741.4199829101562,733.3900146484375,739.8300170898438,0.0,47843900
2026-05-19,731.8446044921875,0.0,733.72998046875,0.0,737.6500244140625,731.530029296875,734.780029296875,0.0,54255900
2026-05-20,739.3452758789062,0.0,741.25,0.0,741.8699951171875,733.8900146484375,735.7100219726562,0.0,45768000
2026-05-21,740.8114624023438,0.0,742.719970703125,0.0,744.8699951171875,737.030029296875,738.6400146484375,0.0,43332200
2026-05-22,743.7239990234375,0.0,745.6400146484375,0.0,748.9400024414062,744.47998046875,746.239990234375,0.0,41762000
2026-05-26,748.6613159179688,0.0,750.5900268554688,0.0,752.1300048828125,748.3699951171875,750.010009765625,0.0,41123600
2026-05-27,748.5316162109375,0.0,750.4600219726562,0.0,751.3800048828125,748.219970703125,750.8800048828125,0.0,42106300
2026-05-28,752.6609497070312,0.0,754.5999755859375,0.0,755.1500244140625,749.22998046875,750.25,0.0,41562600
2026-05-29,754.5361328125,0.0,756.47998046875,0.0,758.0800170898438,754.6900024414062,755.9000244140625,0.0,55075700
2026-06-01,756.5908203125,0.0,758.5399780273438,0.0,760.280029296875,754.6900024414062,755.3599853515625,0.0,43634900
2026-06-02,757.6182250976562,0.0,759.5700073242188,0.0,760.4000244140625,756.75,757.030029296875,0.0,31581900
2026-06-03,752.3018798828125,0.0,754.239990234375,0.0,758.7999877929688,753.5700073242188,758.1500244140625,0.0,51402500
2026-06-04,755.1445922851562,0.0,757.0900268554688,0.0,758.3099975585938,751.469970703125,752.0999755859375,0.0,49923000
2026-06-05,735.65478515625,0.0,737.5499877929688,0.0,752.8200073242188,735.530029296875,752.3099975585938,0.0,93989400
2026-06-08,737.3204345703125,0.0,739.219970703125,0.0,745.3400268554688,738.1900024414062,743.3599853515625,0.0,49319100
2026-06-09,735.1560668945312,0.0,737.0499877929688,0.0,746.9000244140625,722.5900268554688,743.6300048828125,0.0,87683500
2026-06-10,723.56591796875,0.0,725.4299926757812,0.0,738.3800048828125,725.3300170898438,733.3900146484375,0.0,60341300
2026-06-11,735.8642578125,0.0,737.760009765625,0.0,740.0,724.4099731445312,728.760009765625,0.0,86330500
2026-06-12,739.843994140625,0.0,741.75,0.0,744.4400024414062,735.030029296875,740.7100219726562,0.0,57079500
2026-06-15,752.890380859375,0.0,754.8300170898438,0.0,756.6799926757812,751.760009765625,751.8499755859375,0.0,60176400
2026-06-16,748.4019775390625,0.0,750.3300170898438,0.0,755.4400024414062,749.8800048828125,754.5499877929688,0.0,67093100
2026-06-17,739.0560302734375,0.0,740.9600219726562,0.0,752.1500244140625,739.219970703125,751.2899780273438,0.0,85945200
2026-06-18,746.739990234375,0.0,746.739990234375,1.904,748.22998046875,743.8599853515625,747.760009765625,0.0,80875700
2026-06-22,744.3900146484375,0.0,744.3900146484375,0.0,750.1799926757812,743.1300048828125,747.7000122070312,0.0,46628100
2026-06-23,733.5800170898438,0.0,733.5800170898438,0.0,739.6300048828125,732.2999877929688,733.8099975585938,0.0,66846800
2026-06-24,733.239990234375,0.0,733.239990234375,0.0,739.9500122070312,730.8400268554688,735.1699829101562,0.0,57439500
2026-06-25,734.2999877929688,0.0,734.2999877929688,0.0,739.3699951171875,729.5999755859375,738.9099731445312,0.0,53934400
2026-06-26,728.989990234375,0.0,728.989990234375,0.0,736.530029296875,716.5800170898438,728.9500122070312,0.0,71034000
2026-06-29,741.0,0.0,741.0,0.0,741.5599975585938,732.0900268554688,736.530029296875,0.0,58035200
2026-06-30,746.77001953125,0.0,746.77001953125,0.0,748.02001953125,740.8900146484375,741.2899780273438,0.0,55626000
2026-07-01,745.760009765625,0.0,745.760009765625,0.0,749.4400024414062,742.3800048828125,745.0,0.0,47100900
2026-07-02,744.780029296875,0.0,744.780029296875,0.0,751.3099975585938,740.030029296875,747.4000244140625,0.0,57447800
2026-07-06,751.280029296875,0.0,751.280029296875,0.0,752.4099731445312,747.4099731445312,748.739990234375,0.0,50673300
2026-07-07,747.7100219726562,0.0,747.7100219726562,0.0,750.9600219726562,745.2100219726562,750.219970703125,0.0,43721500
2026-07-08,745.4000244140625,0.0,745.4000244140625,0.0,746.1500244140625,739.510009765625,743.1599731445312,0.0,43767400
2026-07-09,751.7100219726562,0.0,751.7100219726562,0.0,751.969970703125,745.5900268554688,747.3499755859375,0.0,41441700
2026-07-10,754.9500122070312,0.0,754.9500122070312,0.0,755.4199829101562,748.0999755859375,752.0499877929688,0.0,42191300
2026-07-13,749.1699829101562,0.0,749.1699829101562,0.0,753.9099731445312,748.0,752.469970703125,0.0,44013600
2026-07-14,751.8300170898438,0.0,751.8300170898438,0.0,753.3400268554688,748.6599731445312,750.9099731445312,0.0,35143100
2026-07-15,754.8099975585938,0.0,754.8099975585938,0.0,755.5800170898438,750.2000122070312,754.239990234375,0.0,43844800
2026-07-16,750.719970703125,0.0,750.719970703125,0.0,754.5700073242188,747.8800048828125,752.760009765625,0.0,46409800
2026-07-17,743.2899780273438,0.0,743.2899780273438,0.0,747.2899780273438,740.7999877929688,742.0800170898438,0.0,62651000
2026-07-20,742.0900268554688,0.0,742.0900268554688,0.0,748.72998046875,741.510009765625,747.0599975585938,0.0,50422300
2026-07-21,748.280029296875,0.0,748.280029296875,0.0,749.0399780273438,744.1799926757812,746.2899780273438,0.0,34324300
2026-07-22,747.4099731445312,0.0,747.4099731445312,0.0,750.02001953125,746.3699951171875,746.6199951171875,0.0,32836200
2026-07-23,738.1799926757812,0.0,738.1799926757812,0.0,742.5599975585938,735.2100219726562,739.3699951171875,0.0,55437300
2026-07-24,738.9299926757812,0.0,738.9299926757812,0.0,743.719970703125,737.2899780273438,738.510009765625,0.0,44782000
2026-07-27,739.0900268554688,0.0,739.0900268554688,0.0,745.530029296875,735.8699951171875,744.9099731445312,0.0,41461200
2026-07-28,740.8599853515625,0.0,740.8599853515625,0.0,742.7899780273438,735.97998046875,739.1900024414062,0.0,47322200
2026-07-29,729.4600219726562,0.0,729.4600219726562,0.0,742.6799926757812,729.0999755859375,739.969970703125,0.0,70697200
2026-07-30,741.6900024414062,0.0,741.6900024414062,0.0,742.4500122070312,734.5900268554688,736.0499877929688,0.0,66811300
2026-07-31,747.030029296875,0.0,747.030029296875,0.0,748.9000244140625,737.6799926757812,744.6799926757812,0.0,62445900
2026-08-03,757.6699829101562,0.0,757.6699829101562,0.0,758.5800170898438,748.7999877929688,749.4400024414062,0.0,59927500
2026-08-04,771.3300170898438,0.0,771.3300170898438,0.0,773.4099731445312,760.52001953125,760.6300048828125,0.0,69154800
2026-08-05,769.7899780273438,0.0,769.7899780273438,0.0,776.8499755859375,769.510009765625,775.8499755859375,0.0,44689100
2026-08-06,768.5599975585938,0.0,768.5599975585938,0.0,771.8200073242188,767.4600219726562,770.2100219726562,0.0,38416900
2026-08-07,773.260009765625,0.0,773.260009765625,0.0,773.9199829101562,769.6099853515625,771.02001953125,0.0,43586300
2026-08-10,773.030029296875,0.0,773.030029296875,0.0,775.0499877929688,771.6199951171875,772.5999755859375,0.0,39249500
2026-08-11,770.5599975585938,0.0,770.5599975585938,0.0,774.6099853515625,769.2000122070312,774.530029296875,0.0,36740600
2026-08-12,772.489990234375,0.0,772.489990234375,0.0,774.9000244140625,771.280029296875,774.7100219726562,0.0,33179100
2026-08-13,777.8800048828125,0.0,777.8800048828125,0.0,779.3699951171875,774.1099853515625,774.8699951171875,0.0,35634500
2026-08-14,776.3400268554688,0.0,776.3400268554688,0.0,778.7999877929688,775.4299926757812,778.5399780273438,0.0,31367900
2026-08-17,772.6699829101562,0.0,772.6699829101562,0.0,776.780029296875,772.510009765625,776.1799926757812,0.0,34356600
2026-08-18,767.4500122070312,0.0,767.4500122070312,0.0,769.5,766.9199829101562,768.7000122070312,0.0,43920900
2026-08-19,769.0599975585938,0.0,769.0599975585938,0.0,772.469970703125,768.0999755859375,770.3599853515625,0.0,40306000
2026-08-20,762.5999755859375,0.0,762.5999755859375,0.0,768.1500244140625,762.0399780273438,765.9600219726562,0.0,45520300
2026-08-21,765.719970703125,0.0,765.719970703125,0.0,767.8499755859375,764.1699829101562,766.0499877929688,0.0,39188700
2026-08-24,763.469970703125,0.0,763.469970703125,0.0,765.219970703125,762.0800170898438,764.780029296875,0.0,32430900
2026-08-25,765.9099731445312,0.0,765.9099731445312,0.0,766.780029296875,763.0499877929688,766.1599731445312,0.0,27422300
2026-08-26,766.0800170898438,0.0,766.0800170898438,0.0,767.3499755859375,763.9299926757812,764.72998046875,0.0,28751600
2026-08-27,771.0999755859375,0.0,771.0999755859375,0.0,772.3599853515625,767.1599731445312,768.5,0.0,34557100
2026-08-28,769.3499755859375,0.0,769.3499755859375,0.0,775.2999877929688,768.3099975585938,771.760009765625,0.0,36744300
